seed,opponent,seat,day,opening_cash,closing_cash,available_actions,attempted_actions,moves,changed_actions,no_change_nonpass,pass_actions,HIRE::cash,HIRE::units,BUY_PRODUCT:WHEAT:cash,BUY_PRODUCT:WHEAT:units,BUY_SEED:MELON:cash,BUY_SEED:MELON:units,BUY_SEED:WHEAT:cash,BUY_SEED:WHEAT:units,BUY_ANIMAL:COW:cash,BUY_ANIMAL:COW:units,SELL:WHEAT:cash,SELL:WHEAT:units,NW:WEST::attempts,NW:WEST::changed,NW:BUILD_PASTURE::attempts,NW:BUILD_PASTURE::changed,NW:NORTH::attempts,NW:NORTH::changed,NE:NORTH::attempts,NE:NORTH::changed,SW:NORTH::attempts,SW:NORTH::changed,SE:NORTH::attempts,SE:NORTH::changed,NW:EAST::attempts,NW:EAST::changed,NE:WEST::attempts,NE:WEST::changed,NW:PICKUP::attempts,NW:PICKUP::changed,NW:SOUTH::attempts,NW:SOUTH::changed,NW:PLANT:WHEAT:attempts,NW:PLANT:WHEAT:changed,NW:PLACE::attempts,NW:PLACE::changed,NW:WATER:WHEAT:attempts,NW:WATER:WHEAT:changed,NW:WEST:WHEAT:attempts,NW:WEST:WHEAT:changed,NW:EAST:COW:attempts,NW:EAST:COW:changed,NW:SOUTH:WHEAT:attempts,NW:SOUTH:WHEAT:changed,NW:NORTH:WHEAT:attempts,NW:NORTH:WHEAT:changed,NW:PLANT:MELON:attempts,NW:PLANT:MELON:changed,NW:WATER:MELON:attempts,NW:WATER:MELON:changed,NW:CARE:COW:attempts,NW:CARE:COW:changed,NW:WEST:MELON:attempts,NW:WEST:MELON:changed,NW:FEED:COW:attempts,NW:FEED:COW:changed,NW:NORTH:COW:attempts,NW:NORTH:COW:changed,NW:NORTH:MELON:attempts,NW:NORTH:MELON:changed,NW:PASS:MELON:attempts,NW:PASS::attempts,mean_tiles:NW:animal:COW,mean_tiles:NW:yield_units:MELON,mean_tiles:NW:yield_present:WHEAT,mean_tiles:NW:yield_units:WHEAT,mean_tiles:NW:yield_present:MELON,mean_tiles:NW:other:PASTURE,mean_tiles:NW:unfed,mean_tiles:NW:crop:MELON,mean_tiles:NW:unwatered,mean_tiles:NW:crop:WHEAT,mean_tiles:NW:empty,pre_refresh:NW:empty,pre_refresh:NW:crop:MELON,pre_refresh:NW:yield_present:MELON,pre_refresh:NW:yield_units:MELON,pre_refresh:NW:crop:WHEAT,pre_refresh:NW:yield_present:WHEAT,pre_refresh:NW:yield_units:WHEAT,pre_refresh:NW:animal:COW,NW:COLLECT_FERTILIZER:COW:attempts,NW:COLLECT_FERTILIZER:COW:changed,NW:WEST:COW:attempts,NW:WEST:COW:changed,NW:SOUTH:MELON:attempts,NW:SOUTH:MELON:changed,NW:EAST:MELON:attempts,NW:EAST:MELON:changed,NW:EAST:WHEAT:attempts,NW:EAST:WHEAT:changed,NW:PASS:WHEAT:attempts,BUY_SEED:CARROT:cash,BUY_SEED:CARROT:units,BUY_SEED:TOMATO:cash,BUY_SEED:TOMATO:units,SELL:FERTILIZER:cash,SELL:FERTILIZER:units,mean_tiles:NW:mature:WHEAT,mean_tiles:NW:mature_units:WHEAT,pre_refresh:NW:mature:WHEAT,pre_refresh:NW:mature_units:WHEAT,NW:PLANT:TOMATO:attempts,NW:PLANT:TOMATO:changed,NW:WEST:TOMATO:attempts,NW:WEST:TOMATO:changed,NW:WATER:TOMATO:attempts,NW:WATER:TOMATO:changed,NW:NORTH:TOMATO:attempts,NW:NORTH:TOMATO:changed,NW:SOUTH:COW:attempts,NW:SOUTH:COW:changed,mean_tiles:NW:crop:TOMATO,pre_refresh:NW:crop:TOMATO,NW:PICKUP:TOMATO:attempts,NW:PICKUP:TOMATO:changed,NW:HARVEST:WHEAT:attempts,NW:HARVEST:WHEAT:changed,NW:harvest_units:WHEAT,pre_refresh:NW:unwatered,LAND::cash,LAND::units,BUY_SEED:STRAWBERRY:cash,BUY_SEED:STRAWBERRY:units,NW:PASS:TOMATO:attempts,mean_tiles:NE:empty,pre_refresh:NW:other:PASTURE,pre_refresh:NE:empty,NE:PLANT:CARROT:attempts,NE:PLANT:CARROT:changed,NE:WEST:CARROT:attempts,NE:WEST:CARROT:changed,NE:WATER:CARROT:attempts,NE:WATER:CARROT:changed,NE:EAST:CARROT:attempts,NE:EAST:CARROT:changed,NE:NORTH:CARROT:attempts,NE:NORTH:CARROT:changed,NE:PLANT:WHEAT:attempts,NE:PLANT:WHEAT:changed,NE:PLANT:TOMATO:attempts,NE:PLANT:TOMATO:changed,NE:EAST:WHEAT:attempts,NE:EAST:WHEAT:changed,NE:WATER:WHEAT:attempts,NE:WATER:WHEAT:changed,NE:WATER:TOMATO:attempts,NE:WATER:TOMATO:changed,NE:NORTH:WHEAT:attempts,NE:NORTH:WHEAT:changed,NE:NORTH:TOMATO:attempts,NE:NORTH:TOMATO:changed,NE:EAST:TOMATO:attempts,NE:EAST:TOMATO:changed,NE:PLANT:STRAWBERRY:attempts,NE:PLANT:STRAWBERRY:changed,NE:WATER:STRAWBERRY:attempts,NE:WATER:STRAWBERRY:changed,NE:EAST:STRAWBERRY:attempts,NE:EAST:STRAWBERRY:changed,NE:SOUTH:STRAWBERRY:attempts,NE:SOUTH:STRAWBERRY:changed,NE:EAST::attempts,NE:EAST::changed,NE:PASS::attempts,NE:PASS:CARROT:attempts,NE:PASS:WHEAT:attempts,NW:PASS:COW:attempts,mean_tiles:NE:unwatered,mean_tiles:NE:crop:WHEAT,mean_tiles:NE:yield_units:CARROT,mean_tiles:NE:yield_present:CARROT,mean_tiles:NE:crop:CARROT,mean_tiles:NE:crop:TOMATO,mean_tiles:NE:yield_present:WHEAT,mean_tiles:NE:crop:STRAWBERRY,mean_tiles:NE:yield_units:WHEAT,pre_refresh:NE:crop:STRAWBERRY,pre_refresh:NE:crop:TOMATO,pre_refresh:NE:crop:WHEAT,pre_refresh:NE:yield_present:WHEAT,pre_refresh:NE:yield_units:WHEAT,pre_refresh:NE:crop:CARROT,pre_refresh:NE:yield_present:CARROT,pre_refresh:NE:yield_units:CARROT,NW:EAST:TOMATO:attempts,NW:EAST:TOMATO:changed,NE:SOUTH:WHEAT:attempts,NE:SOUTH:WHEAT:changed,NE:SOUTH:CARROT:attempts,NE:SOUTH:CARROT:changed,NE:WEST:WHEAT:attempts,NE:WEST:WHEAT:changed,NE:WEST:TOMATO:attempts,NE:WEST:TOMATO:changed,NE:WEST:STRAWBERRY:attempts,NE:WEST:STRAWBERRY:changed,NE:SOUTH:TOMATO:attempts,NE:SOUTH:TOMATO:changed,pre_refresh:NE:unwatered,NW:HARVEST:COW:attempts,NW:HARVEST:COW:changed,NW:harvest_units:MILK,NW:WATER::attempts,mean_tiles:NE:mature_units:WHEAT,mean_tiles:NE:mature:WHEAT,mean_tiles:NE:mature_units:CARROT,mean_tiles:NE:mature:CARROT,pre_refresh:NE:mature:WHEAT,pre_refresh:NE:mature_units:WHEAT,pre_refresh:NE:mature:CARROT,pre_refresh:NE:mature_units:CARROT,SELL:MILK:cash,SELL:MILK:units,BUY_ANIMAL:SHEEP:cash,BUY_ANIMAL:SHEEP:units,NE:HARVEST:CARROT:attempts,NE:HARVEST:CARROT:changed,NE:harvest_units:CARROT,NE:BUILD_PASTURE::attempts,NE:BUILD_PASTURE::changed,NE:SOUTH::attempts,NE:SOUTH::changed,NE:NORTH:STRAWBERRY:attempts,NE:NORTH:STRAWBERRY:changed,mean_tiles:NE:other:PASTURE,pre_refresh:NE:other:PASTURE,SELL:CARROT:cash,SELL:CARROT:units,NW:HARVEST:MELON:attempts,NW:HARVEST:MELON:changed,NW:harvest_units:MELON,NE:HARVEST:WHEAT:attempts,NE:HARVEST:WHEAT:changed,NE:harvest_units:WHEAT,NW:PLANT:CARROT:attempts,NW:PLANT:CARROT:changed,NW:WATER:CARROT:attempts,NW:WATER:CARROT:changed,NW:WEST:CARROT:attempts,NW:WEST:CARROT:changed,NW:FERTILIZE:TOMATO:attempts,NW:FERTILIZE:TOMATO:changed,NW:CARE:SHEEP:attempts,NW:CARE:SHEEP:changed,NW:SOUTH:SHEEP:attempts,NW:SOUTH:SHEEP:changed,NW:EAST:SHEEP:attempts,NW:EAST:SHEEP:changed,NW:FEED:SHEEP:attempts,NW:FEED:SHEEP:changed,NW:NORTH:SHEEP:attempts,NW:NORTH:SHEEP:changed,mean_tiles:NW:yield_units:CARROT,mean_tiles:NW:mature_units:MELON,mean_tiles:NW:mature:MELON,mean_tiles:NW:crop:CARROT,mean_tiles:NW:yield_present:CARROT,mean_tiles:NW:animal:SHEEP,pre_refresh:NW:unfed,pre_refresh:NW:mature:MELON,pre_refresh:NW:mature_units:MELON,pre_refresh:NW:crop:CARROT,pre_refresh:NW:yield_present:CARROT,pre_refresh:NW:yield_units:CARROT,pre_refresh:NW:animal:SHEEP,SELL:MELON:cash,SELL:MELON:units,NW:COLLECT_FERTILIZER:SHEEP:attempts,NW:COLLECT_FERTILIZER:SHEEP:changed,NW:EAST:CARROT:attempts,NW:EAST:CARROT:changed,NW:WEST:SHEEP:attempts,NW:WEST:SHEEP:changed,NE:PLACE::attempts,NE:PLACE::changed,NE:WEST:SHEEP:attempts,NE:WEST:SHEEP:changed,NE:CARE:SHEEP:attempts,NE:CARE:SHEEP:changed,NE:SOUTH:SHEEP:attempts,NE:SOUTH:SHEEP:changed,NE:SOUTH:COW:attempts,NE:SOUTH:COW:changed,NE:NORTH:COW:attempts,NE:NORTH:COW:changed,NW:HARVEST:TOMATO:attempts,NW:HARVEST:TOMATO:changed,NW:harvest_units:TOMATO,mean_tiles:NE:animal:SHEEP,mean_tiles:NE:unfed,mean_tiles:NW:yield_units:TOMATO,mean_tiles:NW:mature_units:TOMATO,mean_tiles:NW:mature:TOMATO,mean_tiles:NE:animal:COW,mean_tiles:NW:yield_present:TOMATO,pre_refresh:NE:animal:SHEEP,pre_refresh:NE:unfed,pre_refresh:NE:animal:COW,pre_refresh:NW:yield_present:TOMATO,pre_refresh:NW:yield_units:TOMATO,pre_refresh:NW:mature:TOMATO,pre_refresh:NW:mature_units:TOMATO,SELL:TOMATO:cash,SELL:TOMATO:units,DISCARD:WHEAT:cash,DISCARD:WHEAT:units,DISCARD:CARROT:cash,DISCARD:CARROT:units,DISCARD:MILK:cash,DISCARD:MILK:units,DISCARD:FERTILIZER:cash,DISCARD:FERTILIZER:units,NE:PICKUP:STRAWBERRY:attempts,NE:PICKUP:STRAWBERRY:changed,NE:NORTH:SHEEP:attempts,NE:NORTH:SHEEP:changed,NE:COLLECT_FERTILIZER:COW:attempts,NE:COLLECT_FERTILIZER:COW:changed,NE:EAST:COW:attempts,NE:EAST:COW:changed,NE:COLLECT_FERTILIZER:SHEEP:attempts,NE:COLLECT_FERTILIZER:SHEEP:changed,NE:EAST:SHEEP:attempts,NE:EAST:SHEEP:changed,NE:FEED:SHEEP:attempts,NE:FEED:SHEEP:changed,NE:FEED:COW:attempts,NE:FEED:COW:changed,NW:PLANT:STRAWBERRY:attempts,NW:PLANT:STRAWBERRY:changed,NE:CARE:COW:attempts,NE:CARE:COW:changed,NE:WEST:COW:attempts,NE:WEST:COW:changed,NW:WATER:STRAWBERRY:attempts,NW:WATER:STRAWBERRY:changed,NW:NORTH:STRAWBERRY:attempts,NW:NORTH:STRAWBERRY:changed,NW:WEST:STRAWBERRY:attempts,NW:WEST:STRAWBERRY:changed,NW:SOUTH:STRAWBERRY:attempts,NW:SOUTH:STRAWBERRY:changed,NW:SOUTH:CARROT:attempts,NW:SOUTH:CARROT:changed,mean_tiles:NW:mature_units:CARROT,mean_tiles:NW:crop:STRAWBERRY,mean_tiles:NW:mature:CARROT,pre_refresh:NW:mature:CARROT,pre_refresh:NW:mature_units:CARROT,pre_refresh:NW:crop:STRAWBERRY,SW:PICKUP::attempts,SW:PICKUP::changed,NW:EAST:STRAWBERRY:attempts,NW:EAST:STRAWBERRY:changed,NW:HARVEST:CARROT:attempts,NW:HARVEST:CARROT:changed,NW:harvest_units:CARROT,NW:PLACE:TOMATO:attempts,NW:PLACE:TOMATO:changed,NW:SOUTH:TOMATO:attempts,NW:SOUTH:TOMATO:changed,NE:PLANT:MELON:attempts,NE:PLANT:MELON:changed,NE:EAST:MELON:attempts,NE:EAST:MELON:changed,NE:WATER:MELON:attempts,NE:WATER:MELON:changed,NE:FERTILIZE:TOMATO:attempts,NE:FERTILIZE:TOMATO:changed,NE:NORTH:MELON:attempts,NE:NORTH:MELON:changed,NE:SOUTH:MELON:attempts,NE:SOUTH:MELON:changed,NE:WEST:MELON:attempts,NE:WEST:MELON:changed,NW:PASS:SHEEP:attempts,mean_tiles:NE:yield_present:MELON,mean_tiles:NE:mature_units:TOMATO,mean_tiles:NE:yield_units:MELON,mean_tiles:NE:crop:MELON,mean_tiles:NE:yield_present:TOMATO,mean_tiles:NE:yield_units:TOMATO,mean_tiles:NE:mature:TOMATO,pre_refresh:NE:yield_present:TOMATO,pre_refresh:NE:yield_units:TOMATO,pre_refresh:NE:mature:TOMATO,pre_refresh:NE:mature_units:TOMATO,pre_refresh:NE:crop:MELON,pre_refresh:NE:yield_present:MELON,pre_refresh:NE:yield_units:MELON,NE:HARVEST:TOMATO:attempts,NE:HARVEST:TOMATO:changed,NE:harvest_units:TOMATO,NE:FERTILIZE:STRAWBERRY:attempts,NE:FERTILIZE:STRAWBERRY:changed,NW:DIG::attempts,NW:DIG::changed,mean_tiles:NW:other:WEED,pre_refresh:NW:other:WEED,SE:PICKUP::attempts,SE:PICKUP::changed,NE:HARVEST:STRAWBERRY:attempts,NE:HARVEST:STRAWBERRY:changed,NE:harvest_units:STRAWBERRY,NW:HARVEST:SHEEP:attempts,NW:HARVEST:SHEEP:changed,NW:harvest_units:WOOL,NE:PASS:COW:attempts,mean_tiles:NE:yield_present:STRAWBERRY,mean_tiles:NE:yield_units:STRAWBERRY,mean_tiles:NE:mature_units:STRAWBERRY,mean_tiles:NE:mature:STRAWBERRY,SELL:WOOL:cash,SELL:WOOL:units,SELL:STRAWBERRY:cash,SELL:STRAWBERRY:units,NE:HARVEST:SHEEP:attempts,NE:HARVEST:SHEEP:changed,NE:harvest_units:WOOL,NW:PASS:STRAWBERRY:attempts,SW:EAST::attempts,SW:EAST::changed,NE:DIG::attempts,NE:DIG::changed,mean_tiles:NE:other:WEED,NE:HARVEST:COW:attempts,NE:HARVEST:COW:changed,NE:harvest_units:MILK,NE:PASS:SHEEP:attempts,NE:PASS:MELON:attempts,NW:FERTILIZE:STRAWBERRY:attempts,NW:FERTILIZE:STRAWBERRY:changed,NE:PASS:STRAWBERRY:attempts,DISCARD:STRAWBERRY:cash,DISCARD:STRAWBERRY:units,NW:HARVEST:STRAWBERRY:attempts,NW:HARVEST:STRAWBERRY:changed,NW:harvest_units:STRAWBERRY,mean_tiles:NW:yield_units:STRAWBERRY,mean_tiles:NW:mature_units:STRAWBERRY,mean_tiles:NW:yield_present:STRAWBERRY,mean_tiles:NW:mature:STRAWBERRY,pre_refresh:NE:other:WEED,pre_refresh:NW:yield_present:STRAWBERRY,pre_refresh:NW:yield_units:STRAWBERRY,pre_refresh:NW:mature:STRAWBERRY,pre_refresh:NW:mature_units:STRAWBERRY,pre_refresh:NE:yield_present:STRAWBERRY,pre_refresh:NE:yield_units:STRAWBERRY,pre_refresh:NE:mature:STRAWBERRY,pre_refresh:NE:mature_units:STRAWBERRY,DISCARD:MELON:cash,DISCARD:MELON:units,NE:HARVEST:MELON:attempts,NE:HARVEST:MELON:changed,NE:harvest_units:MELON,NE:PLACE:STRAWBERRY:attempts,NE:PLACE:STRAWBERRY:changed,mean_tiles:NE:mature_units:MELON,mean_tiles:NE:mature:MELON,DISCARD:WOOL:cash,DISCARD:WOOL:units,NE:PICKUP::attempts,NE:PICKUP::changed,NW:NORTH:CARROT:attempts,NW:NORTH:CARROT:changed,NW:DROP:TOMATO:attempts,NW:DROP:TOMATO:changed,NE:DROP::attempts,NE:DROP::changed,NW:PICKUP:MELON:attempts,NW:PICKUP:MELON:changed,NW:PLACE:MELON:attempts,NW:PLACE:MELON:changed,pre_refresh:NE:mature:MELON,pre_refresh:NE:mature_units:MELON,NW:DROP::attempts,NW:DROP::changed,DISCARD:TOMATO:cash,DISCARD:TOMATO:units,NW:PASS:CARROT:attempts,SE:WEST::attempts,SE:WEST::changed,NE:PICKUP:WHEAT:attempts,NE:PICKUP:WHEAT:changed,NE:PICKUP:MELON:attempts,NE:PICKUP:MELON:changed,NW:PICKUP:WHEAT:attempts,NW:PICKUP:WHEAT:changed,NW:PLACE:WHEAT:attempts,NW:PLACE:WHEAT:changed,NE:PLACE:MELON:attempts,NE:PLACE:MELON:changed,NE:PASS:TOMATO:attempts,NW:HARVEST::attempts
96401,cow_milk_engine,0,0,3000.0,824.0,116,116,44,86,0,30,-7.0,4,-941,33,-960,12,-80,8,-800,2,612,21,5,5,2,2,7,7,2,2,1,1,1,1,1,1,2,2,4,4,1,1,7,7,2,2,7,7,6,6,3,3,1,1,4,4,8,8,8,8,2,2,3,3,2,2,2,2,5,5,18,12,1.2916666666666667,3.2916666666666665,4.541666666666667,4.541666666666667,3.2916666666666665,0.5,0.375,3.2916666666666665,0.625,4.541666666666667,15.375,8,8,8,8,7,7,7,2,,,,,,,,,,,,,,,,,,,,,,,,,,,,,,,,,,,,,,,,,,,,,,,,,,,,,,,,,,,,,,,,,,,,,,,,,,,,,,,,,,,,,,,,,,,,,,,,,,,,,,,,,,,,,,,,,,,,,,,,,,,,,,,,,,,,,,,,,,,,,,,,,,,,,,,,,,,,,,,,,,,,,,,,,,,,,,,,,,,,,,,,,,,,,,,,,,,,,,,,,,,,,,,,,,,,,,,,,,,,,,,,,,,,,,,,,,,,,,,,,,,,,,,,,,,,,,,,,,,,,,,,,,,,,,,,,,,,,,,,,,,,,,,,,,,,,,,,,,,,,,,,,,,,,,,,,,,,,,,,,,,,,,,,,,,,,,,,,,,,,,,,,,,,,,,,,,,,,,,,,,,,,,,,,,,,,,,,,,,,,,,,,,,,,,,,,,,,,,,,,,,,,,,,,,,,,,,
96401,cow_milk_engine,0,1,824.0,759.0,116,116,77,109,0,7,-7.0,4,-348,12,,,,,,,290,10,5,5,,,1,1,1,1,1,1,1,1,,,2,2,1,1,,,1,1,,,8,8,3,3,,,3,3,10,10,4,4,12,12,2,2,13,13,2,2,5,5,6,6,5,,2.0,10.458333333333334,7.458333333333333,7.458333333333333,10.458333333333334,,0.9583333333333334,10.458333333333334,11.583333333333334,7.458333333333333,5.083333333333333,3,12,12,12,8,8,8,2,2,2,2,2,11,11,7,7,6,6,2,,,,,,,,,,,,,,,,,,,,,,,,,,,,,,,,,,,,,,,,,,,,,,,,,,,,,,,,,,,,,,,,,,,,,,,,,,,,,,,,,,,,,,,,,,,,,,,,,,,,,,,,,,,,,,,,,,,,,,,,,,,,,,,,,,,,,,,,,,,,,,,,,,,,,,,,,,,,,,,,,,,,,,,,,,,,,,,,,,,,,,,,,,,,,,,,,,,,,,,,,,,,,,,,,,,,,,,,,,,,,,,,,,,,,,,,,,,,,,,,,,,,,,,,,,,,,,,,,,,,,,,,,,,,,,,,,,,,,,,,,,,,,,,,,,,,,,,,,,,,,,,,,,,,,,,,,,,,,,,,,,,,,,,,,,,,,,,,,,,,,,,,,,,,,,,,,,,,,,,,,,,,,,,,,,,,,,,,,,,,,,,,,,,,,,,,,,,,,,,,,,,,
96401,cow_milk_engine,0,2,759.0,314.0,116,116,47,74,0,42,-7.0,4,-348,12,,,,,,,290,10,2,2,,,2,2,1,1,1,1,1,1,,,2,2,1,1,,,,,,,8,8,9,9,,,2,2,5,5,,,12,12,2,2,3,3,2,2,5,5,6,6,42,,2.0,12.0,8.0,12.916666666666666,12.0,,0.5833333333333334,12.0,9.333333333333334,8.0,3.0,3,12,12,12,8,8,15,2,2,2,1,1,2,2,3,3,2,2,,-380,19,-200,4,200,2,7.0,11.916666666666666,7,14,,,,,,,,,,,,,,,,,,,,,,,,,,,,,,,,,,,,,,,,,,,,,,,,,,,,,,,,,,,,,,,,,,,,,,,,,,,,,,,,,,,,,,,,,,,,,,,,,,,,,,,,,,,,,,,,,,,,,,,,,,,,,,,,,,,,,,,,,,,,,,,,,,,,,,,,,,,,,,,,,,,,,,,,,,,,,,,,,,,,,,,,,,,,,,,,,,,,,,,,,,,,,,,,,,,,,,,,,,,,,,,,,,,,,,,,,,,,,,,,,,,,,,,,,,,,,,,,,,,,,,,,,,,,,,,,,,,,,,,,,,,,,,,,,,,,,,,,,,,,,,,,,,,,,,,,,,,,,,,,,,,,,,,,,,,,,,,,,,,,,,,,,,,,,,,,,,,,,,,,,,,,,,,,,,,,,,,,,,,,,,,,,,,,,,,,,,
96401,cow_milk_engine,0,3,314.0,446.0,116,116,63,96,0,20,-7.0,4,-60,2,,,,,,,,,,,,,,,1,1,1,1,1,1,,,2,2,1,1,,,,,,,8,8,4,4,,,3,3,8,8,,,12,12,2,2,6,6,2,2,3,3,6,6,20,,2.0,12.0,8.0,20.041666666666668,12.0,,0.875,12.0,11.375,8.0,0.5833333333333334,,12,12,12,8,8,23,2,2,2,3,3,4,4,8,8,2,2,,,,,,199,2,8.0,20.041666666666668,8,23,3,3,7,7,3,3,3,3,1,1,2.4166666666666665,3,,,,,,,,,,,,,,,,,,,,,,,,,,,,,,,,,,,,,,,,,,,,,,,,,,,,,,,,,,,,,,,,,,,,,,,,,,,,,,,,,,,,,,,,,,,,,,,,,,,,,,,,,,,,,,,,,,,,,,,,,,,,,,,,,,,,,,,,,,,,,,,,,,,,,,,,,,,,,,,,,,,,,,,,,,,,,,,,,,,,,,,,,,,,,,,,,,,,,,,,,,,,,,,,,,,,,,,,,,,,,,,,,,,,,,,,,,,,,,,,,,,,,,,,,,,,,,,,,,,,,,,,,,,,,,,,,,,,,,,,,,,,,,,,,,,,,,,,,,,,,,,,,,,,,,,,,,,,,,,,,,,,,,,,,,,,,,,,,,,,,,,,,,,,,,,,,,,,,,,,,,,,,,,,,,,,,,,,,,,,,,
96401,cow_milk_engine,0,4,446.0,505.0,116,116,66,114,0,2,-7.0,4,-372,12,,,-70,7,,,310,10,2,2,,,2,2,3,3,1,1,1,1,,,2,2,,,,,7,7,,,15,15,6,6,,,4,4,5,5,,,10,10,2,2,4,4,2,2,1,1,9,9,2,,2.0,12.0,7.208333333333333,14.083333333333334,12.0,,0.6666666666666666,12.0,15.041666666666666,7.208333333333333,0.7916666666666666,,12,12,12,8,8,10,2,2,2,4,4,3,3,11,11,2,2,,,,,,198,2,3.625,10.5,1,3,,,4,4,2,2,2,2,,,3.0,3,1,1,7,7,28,3,,,,,,,,,,,,,,,,,,,,,,,,,,,,,,,,,,,,,,,,,,,,,,,,,,,,,,,,,,,,,,,,,,,,,,,,,,,,,,,,,,,,,,,,,,,,,,,,,,,,,,,,,,,,,,,,,,,,,,,,,,,,,,,,,,,,,,,,,,,,,,,,,,,,,,,,,,,,,,,,,,,,,,,,,,,,,,,,,,,,,,,,,,,,,,,,,,,,,,,,,,,,,,,,,,,,,,,,,,,,,,,,,,,,,,,,,,,,,,,,,,,,,,,,,,,,,,,,,,,,,,,,,,,,,,,,,,,,,,,,,,,,,,,,,,,,,,,,,,,,,,,,,,,,,,,,,,,,,,,,,,,,,,,,,,,,,,,,,,,,,,,,,,,,,,,,,,,,,,,,,,,,,,,,,,,,,,,,
96401,cow_milk_engine,0,5,505.0,359.0,116,116,66,98,0,18,-7.0,4,-174,6,,,-20,2,,,957,32,,,1,1,,,,,1,1,1,1,3,3,2,2,,,,,,,,,8,8,7,7,,,6,6,6,6,,,12,12,2,2,6,6,2,2,4,4,5,5,2,,2.0,12.0,7.458333333333333,8.416666666666666,12.0,0.5,0.7083333333333334,12.0,13.625,7.458333333333333,0.041666666666666664,,12,12,12,7,7,7,2,2,2,1,1,9,9,5,5,,,9,,,,,198,2,0.4583333333333333,1.4166666666666667,,,,,4,4,3,3,4,4,2,2,3.0,3,1,1,1,1,4,,-1000.0,1,-100,1,7,1.0416666666666667,1,25,,,,,,,,,,,,,,,,,,,,,,,,,,,,,,,,,,,,,,,,,,,,,,,,,,,,,,,,,,,,,,,,,,,,,,,,,,,,,,,,,,,,,,,,,,,,,,,,,,,,,,,,,,,,,,,,,,,,,,,,,,,,,,,,,,,,,,,,,,,,,,,,,,,,,,,,,,,,,,,,,,,,,,,,,,,,,,,,,,,,,,,,,,,,,,,,,,,,,,,,,,,,,,,,,,,,,,,,,,,,,,,,,,,,,,,,,,,,,,,,,,,,,,,,,,,,,,,,,,,,,,,,,,,,,,,,,,,,,,,,,,,,,,,,,,,,,,,,,,,,,,,,,,,,,,,,,,,,,,,,,,,,,,,,,,,,,,,,,,,,,,,,,,,,,,,,,,,,,,,,,,,,,,,,
96401,cow_milk_engine,0,6,359.0,398.0,208,208,81,154,0,54,-54.0,8,,,,,-20,2,,,117,4,,,,,,,,,2,2,2,2,,,1,1,,,,,,,,,7,7,4,4,2,2,2,2,6,6,,,12,12,2,2,6,6,2,2,4,4,3,3,10,,2.0,16.041666666666668,7.0,11.625,12.0,1.0,1.5416666666666667,12.0,10.333333333333334,7.0,,,12,12,20,7,7,14,2,2,2,1,1,3,3,5,5,2,2,,,,,,196,2,7.0,11.625,7,14,,,4,4,3,3,5,5,1,1,3.0,3,1,1,,,,,,,-200,2,6,12.25,1,3,15,15,1,1,15,15,10,10,6,6,4,4,1,1,5,5,4,4,1,1,1,1,1,1,1,1,2,2,2,2,1,1,1,1,1,1,1,20,13,4,0.9166666666666666,2.0833333333333335,8.791666666666666,8.791666666666666,8.791666666666666,0.75,2.0833333333333335,1.125,2.0833333333333335,2,1,4,4,4,15,15,15,,,,,,,,,,,,,,,,,,,,,,,,,,,,,,,,,,,,,,,,,,,,,,,,,,,,,,,,,,,,,,,,,,,,,,,,,,,,,,,,,,,,,,,,,,,,,,,,,,,,,,,,,,,,,,,,,,,,,,,,,,,,,,,,,,,,,,,,,,,,,,,,,,,,,,,,,,,,,,,,,,,,,,,,,,,,,,,,,,,,,,,,,,,,,,,,,,,,,,,,,,,,,,,,,,,,,,,,,,,,,,,,,,,,,,,,,,,,,,,,,,,,,,,,,,,,,,,,,,,,,,,,,,,,,,,,,,,,,,,,,,,,,,,,,,,,,,,,,,,,,,,,,,,,,,,
96401,cow_milk_engine,0,7,398.0,458.0,208,208,160,208,0,0,-54.0,8,-62,2,,,-20,2,,,,,,,,,,,,,2,2,2,2,,,,,,,,,,,,,7,7,3,3,1,1,,,7,7,,,11,11,2,2,8,8,2,2,4,4,8,8,,,2.0,24.833333333333332,7.0,18.375,12.0,1.0,0.375,12.0,12.125,7.0,,,12,12,31,7,7,21,2,2,2,2,2,10,10,7,7,8,8,,,,,,196,2,7.0,18.375,7,21,,,4,4,1,1,4,4,1,1,3.0,3,1,1,,,,3,,,,,,1.25,1,,,,4,4,9,9,6,6,18,18,2,2,,,9,9,6,6,1,1,3,3,2,2,2,2,1,1,3,3,8,8,3,3,,,,,,,15.833333333333334,5.125,15.0,15.0,15.0,1.0,5.125,2.625,5.125,3,1,6,6,6,15,15,15,1,1,7,7,11,11,9,9,1,1,4,4,1,1,6,,,,,,,,,,,,,,,,,,,,,,,,,,,,,,,,,,,,,,,,,,,,,,,,,,,,,,,,,,,,,,,,,,,,,,,,,,,,,,,,,,,,,,,,,,,,,,,,,,,,,,,,,,,,,,,,,,,,,,,,,,,,,,,,,,,,,,,,,,,,,,,,,,,,,,,,,,,,,,,,,,,,,,,,,,,,,,,,,,,,,,,,,,,,,,,,,,,,,,,,,,,,,,,,,,,,,,,,,,,,,,,,,,,,,,,,,,,,,,,,,,,,,,,,,,,,,,,,,,,,,,,,,,,,,,,,,,,,,,,,,,,,,,,,,,,,,,,,
96401,cow_milk_engine,0,8,458.0,303.0,208,208,139,202,1,5,-54.0,8,-65,2,,,-130,13,,,,,5,5,,,,,,,2,2,2,2,,,,,,,3,3,2,2,,,8,8,7,7,2,2,2,2,2,2,,,11,11,2,2,10,10,2,2,4,4,4,4,1,3,2.0,34.416666666666664,6.125,17.166666666666668,12.0,1.0,1.5,12.0,14.916666666666666,6.125,0.875,5,12,12,42,2,2,2,2,2,2,3,3,6,6,5,5,6,6,,,,,,194,2,5.333333333333333,16.375,,,,,2,2,3,3,3,3,,,3.0,3,1,1,7,7,27,1,,,-100,1,1,,1,,,,16,16,15,15,15,15,14,14,,,,,5,5,5,5,1,1,3,3,1,1,1,1,,,2,2,1,1,,,,,,,,,12.291666666666666,6.0,24.458333333333332,15.0,15.0,1.0,6.0,3.0,7.916666666666667,3,1,6,6,10,15,15,30,1,1,,,1,1,6,6,2,2,5,5,,,2,2,2,12,1,5.916666666666667,4.0,24.458333333333332,15.0,4,8,15,30,,,,,,,,,,,,,,,,,,,,,,,,,,,,,,,,,,,,,,,,,,,,,,,,,,,,,,,,,,,,,,,,,,,,,,,,,,,,,,,,,,,,,,,,,,,,,,,,,,,,,,,,,,,,,,,,,,,,,,,,,,,,,,,,,,,,,,,,,,,,,,,,,,,,,,,,,,,,,,,,,,,,,,,,,,,,,,,,,,,,,,,,,,,,,,,,,,,,,,,,,,,,,,,,,,,,,,,,,,,,,,,,,,,,,,,,,,,,,,,,,,,,,,,,,,,,,,,,,,,,,,,,,,,,,,,,,,,,,,,,,,,,
96401,cow_milk_engine,0,9,303.0,1083.0,208,208,125,208,0,0,-54.0,8,,,,,,,-400,1,428,13,,,1,1,,,3,3,2,2,2,2,1,1,3,3,,,,,4,4,,,4,4,1,1,2,2,2,2,6,6,,,7,7,2,2,6,6,2,2,7,7,7,7,,,2.0,44.0,4.333333333333333,4.333333333333333,12.0,1.5416666666666667,0.4583333333333333,12.0,15.166666666666666,4.333333333333333,2.125,,12,12,49,6,6,6,2,2,2,1,1,2,2,2,2,3,3,,,,,,194,2,,,,,,,5,5,,,4,4,1,1,3.0,3,2,2,,,,10,,,,,,0.8333333333333334,2,3,2,2,1,1,17,17,3,3,7,7,7,7,,,12,12,13,13,,,8,8,1,1,,,1,1,2,2,6,6,1,1,4,4,,,,,14.791666666666666,9.708333333333334,17.125,8.458333333333334,8.458333333333334,1.0,9.708333333333334,3.8333333333333335,15.916666666666666,4,1,13,13,23,2,2,2,,,2,2,5,5,11,11,,,2,2,,,3,,,,,12.208333333333334,6.0,16.625,7.958333333333333,6,16,,,2112,12,-1500,3,15,15,45,2,2,1,1,1,1,1.1666666666666667,2,,,,,,,,,,,,,,,,,,,,,,,,,,,,,,,,,,,,,,,,,,,,,,,,,,,,,,,,,,,,,,,,,,,,,,,,,,,,,,,,,,,,,,,,,,,,,,,,,,,,,,,,,,,,,,,,,,,,,,,,,,,,,,,,,,,,,,,,,,,,,,,,,,,,,,,,,,,,,,,,,,,,,,,,,,,,,,,,,,,,,,,,,,,,,,,,,,,,,,,,,,,,,,,,,,,,,,,,,,,,,,,,,,,,,,,,,,,,,,,,,,,,,,,,,,,,,,,,,,,,,,,,,,,,,
96401,cow_milk_engine,0,10,1083.0,1581.0,254,254,188,253,1,0,-143.0,10,-68,2,,,,,-400,1,,,,,1,1,2,2,7,7,2,2,2,2,3,3,4,4,,,2,2,,,3,3,2,2,4,4,3,3,8,8,11,11,,,12,12,2,2,11,11,2,2,13,13,5,5,,,2.0833333333333335,46.875,6.0,7.541666666666667,10.625,2.1666666666666665,1.9583333333333333,10.625,11.375,6.0,0.375,2,8,8,37,6,6,8,3,2,2,5,5,7,7,4,4,1,1,,,,,,,,2.0,3.5416666666666665,2,4,,,6,6,3,3,11,11,4,4,3.0,3,6,5,,,,4,,,,,,4.333333333333333,,6,1,1,,,3,3,2,2,1,1,,,,,3,3,10,10,1,1,8,8,3,3,2,2,,,2,2,8,8,2,2,1,1,,,,,14.125,11.125,2.5416666666666665,2.5416666666666665,2.5416666666666665,1.0,11.125,4.0,18.0,4,1,9,9,13,3,3,3,5,5,8,8,3,3,3,3,,,3,3,2,2,5,2,2,6,,11.0,4.125,,,2,6,,,,,,,,,,,,8,8,5,5,2.0,2,1109,32,4,4,24,4,4,16,1,1,1,1,1,1,2,2,1,1,2,2,2,2,1,1,1,1,0.4583333333333333,32.166666666666664,6.625,0.4583333333333333,0.4583333333333333,0.2916666666666667,2,4,20,1,1,1,2,,,,,,,,,,,,,,,,,,,,,,,,,,,,,,,,,,,,,,,,,,,,,,,,,,,,,,,,,,,,,,,,,,,,,,,,,,,,,,,,,,,,,,,,,,,,,,,,,,,,,,,,,,,,,,,,,,,,,,,,,,,,,,,,,,,,,,,,,,,,,,,,,,,,,,,,,,,,,,,,,,,,,,,,,,,,,,,,,,,,,,,,,,,,,,,,,,,,,,,,,,,,,,,,,,,,,,,,,,,,,,,,,,,,,,
96401,cow_milk_engine,0,11,1581.0,4850.0,298,298,217,296,2,0,-376.0,12,-350,10,,,-70,7,-400,1,136,4,1,1,2,2,2,2,8,8,4,4,3,3,2,2,7,7,,,1,1,3,3,1,1,8,8,11,11,1,1,5,5,7,7,,,7,7,1,1,5,5,3,3,7,7,1,1,,,3.0,31.708333333333332,7.458333333333333,12.666666666666666,6.791666666666667,0.3333333333333333,4.25,6.791666666666667,12.958333333333334,7.458333333333333,1.125,2,3,3,14,9,9,16,3,2,2,3,3,2,2,6,6,6,6,,,,,,,,6.0,11.208333333333334,6,13,,,2,2,,,10,10,5,5,3.0,3,11,9,,,,6,,,-200,2,,3.2083333333333335,1,1,,,3,3,3,3,3,3,3,3,4,4,,,11,11,13,13,,,12,12,2,2,1,1,,,3,3,9,9,1,1,6,6,,,,,7.666666666666667,9.791666666666666,3.8333333333333335,3.0,3.0,1.0,9.791666666666666,4.0,17.5,4,1,11,11,18,3,3,5,2,2,10,10,4,4,12,12,3,3,8,8,,,2,,,,,15.875,8.166666666666666,2.8333333333333335,2.0,7,14,2,4,930,6,-2000,4,,,,3,3,4,4,5,5,3.5416666666666665,3,402,13,5,5,30,2,2,8,,,,,,,,,3,3,3,3,3,3,1,1,3,3,1.0,31.708333333333332,6.791666666666667,1.0,1.0,2.2916666666666665,2,3,14,1,1,1,3,5197,20,2,2,1,1,3,3,2,2,2,2,1,1,1,1,2,2,1,1,1,1,2,0.3333333333333333,0.4583333333333333,5.0,5.0,3.0,0.125,3.0,1,2,1,2,3,2,3,,,,,,,,,,,,,,,,,,,,,,,,,,,,,,,,,,,,,,,,,,,,,,,,,,,,,,,,,,,,,,,,,,,,,,,,,,,,,,,,,,,,,,,,,,,,,,,,,,,,,,,,,,,,,,,,,,,,,,,,,,,,,,,,,,,,,,,,,,,,,,,,,,,,,,,,,,,,,,,,,,,,,,,,,,,,,,,,,,,,,,,,,,,,,,,,,
96401,cow_milk_engine,0,12,4850.0,11743.0,297,297,222,297,0,0,-376.0,12,-1194,32,,,-20,2,,,,,6,6,,,6,6,,,4,4,3,3,6,6,3,3,,,6,6,1,1,1,1,7,7,8,8,4,4,5,5,5,5,,,3,3,2,2,1,1,3,3,10,10,1,1,,,3.0416666666666665,12.708333333333334,8.25,15.875,2.5833333333333335,0.9583333333333334,3.7916666666666665,2.5833333333333335,8.75,8.25,2.6666666666666665,4,1,1,5,8,8,16,4,3,3,6,6,,,,,9,9,,,,,,575,6,4.958333333333333,12.583333333333334,4,12,,,10,10,3,3,12,12,3,3,3.0,3,4,4,2,2,7,3,,,-500,5,,1.0833333333333333,,1,,,,,3,3,1,1,1,1,,,,,9,9,9,9,1,1,5,5,2,2,3,3,2,2,5,5,7,7,2,2,2,2,,,,,10.416666666666666,11.0,3.875,2.0416666666666665,2.0416666666666665,1.0,11.0,4.875,22.541666666666668,6,1,11,11,25,1,1,2,3,3,2,2,1,1,10,10,,,17,17,,,3,2,2,6,,18.541666666666668,7.0,3.875,2.0416666666666665,7,21,1,2,,,,,2,2,6,,,,,5,5,2.9166666666666665,2,,,2,2,12,,,,,,1,1,2,2,,,2,2,4,4,4,4,3,3,4,4,1.6666666666666667,12.708333333333334,2.5833333333333335,1.0,1.0,3.0,1,1,5,1,1,2,3,8280,34,3,3,1,1,7,7,1,1,2,2,1,1,1,1,2,2,3,3,1,1,3,1.0833333333333333,1.0833333333333333,5.5,5.5,2.8333333333333335,1.0,2.8333333333333335,2,1,1,2,3,2,3,128,2,0,1,0,6,0,3,0,3,1,1,4,4,1,1,2,2,1,1,1,1,1,1,1,1,1,1,1,1,2,2,1,1,1,1,2,2,1,1,1,1,1.6666666666666667,0.5,1.0,1,2,1,,,,,,,,,,,,,,,,,,,,,,,,,,,,,,,,,,,,,,,,,,,,,,,,,,,,,,,,,,,,,,,,,,,,,,,,,,,,,,,,,,,,,,,,,,,,,,,,,,,,,,,,,,,,,,,,,,,,,,,,,,,,,,,,,,,,,,,,,,,,,,,,,
96401,cow_milk_engine,0,13,11743.0,15642.0,292,292,194,289,2,1,-376.0,12,-748,20,,,-100,10,,,1617,43,5,5,,,4,4,5,5,3,3,4,4,,,5,5,,,4,4,4,4,,,10,10,8,8,5,5,3,3,2,2,,,,,3,3,,,4,4,6,6,,,,,4.0,5.0,9.208333333333334,18.375,1.0,,4.041666666666667,1.0,11.208333333333334,9.208333333333334,2.7083333333333335,4,1,1,5,8,8,11,4,4,4,2,2,,,,,6,6,,,,,,285,3,6.541666666666667,15.708333333333334,3,6,,,4,4,,,8,8,6,6,3.0,3,7,5,4,4,15,6,,,-200,2,1,2.7083333333333335,,4,,,1,1,1,1,2,2,,,2,2,,,4,4,13,13,,,3,3,,,3,3,3,3,6,6,6,6,3,3,3,3,,,,,11.375,7.916666666666667,1.375,0.6666666666666666,0.6666666666666666,1.0,7.916666666666667,7.708333333333333,16.666666666666668,9,1,6,6,10,,,,2,2,,,,,4,4,2,2,12,12,1,1,4,,,,,15.916666666666666,7.166666666666667,1.375,0.6666666666666666,4,8,,,487,3,,,1,1,3,,,4,4,9,9,1.5833333333333333,1,,,,,,7,7,28,,,1,1,1,1,,,3,3,6,6,4,4,3,3,2,2,1.2083333333333333,5.0,1.0,0.5833333333333334,0.5833333333333334,3.0,,1,5,,,,3,2742,12,3,3,1,1,6,6,1,1,2,2,3,3,8,8,1,1,5,5,,,,2.4166666666666665,1.9583333333333333,8.0,8.0,3.0,1.0,3.0,3,,1,3,8,3,8,192,3,0,3,,,,,,,1,1,4,4,1,1,2,2,2,2,4,4,3,3,1,1,1,1,1,1,2,2,1,1,1,1,3,3,1,1,,,1.2083333333333333,1.5,0.5833333333333334,,,2,1,1,2,2,1,1,3,1,1,,,,,,,,,,,,,,,,,,,,,,,,,,,,,,,,,,,,,,,,,,,,,,,,,,,,,,,,,,,,,,,,,,,,,,,,,,,,,,,,,,,,,,,,,,,,,,,,,,,,,,,,,,,,,,,,,,,,,,,,,,,,,,,,,,,,,,,,
96401,cow_milk_engine,0,14,15642.0,16823.0,292,292,206,290,0,2,-376.0,12,-3186,84,-240,3,-10,1,,,3861,102,,,,,2,2,,,4,4,3,3,4,4,1,1,,,,,4,4,,,10,10,10,10,5,5,3,3,8,8,1,1,2,2,3,3,,,2,2,6,6,1,1,,,4.0,1.625,9.833333333333334,14.916666666666666,0.9583333333333334,,6.708333333333333,0.9583333333333334,7.875,9.833333333333334,2.2083333333333335,,1,1,1,12,12,19,4,4,4,5,5,,,,,8,8,,,,,,935,10,4.0,9.083333333333334,4,11,,,10,10,3,3,8,8,6,6,3.0,3,5,5,,,,2,,,,,,2.1666666666666665,,,,,,,,,,,,,2,2,,,2,2,6,6,1,1,7,7,2,2,1,1,,,5,5,10,10,5,5,4,4,,,,,11.583333333333334,7.0,,,,1.0,7.0,9.0,12.208333333333334,9,1,8,8,16,,,,4,4,6,6,,,6,6,2,2,11,11,,,6,2,2,4,,9.208333333333334,4.0,,,4,12,,,,,,,,,,,,,,11,11,0.5833333333333334,,197,6,1,1,1,,,,,,,,,,1,1,3,3,5,5,3,3,2,2,2,2,,1.0,0.3333333333333333,,,3.0,3,,,,,,3,,,3,3,,,3,3,1,1,3,3,4,4,2,2,,,4,4,3,3,11,3.4166666666666665,3.2916666666666665,9.166666666666666,9.166666666666666,2.5,1.0,2.5,4,3,1,,,,,,,,,,,,,,,2,2,10,10,1,1,2,2,3,3,4,4,1,1,1,1,,,1,1,,,2,2,,,2,2,2,2,,,,2.0,,,,2,,,2,2,,,,,,1,1,2,2,2,2,2,2,1,1,2,2,1,1,1,1,2,0.8333333333333334,1.0,0.8333333333333334,0.8333333333333334,1.0,1.0,1.0,1,1,1,1,2,2,2,,,,,,,,,,,,,,,,,,,,,,,,,,,,,,,,,,,,,,,,,,,,,,,,,,,,,,,,,,,,,,,,,,,,,,,,,,,,,,,,,,,,,,,,,,,,,,,,,,,,,,,,,
96401,cow_milk_engine,0,15,16823.0,18899.0,298,298,217,298,0,0,-376.0,12,-1156,30,-80,1,-70,7,,,1047,27,5,5,,,7,7,2,2,4,4,3,3,3,3,,,1,1,2,2,,,,,10,10,15,15,2,2,12,12,4,4,,,1,1,3,3,,,4,4,6,6,,,,,4.0,1.0,11.25,19.375,1.0,,4.0,1.0,11.583333333333334,11.25,0.8333333333333334,4,1,1,1,9,9,15,4,4,4,1,1,,,1,1,3,3,,,,,,1005,11,7.25,15.375,5,11,,,,,,,,,3,3,0.125,,1,1,3,3,12,4,,,,,,0.9166666666666666,,1,,,,,,,,,,,3,3,,,7,7,11,11,1,1,3,3,4,4,3,3,,,6,6,13,13,2,2,,,,,,,11.75,7.083333333333333,,,,1.0,7.083333333333333,9.0,13.041666666666666,9,1,7,7,9,,,,,,3,3,,,11,11,1,1,16,16,1,1,5,,,,,10.208333333333334,4.25,,,2,4,,,763,4,,,,,,,,4,4,9,9,,,,,,,,4,4,16,,,,,,,,,2,2,5,5,3,3,3,3,1,1,,,,,,3.0,,,,,,,3,225,1,3,3,,,7,7,,,4,4,4,4,6,6,,,7,7,,,,4.0,2.9583333333333335,,,,1.0,,4,,1,,,,,718,11,,,,,,,,,1,1,8,8,1,1,4,4,4,4,3,3,4,4,1,1,,,1,1,,,,,3,3,4,4,3,3,,,,2.0,,,,2,1,1,1,1,,,,,,,,,,4,4,,,,,1,1,,,3,3,,2.0,1.0,2.0,2.0,0.3333333333333333,1.0,0.3333333333333333,,,,,2,2,2,1,1,3,2,2,1,1,2.7916666666666665,2,,,,,,,,,,,,,,,,,,,,,,,,,,,,,,,,,,,,,,,,,,,,,,,,,,,,,,,,,,,,,,,,,,,,,,,,,,,,,,,,,,,,,,,,,,,,,,,,
96401,cow_milk_engine,0,16,18899.0,20145.0,298,298,197,284,0,14,-376.0,12,-1648,42,-80,1,-10,1,,,2272,58,3,3,,,7,7,,,3,3,3,3,1,1,,,2,2,,,4,4,,,13,13,13,13,3,3,13,13,7,7,1,1,2,2,3,3,1,1,2,2,6,6,1,1,4,3,4.0,1.5416666666666667,10.666666666666666,18.625,1.5416666666666667,,5.5,1.5416666666666667,6.583333333333333,10.666666666666666,1.875,1,2,2,2,12,12,24,4,4,4,5,5,,,1,1,11,11,4,,,,,893,10,8.333333333333334,16.291666666666668,8,20,,,,,,,,,6,6,,,,,1,1,4,,,,,,,0.4166666666666667,,,,,,,,,,,,,1,1,,,2,2,7,7,1,1,8,8,2,2,,,,,8,8,10,10,5,5,,,,,,,10.583333333333334,7.583333333333333,,,,1.0,7.583333333333333,9.0,11.833333333333334,9,1,8,8,14,,,,,,6,6,,,8,8,3,3,9,9,,,2,2,2,3,,8.25,4.0,,,4,10,,,,,,,,,,,,,,10,10,,,,,,,,,,,,,,,,,,,3,3,10,10,,,3,3,1,1,,,,,,3.0,2,,,,,,3,,,3,3,,,3,3,,,3,3,4,4,4,4,,,3,3,,,,4.0,3.1666666666666665,,,,1.0,,4,1,1,,,,,195,3,,,,,,,,,,,5,5,1,1,3,3,4,4,4,4,4,4,,,,,1,1,,,2,2,2,2,3,3,,,,,,2.0,,,,2,1,1,2,2,,,,,,,,,,4,4,2,2,,,1,1,1,1,1,1,,2.0,0.8333333333333334,2.0,2.0,0.4166666666666667,0.8333333333333334,0.4166666666666667,,,,,2,2,2,1,1,2,1,1,1,1,1.9166666666666667,1,1,1,2,2,4,2,2,9,3,1.0416666666666667,2.0833333333333335,2.0833333333333335,1.0416666666666667,,,,,,,,,,,,,,,,,,,,,,,,,,,,,,,,,,,,,,,,,,,,,,,,,,,,,,,,,,,,,,,,,,,,,,,,,,,,,,,,,,,
96401,cow_milk_engine,0,17,20145.0,24071.0,298,298,211,296,0,2,-376.0,12,-360,9,-80,1,-60,6,,,160,4,3,3,,,11,11,,,4,4,3,3,1,1,1,1,3,3,5,5,1,1,,,12,12,13,13,4,4,11,11,5,5,1,1,1,1,4,4,1,1,4,4,10,10,1,1,,,4.0,2.6666666666666665,11.0,21.958333333333332,2.6666666666666665,,3.5833333333333335,2.6666666666666665,12.333333333333334,11.0,1.4166666666666667,4,3,3,3,9,9,17,4,4,4,1,1,,,1,1,6,6,1,,,,,873,10,6.541666666666667,17.5,4,12,,,,,,,,,5,5,,,,,4,4,15,3,,,,,,0.3333333333333333,,1,,,,,,,,,,,1,1,,,6,6,8,8,1,1,4,4,2,2,3,3,,,6,6,13,13,1,1,,,,,,,11.5,7.666666666666667,,,,1.0,7.666666666666667,9.0,14.875,9,1,7,7,14,,,,,,4,4,,,13,13,4,4,7,7,2,2,6,,,,,13.333333333333334,6.125,,,5,12,,,606,3,,,,,,,,1,1,8,8,,,,,,,,2,2,8,,,,,,,,,3,3,4,4,3,3,3,3,4,4,,,,,,3.0,,,,,,,3,,,3,3,,,8,8,,,5,5,4,4,3,3,1,1,4,4,,,,4.0,3.1666666666666665,,,,1.0,,4,,1,,,,,132,2,,,,,,,,,1,1,8,8,1,1,1,1,4,4,4,4,4,4,1,1,,,1,1,,,1,1,1,1,4,4,2,2,,,,2.0,,,,2,1,1,2,2,,,,,,,,,,3,3,,,1,1,,,,,,,,2.0,0.6666666666666666,2.0,2.0,0.3333333333333333,0.6666666666666666,0.3333333333333333,,,,,2,2,2,1,1,2,,,1,1,0.9166666666666666,,,,1,1,2,1,1,4,,0.5416666666666666,1.0833333333333333,1.0833333333333333,0.5416666666666666,2008,9,1023,4,1,1,5,1,,,,,,,,,,,,,,,,,,,,,,,,,,,,,,,,,,,,,,,,,,,,,,,,,,,,,,,,,,,,,,,,,,,,,,,,,,,
96401,cow_milk_engine,0,18,24071.0,27501.0,291,291,183,279,0,12,-376.0,12,-483,12,,,-60,6,,,927,23,6,6,,,9,9,1,1,2,2,3,3,3,3,1,1,2,2,1,1,3,3,,,11,11,8,8,1,1,3,3,5,5,,,3,3,4,4,3,3,4,4,5,5,2,2,,,4.0,3.0,8.708333333333334,14.208333333333334,3.0,,4.625,3.0,8.583333333333334,8.708333333333334,3.8333333333333335,4,3,3,3,8,8,12,4,3,3,5,5,,,,,4,4,6,,,-100,2,937,11,6.25,11.75,4,8,1,1,1,1,1,1,,,3,3,0.4583333333333333,1,,,4,4,16,1,,,,,,0.7916666666666666,,1,,,,,,,,,,,3,3,,,5,5,10,10,,,3,3,,,,,,,7,7,12,12,3,3,4,4,1,,,3,10.166666666666666,7.25,,,,0.041666666666666664,7.25,9.0,14.125,9,,8,8,15,,,,,,3,3,,,14,14,,,11,11,,,2,2,2,4,,11.875,5.0,,,4,11,,,,,,,,,,,,1,1,8,8,,,,,,,,2,2,8,,,,,,,,,3,3,2,2,2,2,3,3,2,2,,,,,,3.0,,,,,,,3,,,3,3,,,5,5,,,5,5,4,4,1,1,,,3,3,,,,4.0,3.0,,,,1.0,,4,,1,,,,,132,2,,,,,,,,,2,2,8,8,1,1,4,4,4,4,5,5,4,4,1,1,,,1,1,2,2,2,2,2,2,3,3,1,1,,,,2.0,,,,2,1,1,,,,,,,,,,,,3,3,2,2,,,1,1,,,3,3,2,2.0,,2.0,2.0,,,,,,,,2,2,2,,,,1,1,,,,,,,2,2,4,,,,,1.5416666666666667,3.0833333333333335,3.0833333333333335,1.5416666666666667,1930,9,523,2,1,1,4,,1,1,1,1,0.9166666666666666,,,,,,,,,,,,,,,,,,,,,,,,,,,,,,,,,,,,,,,,,,,,,,,,,,,,,,,,,,,,,,,,,,,,,,
96401,cow_milk_engine,0,19,27501.0,31089.0,297,297,201,291,0,6,-376.0,12,-492,12,,,-40,4,,,992,24,1,1,,,,,1,1,3,3,3,3,,,4,4,,,,,4,4,,,11,11,16,16,3,3,13,13,8,8,,,,,4,4,,,4,4,11,11,,,1,,4.0,3.0,10.041666666666666,16.25,3.0,,4.625,3.0,11.833333333333334,10.041666666666666,1.9583333333333333,,3,3,3,12,12,21,4,4,4,2,2,,,3,3,9,9,,,,,,749,9,5.0,11.208333333333334,5,14,,,2,2,,,8,8,9,9,1.0,1,3,3,,,,6,,,,,,1.5833333333333333,,3,,,,,,,,,,,1,1,,,3,3,9,9,,,3,3,,,,,,,9,9,12,12,8,8,2,2,,,2,,11.708333333333334,7.416666666666667,,,,,7.416666666666667,9.0,12.916666666666666,9,,6,6,9,,,,1,1,4,4,,,3,3,,,6,6,,,,1,1,5,,9.25,3.75,,,2,5,,,861,4,,,,,,,,7,7,7,7,,,,,,,,3,3,12,,,,,,,,,3,3,2,2,3,3,3,3,6,6,,,,,,3.0,,,,,,,3,,,3,3,,,5,5,,,2,2,4,4,3,3,1,1,3,3,,,,4.0,3.75,,,,1.0,,4,,1,,,,,,,,,,,,,,,,,10,10,1,1,1,1,4,4,2,2,4,4,1,1,,,1,1,1,1,1,1,1,1,5,5,,,,,,2.0,,,,2,1,1,1,1,,,,,,,,,,2,2,2,2,,,,,,,1,1,,2.0,,2.0,2.0,,,,,,,,2,2,2,,,,2,2,,,,,1,1,2,2,4,2,2,7,,0.7083333333333334,1.4166666666666667,1.4166666666666667,0.7083333333333334,815,4,1079,4,1,1,5,,,,,,,1,1,6,2,1,,,,,,,,,,,,,,,,,,,,,,,,,,,,,,,,,,,,,,,,,,,,,,,,,,,,,,,,,,,,,,,,,
96401,cow_milk_engine,0,20,31089.0,38224.0,290,290,188,280,0,10,-376.0,12,-504,12,,,-50,5,,,504,12,1,1,,,1,1,1,1,3,3,2,2,2,2,,,,,2,2,2,2,,,11,11,6,6,2,2,11,11,6,6,,,3,3,3,3,3,3,4,4,8,8,2,2,,,4.0,3.7083333333333335,11.125,18.666666666666668,3.0,,4.708333333333333,3.0,9.791666666666666,11.125,0.875,2,3,3,4,10,10,15,4,4,4,4,4,,,2,2,6,6,4,,,,,973,12,6.25,13.791666666666666,4,9,,,4,4,1,1,6,6,5,5,1.0,1,1,1,4,4,16,3,,,,,,2.3333333333333335,,2,,,,,,,,,,,2,2,,,10,10,8,8,,,2,2,,,,,,,7,7,8,8,7,7,,,,,1,3,10.791666666666666,6.666666666666667,,,,,6.666666666666667,9.0,10.916666666666666,9,,7,7,12,,,,1,1,5,5,,,4,4,,,5,5,,,2,4,4,15,,9.0,4.75,,,4,9,,,2387,11,,,,,,,,4,4,7,7,,,,,,,,1,1,4,,,,,,,,,3,3,3,3,2,2,3,3,7,7,,,,,,3.0,,,,,,,3,,,3,3,,,5,5,,,6,6,3,3,3,3,,,3,3,,,,4.0,2.625,,,,1.0,,4,,1,,,,,,,0,4,,,,,0,3,1,1,8,8,1,1,,,4,4,3,3,4,4,1,1,,,1,1,1,1,2,2,2,2,2,2,2,2,,,,2.0,,,,2,1,1,1,1,,,,1,1,,,,,3,3,2,2,,,2,2,,,5,5,,2.0,,2.7083333333333335,2.0,,,,,,,,2,2,4,,,,1,1,,,,,1,1,2,2,4,1,1,4,,1.0833333333333333,2.1666666666666665,2.1666666666666665,1.0833333333333333,3103,16,1098,4,2,2,9,,,,,,,,,,2,,,,,,,,,,,,,,,,,,,,,,,,,,,,,,,,,,,,,,,,,,,,,,,,,,,,,,,,,,,,,,,,,,
96401,cow_milk_engine,0,21,38224.0,44568.0,291,291,174,263,0,28,-376.0,12,-516,12,,,-10,1,,,688,16,1,1,,,,,2,2,3,3,2,2,,,,,,,1,1,2,2,,,12,12,11,11,5,5,9,9,9,9,,,2,2,4,4,1,1,4,4,7,7,1,1,,,4.0,4.583333333333333,10.875,19.541666666666668,3.0,,3.5416666666666665,3.0,10.291666666666666,10.875,1.125,1,3,3,5,11,11,21,4,4,4,5,5,,,1,1,10,10,8,-20,1,,,633,8,7.666666666666667,16.333333333333332,7,17,,,2,2,1,1,6,6,3,3,1.0,1,1,1,1,1,4,1,,,,,1,1.875,,1,1,1,,,1,1,,,,,1,1,,,4,4,8,8,,,4,4,,,,,,,9,9,12,12,2,2,,,4,,8,,10.083333333333334,6.833333333333333,0.2916666666666667,0.2916666666666667,0.2916666666666667,,6.833333333333333,9.0,12.5,9,,7,7,14,1,1,1,1,1,3,3,1,1,2,2,,,2,2,,,,,,,,10.083333333333334,4.416666666666667,,,4,11,,,3254,15,,,,,,,,1,1,9,9,,,,,,,,1,1,4,,,,,,,,,3,3,5,5,2,2,3,3,4,4,,,,,,3.0,,,,,,,3,,,3,3,,,4,4,,,2,2,4,4,4,4,2,2,4,4,,,,4.0,3.75,,,,1.0,,4,1,1,,,,,,,,,,,,,,,1,1,6,6,1,1,2,2,4,4,3,3,3,3,1,1,,,1,1,1,1,2,2,1,1,3,3,2,2,,,,2.0,,,,2,1,1,2,2,,,,,,,,,,4,4,2,2,,,2,2,1,1,,,,2.0,,5.166666666666667,2.0,,,,,,,,2,2,6,,,,2,2,,,,,1,1,2,2,4,,,,,1.0,2.0,2.0,1.0,1569,9,1122,4,1,1,4,,,,,,,1,1,3,,,1,1,7,,,,,,,,,,,,,,,,,,,,,,,,,,,,,,,,,,,,,,,,,,,,,,,,,,,,,,,,,,,,,,
96401,cow_milk_engine,0,22,44568.0,47623.0,298,298,191,292,0,6,-376.0,12,-396,9,,,-60,6,,,264,6,1,1,,,1,1,2,2,4,4,3,3,,,2,2,,,,,2,2,,,11,11,3,3,4,4,9,9,5,5,,,3,3,4,4,2,2,4,4,9,9,2,2,,,4.0,6.25,10.333333333333334,18.708333333333332,3.0,,4.458333333333333,3.0,10.041666666666666,10.333333333333334,1.6666666666666667,2,3,3,7,10,10,19,4,4,4,3,3,,,1,1,5,5,2,,,,,543,7,7.291666666666667,15.666666666666666,6,15,,,2,2,1,1,6,6,3,3,1.0,1,3,3,3,3,12,2,,,,,,1.2916666666666667,,1,,,1,1,1,1,,,1,1,3,3,,,7,7,9,9,,,5,5,,,,,,,6,6,12,12,6,6,,,,,,1,11.333333333333334,6.708333333333333,1.0,1.0,1.0,,6.708333333333333,9.0,12.041666666666666,9,,7,7,11,1,1,1,,,11,11,2,2,9,9,,,9,9,,,4,4,4,11,,9.75,4.416666666666667,,,3,7,,,677,3,,,,,,,,,,11,11,,,,,,,,3,3,12,,,,,,,,,3,3,3,3,,,3,3,2,2,,,,,,3.0,,,,,,,3,,,3,3,,,4,4,,,2,2,4,4,4,4,,,2,2,,,,4.0,2.4583333333333335,,,,1.0,,4,,1,,,,,,,0,4,,,,,0,2,1,1,10,10,1,1,1,1,4,4,4,4,4,4,1,1,,,1,1,2,2,2,2,,,2,2,4,4,,,,2.0,,,,2,1,1,1,1,,,,1,1,,,,,5,5,2,2,,,1,1,,,3,3,,2.0,,7.291666666666667,2.0,,,,,,,,2,2,8,,,,1,1,,,,,,,4,4,8,2,2,8,,2.3333333333333335,4.666666666666667,4.666666666666667,2.3333333333333335,1247,8,1156,4,1,1,4,3,,,,,,,,,,,,,,0,8,1,1,2,1.9166666666666667,1.9166666666666667,0.9583333333333334,0.9583333333333334,,,,,,,,,,,,,,,,,,,,,,,,,,,,,,,,,,,,,,,,,,,,,,,,,,,,,
96401,cow_milk_engine,0,23,47623.0,52386.0,291,291,165,267,0,24,-376.0,12,-540,12,,,-60,6,,,899,20,2,2,,,3,3,,,3,3,2,2,1,1,1,1,,,1,1,5,5,,,15,15,11,11,5,5,6,6,7,7,,,3,3,4,4,3,3,4,4,6,6,1,1,,,4.0,8.166666666666666,10.0,17.416666666666668,3.0,,3.875,3.0,10.5,10.0,2.0,1,3,3,10,11,11,17,4,4,4,2,2,,,,,3,3,4,,,,,684,9,6.0,13.416666666666666,4,10,,,2,2,,,7,7,2,2,1.0,1,1,1,4,4,15,1,,,,,,0.8333333333333334,,1,,,,,1,1,,,1,1,2,2,,,6,6,9,9,,,2,2,,,,,,,7,7,12,12,2,2,,,3,,5,5,9.375,7.291666666666667,1.2083333333333333,1.0,1.0,,7.291666666666667,7.083333333333333,11.583333333333334,7,,8,8,13,1,1,2,1,1,5,5,,,6,6,,,5,5,,,,,,,,7.666666666666667,3.375,1.2083333333333333,1.0,3,8,1,2,2531,11,,,,,,,,,,9,9,,,,,,,,1,1,4,,,,,,,,,3,3,7,7,2,2,3,3,4,4,,,,,,3.0,,,,,,,3,,,3,3,,,3,3,,,3,3,4,4,2,2,1,1,2,2,,,,4.0,3.0833333333333335,,,,1.0,,4,,1,,,,,,,,,,,,,,,2,2,7,7,1,1,2,2,4,4,1,1,4,4,1,1,,,1,1,3,3,2,2,,,1,1,1,1,,,,2.0,,,,2,1,1,1,1,,,,,,,,,,6,6,2,2,,,1,1,,,1,1,,2.0,,9.0,2.0,,,,,,,,2,2,10,,,,3,3,,,,,1,1,2,2,4,1,1,4,,3.9166666666666665,4.833333333333333,4.833333333333333,3.9166666666666665,1035,8,590,2,2,2,6,,,,1,1,1.7916666666666667,1,1,3,,3,,,4,,,,,,1.0,1.0,1.0,1.0,1,1,1,1,1,3,3,3,3,,,,,,,,,,,,,,,,,,,,,,,,,,,,,,,,,,,,,,,,,,,,
96401,cow_milk_engine,0,24,52386.0,57303.0,298,298,185,286,0,12,-376.0,12,-549,12,,,-100,10,,,871,19,1,1,,,,,5,5,4,4,3,3,1,1,7,7,,,,,2,2,,,10,10,10,10,4,4,10,10,5,5,,,2,2,4,4,1,1,4,4,4,4,2,2,,,4.0,10.333333333333334,11.125,17.375,2.9166666666666665,,4.083333333333333,2.9166666666666665,11.208333333333334,11.125,0.9583333333333334,2,2,2,6,11,11,17,4,4,4,3,3,,,5,5,2,2,1,,,,,814,11,5.208333333333333,11.458333333333334,4,10,,,2,2,1,1,3,3,4,4,1.0,1,1,1,2,2,8,4,,,,,,2.0833333333333335,,4,,,,,1,1,,,,,4,4,,,7,7,12,12,,,7,7,,,,,,,6,6,11,11,2,2,2,2,2,,5,1,7.708333333333333,9.0,1.2083333333333333,0.5833333333333334,0.5833333333333334,,9.0,6.041666666666667,14.708333333333334,6,,10,10,15,,,,3,3,7,7,,,6,6,,,4,4,,,,4,4,12,,10.875,5.166666666666667,1.2083333333333333,0.5833333333333334,4,9,,,716,3,,,1,1,3,,,5,5,12,12,,,,,1,1,6,2,2,8,,,,,,,,,3,3,1,1,,,3,3,2,2,,4.625,0.9166666666666666,,,3.0,,,,,,,3,1382,6,3,3,,,5,5,,,6,6,4,4,4,4,2,2,3,3,,,,4.0,2.7916666666666665,,,,1.0,,4,,1,,,,,,,0,3,0,3,,,0,2,1,1,4,4,1,1,3,3,4,4,3,3,4,4,1,1,,,1,1,3,3,2,2,2,2,1,1,1,1,,,,2.0,,,,2,1,1,,,,,,,,,,,,3,3,2,2,,,,,,,,,,0.75,,3.8333333333333335,0.75,,,,,,,,,,,,,,,,,,,,1,1,2,2,4,,,,1,4.25,5.5,5.5,4.25,947,10,1212,4,1,1,4,,,,2,2,1.5416666666666667,,,,2,,,,,0,2,1,1,2,1.9166666666666667,1.9166666666666667,1.4583333333333333,1.4583333333333333,,1,1,1,1,3,3,3,3,0,3,2,2,12,1,1,3.8333333333333335,0.75,,,,,,,,,,,,,,,,,,,,,,,,,,,,,,,,,,,
96401,cow_milk_engine,0,25,57303.0,64079.0,290,290,181,277,0,13,-376.0,12,-561,12,,,-30,3,,,600,13,1,1,,,,,,,2,2,2,2,,,1,1,,,1,1,3,3,,,14,14,10,10,5,5,5,5,8,8,,,2,2,4,4,2,2,4,4,7,7,1,1,,,4.0,7.208333333333333,11.5,18.916666666666668,2.0,,3.8333333333333335,2.0,10.416666666666666,11.5,1.5,1,2,2,8,12,12,21,4,4,4,5,5,,,5,5,7,7,3,,,,,719,10,8.0,15.416666666666666,7,16,,,2,2,,,5,5,5,5,1.0,1,1,1,2,2,8,2,,,,,,2.7083333333333335,,1,,,,,,,,,,,4,4,,,15,15,14,14,,,4,4,,,,,,,6,6,5,5,2,2,1,1,,,6,,9.5,11.291666666666666,,,,,11.291666666666666,6.0,17.541666666666668,6,,13,13,21,,,,3,3,6,6,,,4,4,,,5,5,,,,,,,,11.625,5.375,,,5,13,,,2933,12,,,,,,,,1,1,10,10,,,,,,,,1,1,4,,,,,,,,,3,3,4,4,4,4,3,3,4,4,,,,,,3.0,,,,,,,3,2007,9,3,3,,,6,6,,,3,3,3,3,3,3,1,1,5,5,,,,4.0,3.5416666666666665,,,,1.0,,4,,1,,,,,,,,,,,,,,,1,1,7,7,1,1,2,2,4,4,1,1,4,4,1,1,,,1,1,3,3,1,1,,,4,4,,,,,,2.0,,,,2,1,1,4,4,,,,,,,,,,,,,,,,,,,,,,,,,,,,,,,,,,,,,,,,2,2,,,,,1,1,4,4,11,2,2,8,,2.875,7.791666666666667,7.791666666666667,2.875,248,4,1236,4,1,1,4,1,,,,,,1,1,3,3,,,,,,,,,,2.0,2.0,1.0,1.0,,1,2,1,2,,,,,,,,,,,,,,,,,,,,,,,,,,,,,,,,,,,,,,,,,,,,,,,,
96401,cow_milk_engine,0,26,64079.0,68605.0,292,292,197,292,0,0,-376.0,12,-564,12,,,,,,,564,12,3,3,,,1,1,8,8,3,3,4,4,2,2,4,4,,,3,3,,,,,10,10,8,8,4,4,4,4,5,5,,,2,2,3,3,,,3,3,7,7,,,,,4.0,5.458333333333333,11.166666666666666,21.125,1.375,,5.791666666666667,1.375,10.083333333333334,11.166666666666666,1.375,2,1,1,4,10,10,22,4,4,4,2,2,,,1,1,5,5,,-160,8,,,561,8,8.166666666666666,18.125,7,19,,,3,3,1,1,6,6,4,4,1.0,1,2,2,2,2,8,2,,,,,,1.4166666666666667,,1,3,3,2,2,3,3,1,1,4,4,,,,,13,13,9,9,,,4,4,,,,,,,4,4,5,5,5,5,1,1,,,,,11.583333333333334,11.333333333333334,1.25,1.25,1.25,,11.333333333333334,5.041666666666667,19.0,5,,10,10,18,3,3,3,,,9,9,1,1,10,10,,,4,4,,,5,4,4,12,,15.0,7.333333333333333,,,6,14,,,756,3,,,,,,,,2,2,4,4,,,,,1,1,6,3,3,12,2,2,2,2,1,1,,,3,3,4,4,,,3,3,6,6,1.0833333333333333,1.9166666666666667,0.375,1.0833333333333333,1.0833333333333333,3.0,1,,,2,2,2,3,,,3,3,,,4,4,,,6,6,4,4,4,4,1,1,6,6,,,,4.0,3.3333333333333335,1.0,1.0,1.0,1.0,1.0,4,,1,1,1,1,1,,,0,3,,,,,0,2,,,6,6,1,1,1,1,4,4,8,8,4,4,1,1,,,1,1,,,2,2,2,2,3,3,,,1,1,,2.0,,,,2,2,2,1,1,,,,,,,,,,,,,,,,,,,,,,,,,,,,,,,,,,,,,,,,1,1,,,,,,,2,2,4,1,1,4,,1.2083333333333333,2.4166666666666665,2.4166666666666665,1.2083333333333333,276,12,3469,11,2,2,8,,,,,,0.9583333333333334,,,,,,1,1,,0,4,1,1,2,1.6666666666666667,1.6666666666666667,1.3333333333333333,1.3333333333333333,1,1,1,1,1,,,,,,,,,,,,,,0,8,1,1,1,1,,,,,,,,,,,,,,,,,,,,,,,,,,,,,
96401,cow_milk_engine,0,27,68605.0,74923.0,292,292,197,282,0,10,-376.0,12,-576,12,,,,,,,864,18,4,4,,,,,5,5,3,3,4,4,1,1,3,3,,,4,4,,,,,10,10,7,7,4,4,4,4,1,1,,,1,1,4,4,1,1,4,4,5,5,,,1,1,4.0,4.083333333333333,8.625,20.291666666666668,1.0,,3.3333333333333335,1.0,12.0,8.625,3.375,7,1,1,5,5,5,12,4,4,4,3,3,,,4,4,6,6,1,,,,,683,10,8.625,20.291666666666668,5,12,,,2,2,,,5,5,5,5,1.0,1,2,2,5,5,20,3,,,,,,2.1666666666666665,,4,,,,,3,3,1,1,1,1,,,,,13,13,10,10,,,5,5,,,,,,,5,5,7,7,3,3,3,3,3,,,,9.708333333333334,8.916666666666666,3.0,3.0,3.0,,8.916666666666666,5.0,19.083333333333332,5,,8,8,20,3,3,3,1,1,5,5,3,3,11,11,,,8,8,,,,,,,,19.083333333333332,8.916666666666666,,,8,20,,,3107,12,,,,,,,,4,4,4,4,,,,,,,,2,2,8,,,1,1,2,2,,,1,1,3,3,4,4,3,3,2,2,2.0,4.083333333333333,1.0,2.0,2.0,3.0,,1,5,2,2,2,3,1302,6,3,3,3,3,3,3,1,1,3,3,4,4,4,4,,,7,7,1,1,2,4.0,3.75,1.9166666666666667,1.9166666666666667,0.9583333333333334,1.0,0.9583333333333334,4,,1,,,,,,,,,,,,,,,,,8,8,1,1,2,2,4,4,2,2,4,4,1,1,,,1,1,3,3,1,1,2,2,3,3,2,2,,,,2.0,,,,2,1,1,,,,,,1,1,,,,,,,,,,,,,,,,,1,,,,,,,,,,,,,,,,,,2,2,,,,,,,1,1,2,,,,,2.4166666666666665,2.8333333333333335,2.8333333333333335,2.4166666666666665,12,8,1302,4,1,1,4,1,,,1,1,0.9166666666666666,1,1,3,2,,,,,,,,,,2.0,2.0,2.0,2.0,,2,2,2,2,2,2,2,2,,,,,,,,,,,,1,1,4,4,,,,,,,,,,,,,,,,,,,,,,,,,,,,,
96401,cow_milk_engine,0,28,74923.0,77937.0,298,298,154,242,0,56,-376.0,12,-20624,424,,,,,,,22385,460,6,6,,,4,4,7,7,3,3,3,3,2,2,3,3,,,1,1,,,,,5,5,2,2,1,1,,,2,2,,,1,1,3,3,,,4,4,7,7,,,,5,4.0,2.9583333333333335,4.041666666666667,10.625,0.5833333333333334,,4.208333333333333,0.5833333333333334,4.125,4.041666666666667,8.375,10,,,,3,3,9,4,4,4,3,3,,,,,1,1,,,,,,663,10,4.041666666666667,10.625,3,9,,,3,3,1,1,5,5,8,8,1.0,1,1,1,2,2,8,,,,,,,6.083333333333333,,8,,,,,3,3,3,3,2,2,,,,,5,5,8,8,,,,,,,,,,,5,5,5,5,1,1,6,6,,13,,13,6.916666666666667,5.916666666666667,4.375,3.0,3.0,,5.916666666666667,5.0,15.791666666666666,5,,4,4,12,3,3,6,1,1,5,5,3,3,4,4,,,3,3,,,,4,4,10,,15.791666666666666,5.916666666666667,4.375,3.0,4,12,3,6,802,3,,,,,,,,1,1,5,5,,,,,1,1,6,4,4,16,,,2,2,1,1,1,1,3,3,3,3,,,3,3,3,3,3.5416666666666665,2.9583333333333335,0.5833333333333334,2.0,2.0,3.0,,,,2,2,4,3,,,3,3,1,1,9,9,,,3,3,4,4,5,5,,,3,3,1,1,1,4.0,2.1666666666666665,0.125,0.125,0.125,1.0,0.125,4,,1,,,,,164,2,,,,,,,0,1,,,4,4,1,1,1,1,4,4,2,2,4,4,1,1,,,1,1,1,1,2,2,2,2,6,6,1,1,,,3.5416666666666665,2.0,2.0,2,4,2,1,1,,,,,,,,,,,,,,,,,,,,,,,,5,,,,,,,,,,,,,,,,,,,,,,,,1,1,4,4,6,2,2,8,,1.0,1.7083333333333333,1.7083333333333333,1.0,,,,,1,1,4,,,,,,,,,,20,,,,,,,2,2,3,0.75,0.75,0.5,0.5,,,,,,,,,,,,,,,,,,,,,1,1,4,4,,,,,,,,,,,,,,,,,,,,,,,,,,,,,
96401,cow_milk_engine,0,29,77937.0,92758.0,278,278,211,275,0,3,-376.0,12,,,,,,,,,3171,65,12,12,,,3,3,14,14,4,4,4,4,12,12,8,8,,,11,11,,,,,,,1,1,10,10,,,,,,,,,,,,,4,4,8,8,,,,,4.0,,1.9565217391304348,5.869565217391305,,,5.391304347826087,,4.0,1.9565217391304348,12.478260869565217,,,,,,,,,3,3,3,3,,,,,,,,,,,,1143,18,1.9565217391304348,5.869565217391305,,,,,3,3,1,1,12,12,6,6,1.0,,2,2,3,3,9,,,,,,2,11.956521739130435,,,,,,,,,,,,,,,,,,,,,,,,,,,,,,,3,3,4,4,3,3,19,19,1,,,,5.086956521739131,1.7391304347826086,2.608695652173913,1.3043478260869565,1.3043478260869565,,1.7391304347826086,3.0869565217391304,5.217391304347826,,,,,,,,,1,1,,,,,,,,,13,13,,,,,,,,5.217391304347826,1.7391304347826086,2.608695652173913,1.3043478260869565,,,,,3540,13,,,3,3,6,,,10,10,5,5,,,427,10,,,,4,4,12,,,,,,,,,,,4,4,,,,,3,3,1.1304347826086956,,,0.5652173913043478,0.5652173913043478,3.0,,,,,,,,1273,6,2,2,1,1,3,3,,,3,3,,,5,5,4,4,8,8,1,1,2,4.0,4.434782608695652,0.2608695652173913,0.2608695652173913,0.13043478260869565,1.0,0.13043478260869565,,,,,,,,249,3,,,,,,,,,,,3,3,1,1,2,2,4,4,4,4,1,1,,,,,,,1,1,,,,,,,1,1,,,1.1304347826086956,1.0434782608695652,0.5652173913043478,,,,,,1,1,2,2,4,,,,,,,,,,,,,,,,,,,,,,,,,,,,,,,,,,,,,,,,,0.9565217391304348,,,,3,3,6,,,,,0.6521739130434783,1.3043478260869565,1.3043478260869565,0.6521739130434783,23,15,5371,16,1,1,3,,,,1,1,1.9130434782608696,1,1,3,,,,,,,,1,1,1,0.30434782608695654,0.30434782608695654,0.30434782608695654,0.30434782608695654,,,,,,,,,,,,,,,,,,,,,,,2,2,11,11,12,12,,,,,,,,,,,,,,,,,,,,,,,,,
96401,cow_milk_engine,1,0,3000.0,824.0,116,116,44,86,0,30,-7.0,4,-941,33,-960,12,-80,8,-800,2,612,21,5,5,2,2,7,7,2,2,1,1,1,1,1,1,2,2,4,4,1,1,7,7,2,2,7,7,6,6,3,3,1,1,4,4,8,8,8,8,2,2,3,3,2,2,2,2,5,5,18,12,1.2916666666666667,3.2916666666666665,4.541666666666667,4.541666666666667,3.2916666666666665,0.5,0.375,3.2916666666666665,0.625,4.541666666666667,15.375,8,8,8,8,7,7,7,2,,,,,,,,,,,,,,,,,,,,,,,,,,,,,,,,,,,,,,,,,,,,,,,,,,,,,,,,,,,,,,,,,,,,,,,,,,,,,,,,,,,,,,,,,,,,,,,,,,,,,,,,,,,,,,,,,,,,,,,,,,,,,,,,,,,,,,,,,,,,,,,,,,,,,,,,,,,,,,,,,,,,,,,,,,,,,,,,,,,,,,,,,,,,,,,,,,,,,,,,,,,,,,,,,,,,,,,,,,,,,,,,,,,,,,,,,,,,,,,,,,,,,,,,,,,,,,,,,,,,,,,,,,,,,,,,,,,,,,,,,,,,,,,,,,,,,,,,,,,,,,,,,,,,,,,,,,,,,,,,,,,,,,,,,,,,,,,,,,,,,,,,,,,,,,,,,,,,,,,,,,,,,,,,,,,,,,,,,,,,,,,,,,,,,,,,,,,,,,,,,,,,,,,,,,,,,,,
96401,cow_milk_engine,1,1,824.0,759.0,116,116,77,109,0,7,-7.0,4,-348,12,,,,,,,290,10,5,5,,,1,1,1,1,1,1,1,1,,,2,2,1,1,,,1,1,,,8,8,3,3,,,3,3,10,10,4,4,12,12,2,2,13,13,2,2,5,5,6,6,5,,2.0,10.458333333333334,7.458333333333333,7.458333333333333,10.458333333333334,,0.9583333333333334,10.458333333333334,11.583333333333334,7.458333333333333,5.083333333333333,3,12,12,12,8,8,8,2,2,2,2,2,11,11,7,7,6,6,2,,,,,,,,,,,,,,,,,,,,,,,,,,,,,,,,,,,,,,,,,,,,,,,,,,,,,,,,,,,,,,,,,,,,,,,,,,,,,,,,,,,,,,,,,,,,,,,,,,,,,,,,,,,,,,,,,,,,,,,,,,,,,,,,,,,,,,,,,,,,,,,,,,,,,,,,,,,,,,,,,,,,,,,,,,,,,,,,,,,,,,,,,,,,,,,,,,,,,,,,,,,,,,,,,,,,,,,,,,,,,,,,,,,,,,,,,,,,,,,,,,,,,,,,,,,,,,,,,,,,,,,,,,,,,,,,,,,,,,,,,,,,,,,,,,,,,,,,,,,,,,,,,,,,,,,,,,,,,,,,,,,,,,,,,,,,,,,,,,,,,,,,,,,,,,,,,,,,,,,,,,,,,,,,,,,,,,,,,,,,,,,,,,,,,,,,,,,,,,,,,,,,
96401,cow_milk_engine,1,2,759.0,314.0,116,116,47,74,0,42,-7.0,4,-348,12,,,,,,,290,10,2,2,,,2,2,1,1,1,1,1,1,,,2,2,1,1,,,,,,,8,8,9,9,,,2,2,5,5,,,12,12,2,2,3,3,2,2,5,5,6,6,42,,2.0,12.0,8.0,12.916666666666666,12.0,,0.5833333333333334,12.0,9.333333333333334,8.0,3.0,3,12,12,12,8,8,15,2,2,2,1,1,2,2,3,3,2,2,,-380,19,-200,4,200,2,7.0,11.916666666666666,7,14,,,,,,,,,,,,,,,,,,,,,,,,,,,,,,,,,,,,,,,,,,,,,,,,,,,,,,,,,,,,,,,,,,,,,,,,,,,,,,,,,,,,,,,,,,,,,,,,,,,,,,,,,,,,,,,,,,,,,,,,,,,,,,,,,,,,,,,,,,,,,,,,,,,,,,,,,,,,,,,,,,,,,,,,,,,,,,,,,,,,,,,,,,,,,,,,,,,,,,,,,,,,,,,,,,,,,,,,,,,,,,,,,,,,,,,,,,,,,,,,,,,,,,,,,,,,,,,,,,,,,,,,,,,,,,,,,,,,,,,,,,,,,,,,,,,,,,,,,,,,,,,,,,,,,,,,,,,,,,,,,,,,,,,,,,,,,,,,,,,,,,,,,,,,,,,,,,,,,,,,,,,,,,,,,,,,,,,,,,,,,,,,,,,,,,,,,,
96401,cow_milk_engine,1,3,314.0,446.0,116,116,63,96,0,20,-7.0,4,-60,2,,,,,,,,,,,,,,,1,1,1,1,1,1,,,2,2,1,1,,,,,,,8,8,4,4,,,3,3,8,8,,,12,12,2,2,6,6,2,2,3,3,6,6,20,,2.0,12.0,8.0,20.041666666666668,12.0,,0.875,12.0,11.375,8.0,0.5833333333333334,,12,12,12,8,8,23,2,2,2,3,3,4,4,8,8,2,2,,,,,,199,2,8.0,20.041666666666668,8,23,3,3,7,7,3,3,3,3,1,1,2.4166666666666665,3,,,,,,,,,,,,,,,,,,,,,,,,,,,,,,,,,,,,,,,,,,,,,,,,,,,,,,,,,,,,,,,,,,,,,,,,,,,,,,,,,,,,,,,,,,,,,,,,,,,,,,,,,,,,,,,,,,,,,,,,,,,,,,,,,,,,,,,,,,,,,,,,,,,,,,,,,,,,,,,,,,,,,,,,,,,,,,,,,,,,,,,,,,,,,,,,,,,,,,,,,,,,,,,,,,,,,,,,,,,,,,,,,,,,,,,,,,,,,,,,,,,,,,,,,,,,,,,,,,,,,,,,,,,,,,,,,,,,,,,,,,,,,,,,,,,,,,,,,,,,,,,,,,,,,,,,,,,,,,,,,,,,,,,,,,,,,,,,,,,,,,,,,,,,,,,,,,,,,,,,,,,,,,,,,,,,,,,,,,,,,,
96401,cow_milk_engine,1,4,446.0,505.0,116,116,66,114,0,2,-7.0,4,-372,12,,,-70,7,,,310,10,2,2,,,2,2,3,3,1,1,1,1,,,2,2,,,,,7,7,,,15,15,6,6,,,4,4,5,5,,,10,10,2,2,4,4,2,2,1,1,9,9,2,,2.0,12.0,7.208333333333333,14.083333333333334,12.0,,0.6666666666666666,12.0,15.041666666666666,7.208333333333333,0.7916666666666666,,12,12,12,8,8,10,2,2,2,4,4,3,3,11,11,2,2,,,,,,198,2,3.625,10.5,1,3,,,4,4,2,2,2,2,,,3.0,3,1,1,7,7,28,3,,,,,,,,,,,,,,,,,,,,,,,,,,,,,,,,,,,,,,,,,,,,,,,,,,,,,,,,,,,,,,,,,,,,,,,,,,,,,,,,,,,,,,,,,,,,,,,,,,,,,,,,,,,,,,,,,,,,,,,,,,,,,,,,,,,,,,,,,,,,,,,,,,,,,,,,,,,,,,,,,,,,,,,,,,,,,,,,,,,,,,,,,,,,,,,,,,,,,,,,,,,,,,,,,,,,,,,,,,,,,,,,,,,,,,,,,,,,,,,,,,,,,,,,,,,,,,,,,,,,,,,,,,,,,,,,,,,,,,,,,,,,,,,,,,,,,,,,,,,,,,,,,,,,,,,,,,,,,,,,,,,,,,,,,,,,,,,,,,,,,,,,,,,,,,,,,,,,,,,,,,,,,,,,,,,,,,,,
96401,cow_milk_engine,1,5,505.0,359.0,116,116,66,98,0,18,-7.0,4,-174,6,,,-20,2,,,957,32,,,1,1,,,,,1,1,1,1,3,3,2,2,,,,,,,,,8,8,7,7,,,6,6,6,6,,,12,12,2,2,6,6,2,2,4,4,5,5,2,,2.0,12.0,7.458333333333333,8.416666666666666,12.0,0.5,0.7083333333333334,12.0,13.625,7.458333333333333,0.041666666666666664,,12,12,12,7,7,7,2,2,2,1,1,9,9,5,5,,,9,,,,,198,2,0.4583333333333333,1.4166666666666667,,,,,4,4,3,3,4,4,2,2,3.0,3,1,1,1,1,4,,-1000.0,1,-100,1,7,1.0416666666666667,1,25,,,,,,,,,,,,,,,,,,,,,,,,,,,,,,,,,,,,,,,,,,,,,,,,,,,,,,,,,,,,,,,,,,,,,,,,,,,,,,,,,,,,,,,,,,,,,,,,,,,,,,,,,,,,,,,,,,,,,,,,,,,,,,,,,,,,,,,,,,,,,,,,,,,,,,,,,,,,,,,,,,,,,,,,,,,,,,,,,,,,,,,,,,,,,,,,,,,,,,,,,,,,,,,,,,,,,,,,,,,,,,,,,,,,,,,,,,,,,,,,,,,,,,,,,,,,,,,,,,,,,,,,,,,,,,,,,,,,,,,,,,,,,,,,,,,,,,,,,,,,,,,,,,,,,,,,,,,,,,,,,,,,,,,,,,,,,,,,,,,,,,,,,,,,,,,,,,,,,,,,,,,,,,,,
96401,cow_milk_engine,1,6,359.0,398.0,208,208,81,154,0,54,-54.0,8,,,,,-20,2,,,117,4,,,,,,,,,2,2,2,2,,,1,1,,,,,,,,,7,7,4,4,2,2,2,2,6,6,,,12,12,2,2,6,6,2,2,4,4,3,3,10,,2.0,16.041666666666668,7.0,11.625,12.0,1.0,1.5416666666666667,12.0,10.333333333333334,7.0,,,12,12,20,7,7,14,2,2,2,1,1,3,3,5,5,2,2,,,,,,196,2,7.0,11.625,7,14,,,4,4,3,3,5,5,1,1,3.0,3,1,1,,,,,,,-200,2,6,12.25,1,3,15,15,1,1,15,15,10,10,6,6,4,4,1,1,5,5,4,4,1,1,1,1,1,1,1,1,2,2,2,2,1,1,1,1,1,1,1,20,13,4,0.9166666666666666,2.0833333333333335,8.791666666666666,8.791666666666666,8.791666666666666,0.75,2.0833333333333335,1.125,2.0833333333333335,2,1,4,4,4,15,15,15,,,,,,,,,,,,,,,,,,,,,,,,,,,,,,,,,,,,,,,,,,,,,,,,,,,,,,,,,,,,,,,,,,,,,,,,,,,,,,,,,,,,,,,,,,,,,,,,,,,,,,,,,,,,,,,,,,,,,,,,,,,,,,,,,,,,,,,,,,,,,,,,,,,,,,,,,,,,,,,,,,,,,,,,,,,,,,,,,,,,,,,,,,,,,,,,,,,,,,,,,,,,,,,,,,,,,,,,,,,,,,,,,,,,,,,,,,,,,,,,,,,,,,,,,,,,,,,,,,,,,,,,,,,,,,,,,,,,,,,,,,,,,,,,,,,,,,,,,,,,,,,,,,,,,,,
96401,cow_milk_engine,1,7,398.0,458.0,208,208,160,208,0,0,-54.0,8,-62,2,,,-20,2,,,,,,,,,,,,,2,2,2,2,,,,,,,,,,,,,7,7,3,3,1,1,,,7,7,,,11,11,2,2,8,8,2,2,4,4,8,8,,,2.0,24.833333333333332,7.0,18.375,12.0,1.0,0.375,12.0,12.125,7.0,,,12,12,31,7,7,21,2,2,2,2,2,10,10,7,7,8,8,,,,,,196,2,7.0,18.375,7,21,,,4,4,1,1,4,4,1,1,3.0,3,1,1,,,,3,,,,,,1.25,1,,,,4,4,9,9,6,6,18,18,2,2,,,9,9,6,6,1,1,3,3,2,2,2,2,1,1,3,3,8,8,3,3,,,,,,,15.833333333333334,5.125,15.0,15.0,15.0,1.0,5.125,2.625,5.125,3,1,6,6,6,15,15,15,1,1,7,7,11,11,9,9,1,1,4,4,1,1,6,,,,,,,,,,,,,,,,,,,,,,,,,,,,,,,,,,,,,,,,,,,,,,,,,,,,,,,,,,,,,,,,,,,,,,,,,,,,,,,,,,,,,,,,,,,,,,,,,,,,,,,,,,,,,,,,,,,,,,,,,,,,,,,,,,,,,,,,,,,,,,,,,,,,,,,,,,,,,,,,,,,,,,,,,,,,,,,,,,,,,,,,,,,,,,,,,,,,,,,,,,,,,,,,,,,,,,,,,,,,,,,,,,,,,,,,,,,,,,,,,,,,,,,,,,,,,,,,,,,,,,,,,,,,,,,,,,,,,,,,,,,,,,,,,,,,,,,,
96401,cow_milk_engine,1,8,458.0,303.0,208,208,139,202,1,5,-54.0,8,-65,2,,,-130,13,,,,,5,5,,,,,,,2,2,2,2,,,,,,,3,3,2,2,,,8,8,7,7,2,2,2,2,2,2,,,11,11,2,2,10,10,2,2,4,4,4,4,1,3,2.0,34.416666666666664,6.125,17.166666666666668,12.0,1.0,1.5,12.0,14.916666666666666,6.125,0.875,5,12,12,42,2,2,2,2,2,2,3,3,6,6,5,5,6,6,,,,,,194,2,5.333333333333333,16.375,,,,,2,2,3,3,3,3,,,3.0,3,1,1,7,7,27,1,,,-100,1,1,,1,,,,16,16,15,15,15,15,14,14,,,,,5,5,5,5,1,1,3,3,1,1,1,1,,,2,2,1,1,,,,,,,,,12.291666666666666,6.0,24.458333333333332,15.0,15.0,1.0,6.0,3.0,7.916666666666667,3,1,6,6,10,15,15,30,1,1,,,1,1,6,6,2,2,5,5,,,2,2,2,12,1,5.916666666666667,4.0,24.458333333333332,15.0,4,8,15,30,,,,,,,,,,,,,,,,,,,,,,,,,,,,,,,,,,,,,,,,,,,,,,,,,,,,,,,,,,,,,,,,,,,,,,,,,,,,,,,,,,,,,,,,,,,,,,,,,,,,,,,,,,,,,,,,,,,,,,,,,,,,,,,,,,,,,,,,,,,,,,,,,,,,,,,,,,,,,,,,,,,,,,,,,,,,,,,,,,,,,,,,,,,,,,,,,,,,,,,,,,,,,,,,,,,,,,,,,,,,,,,,,,,,,,,,,,,,,,,,,,,,,,,,,,,,,,,,,,,,,,,,,,,,,,,,,,,,,,,,,,,,
96401,cow_milk_engine,1,9,303.0,1083.0,208,208,125,208,0,0,-54.0,8,,,,,,,-400,1,428,13,,,1,1,,,3,3,2,2,2,2,1,1,3,3,,,,,4,4,,,4,4,1,1,2,2,2,2,6,6,,,7,7,2,2,6,6,2,2,7,7,7,7,,,2.0,44.0,4.333333333333333,4.333333333333333,12.0,1.5416666666666667,0.4583333333333333,12.0,15.166666666666666,4.333333333333333,2.125,,12,12,49,6,6,6,2,2,2,1,1,2,2,2,2,3,3,,,,,,194,2,,,,,,,5,5,,,4,4,1,1,3.0,3,2,2,,,,10,,,,,,0.8333333333333334,2,3,2,2,1,1,17,17,3,3,7,7,7,7,,,12,12,13,13,,,8,8,1,1,,,1,1,2,2,6,6,1,1,4,4,,,,,14.791666666666666,9.708333333333334,17.125,8.458333333333334,8.458333333333334,1.0,9.708333333333334,3.8333333333333335,15.916666666666666,4,1,13,13,23,2,2,2,,,2,2,5,5,11,11,,,2,2,,,3,,,,,12.208333333333334,6.0,16.625,7.958333333333333,6,16,,,2112,12,-1500,3,15,15,45,2,2,1,1,1,1,1.1666666666666667,2,,,,,,,,,,,,,,,,,,,,,,,,,,,,,,,,,,,,,,,,,,,,,,,,,,,,,,,,,,,,,,,,,,,,,,,,,,,,,,,,,,,,,,,,,,,,,,,,,,,,,,,,,,,,,,,,,,,,,,,,,,,,,,,,,,,,,,,,,,,,,,,,,,,,,,,,,,,,,,,,,,,,,,,,,,,,,,,,,,,,,,,,,,,,,,,,,,,,,,,,,,,,,,,,,,,,,,,,,,,,,,,,,,,,,,,,,,,,,,,,,,,,,,,,,,,,,,,,,,,,,,,,,,,,,
96401,cow_milk_engine,1,10,1083.0,1581.0,254,254,188,253,1,0,-143.0,10,-68,2,,,,,-400,1,,,,,1,1,2,2,7,7,2,2,2,2,3,3,4,4,,,2,2,,,3,3,2,2,4,4,3,3,8,8,11,11,,,12,12,2,2,11,11,2,2,13,13,5,5,,,2.0833333333333335,46.875,6.0,7.541666666666667,10.625,2.1666666666666665,1.9583333333333333,10.625,11.375,6.0,0.375,2,8,8,37,6,6,8,3,2,2,5,5,7,7,4,4,1,1,,,,,,,,2.0,3.5416666666666665,2,4,,,6,6,3,3,11,11,4,4,3.0,3,6,5,,,,4,,,,,,4.333333333333333,,6,1,1,,,3,3,2,2,1,1,,,,,3,3,10,10,1,1,8,8,3,3,2,2,,,2,2,8,8,2,2,1,1,,,,,14.125,11.125,2.5416666666666665,2.5416666666666665,2.5416666666666665,1.0,11.125,4.0,18.0,4,1,9,9,13,3,3,3,5,5,8,8,3,3,3,3,,,3,3,2,2,5,2,2,6,,11.0,4.125,,,2,6,,,,,,,,,,,,8,8,5,5,2.0,2,1109,32,4,4,24,4,4,16,1,1,1,1,1,1,2,2,1,1,2,2,2,2,1,1,1,1,0.4583333333333333,32.166666666666664,6.625,0.4583333333333333,0.4583333333333333,0.2916666666666667,2,4,20,1,1,1,2,,,,,,,,,,,,,,,,,,,,,,,,,,,,,,,,,,,,,,,,,,,,,,,,,,,,,,,,,,,,,,,,,,,,,,,,,,,,,,,,,,,,,,,,,,,,,,,,,,,,,,,,,,,,,,,,,,,,,,,,,,,,,,,,,,,,,,,,,,,,,,,,,,,,,,,,,,,,,,,,,,,,,,,,,,,,,,,,,,,,,,,,,,,,,,,,,,,,,,,,,,,,,,,,,,,,,,,,,,,,,,,,,,,,,,
96401,cow_milk_engine,1,11,1581.0,4850.0,298,298,217,296,2,0,-376.0,12,-350,10,,,-70,7,-400,1,136,4,1,1,2,2,2,2,8,8,4,4,3,3,2,2,7,7,,,1,1,3,3,1,1,8,8,11,11,1,1,5,5,7,7,,,7,7,1,1,5,5,3,3,7,7,1,1,,,3.0,31.708333333333332,7.458333333333333,12.666666666666666,6.791666666666667,0.3333333333333333,4.25,6.791666666666667,12.958333333333334,7.458333333333333,1.125,2,3,3,14,9,9,16,3,2,2,3,3,2,2,6,6,6,6,,,,,,,,6.0,11.208333333333334,6,13,,,2,2,,,10,10,5,5,3.0,3,11,9,,,,6,,,-200,2,,3.2083333333333335,1,1,,,3,3,3,3,3,3,3,3,4,4,,,11,11,13,13,,,12,12,2,2,1,1,,,3,3,9,9,1,1,6,6,,,,,7.666666666666667,9.791666666666666,3.8333333333333335,3.0,3.0,1.0,9.791666666666666,4.0,17.5,4,1,11,11,18,3,3,5,2,2,10,10,4,4,12,12,3,3,8,8,,,2,,,,,15.875,8.166666666666666,2.8333333333333335,2.0,7,14,2,4,930,6,-2000,4,,,,3,3,4,4,5,5,3.5416666666666665,3,402,13,5,5,30,2,2,8,,,,,,,,,3,3,3,3,3,3,1,1,3,3,1.0,31.708333333333332,6.791666666666667,1.0,1.0,2.2916666666666665,2,3,14,1,1,1,3,5197,20,2,2,1,1,3,3,2,2,2,2,1,1,1,1,2,2,1,1,1,1,2,0.3333333333333333,0.4583333333333333,5.0,5.0,3.0,0.125,3.0,1,2,1,2,3,2,3,,,,,,,,,,,,,,,,,,,,,,,,,,,,,,,,,,,,,,,,,,,,,,,,,,,,,,,,,,,,,,,,,,,,,,,,,,,,,,,,,,,,,,,,,,,,,,,,,,,,,,,,,,,,,,,,,,,,,,,,,,,,,,,,,,,,,,,,,,,,,,,,,,,,,,,,,,,,,,,,,,,,,,,,,,,,,,,,,,,,,,,,,,,,,,,,,
96401,cow_milk_engine,1,12,4850.0,11743.0,297,297,222,297,0,0,-376.0,12,-1194,32,,,-20,2,,,,,6,6,,,6,6,,,4,4,3,3,6,6,3,3,,,6,6,1,1,1,1,7,7,8,8,4,4,5,5,5,5,,,3,3,2,2,1,1,3,3,10,10,1,1,,,3.0416666666666665,12.708333333333334,8.25,15.875,2.5833333333333335,0.9583333333333334,3.7916666666666665,2.5833333333333335,8.75,8.25,2.6666666666666665,4,1,1,5,8,8,16,4,3,3,6,6,,,,,9,9,,,,,,575,6,4.958333333333333,12.583333333333334,4,12,,,10,10,3,3,12,12,3,3,3.0,3,4,4,2,2,7,3,,,-500,5,,1.0833333333333333,,1,,,,,3,3,1,1,1,1,,,,,9,9,9,9,1,1,5,5,2,2,3,3,2,2,5,5,7,7,2,2,2,2,,,,,10.416666666666666,11.0,3.875,2.0416666666666665,2.0416666666666665,1.0,11.0,4.875,22.541666666666668,6,1,11,11,25,1,1,2,3,3,2,2,1,1,10,10,,,17,17,,,3,2,2,6,,18.541666666666668,7.0,3.875,2.0416666666666665,7,21,1,2,,,,,2,2,6,,,,,5,5,2.9166666666666665,2,,,2,2,12,,,,,,1,1,2,2,,,2,2,4,4,4,4,3,3,4,4,1.6666666666666667,12.708333333333334,2.5833333333333335,1.0,1.0,3.0,1,1,5,1,1,2,3,8280,34,3,3,1,1,7,7,1,1,2,2,1,1,1,1,2,2,3,3,1,1,3,1.0833333333333333,1.0833333333333333,5.5,5.5,2.8333333333333335,1.0,2.8333333333333335,2,1,1,2,3,2,3,128,2,0,1,0,6,0,3,0,3,1,1,4,4,1,1,2,2,1,1,1,1,1,1,1,1,1,1,1,1,2,2,1,1,1,1,2,2,1,1,1,1,1.6666666666666667,0.5,1.0,1,2,1,,,,,,,,,,,,,,,,,,,,,,,,,,,,,,,,,,,,,,,,,,,,,,,,,,,,,,,,,,,,,,,,,,,,,,,,,,,,,,,,,,,,,,,,,,,,,,,,,,,,,,,,,,,,,,,,,,,,,,,,,,,,,,,,,,,,,,,,,,,,,,,,,
96401,cow_milk_engine,1,13,11743.0,15884.0,292,292,194,290,2,0,-376.0,12,-748,20,,,-110,11,,,1769,47,6,6,,,5,5,4,4,3,3,4,4,1,1,4,4,,,6,6,4,4,,,11,11,12,12,6,6,4,4,2,2,,,,,3,3,,,4,4,6,6,,,,,4.0,5.0,9.083333333333334,18.083333333333332,1.0,,4.0,1.0,10.958333333333334,9.083333333333334,2.3333333333333335,5,,,,8,8,11,4,4,4,1,1,,,,,4,4,,,,,,285,3,6.416666666666667,15.416666666666666,3,6,,,3,3,,,7,7,4,4,3.0,3,7,5,4,4,16,5,,,-100,1,,2.7083333333333335,,4,,,1,1,1,1,2,2,,,2,2,,,4,4,13,13,,,3,3,,,3,3,3,3,6,6,7,7,3,3,3,3,,,,,11.375,7.916666666666667,1.375,0.6666666666666666,0.6666666666666666,1.0,7.916666666666667,7.708333333333333,16.666666666666668,9,1,6,6,10,,,,3,3,2,2,,,4,4,1,1,16,16,1,1,4,,,,,15.916666666666666,7.166666666666667,1.375,0.6666666666666666,4,8,,,487,3,,,1,1,3,,,6,6,5,5,1.5833333333333333,1,,,1,1,5,7,7,28,,,1,1,1,1,,,3,3,7,7,3,3,3,3,2,2,1.2083333333333333,5.0,1.0,0.5833333333333334,0.5833333333333334,3.0,,,,,,,3,2742,12,3,3,1,1,4,4,1,1,3,3,3,3,5,5,2,2,6,6,,,,2.4166666666666665,1.875,8.0,8.0,3.0,1.0,3.0,3,,1,3,8,3,8,192,3,0,3,,,,,0,2,1,1,4,4,1,1,2,2,2,2,5,5,3,3,1,1,,,1,1,,,,,,,1,1,1,1,,,1.2083333333333333,1.0,0.5833333333333334,,,1,1,1,1,1,1,1,3,,,,,,,,,,,,,,,,,,,,,,,,,,,,,,,,,,,,,,,,,1.0,1,,,,,,,,,,,,,,,,,,,,,,,,,,,,,,,,,,,,,,,,,,,,,,,,,,,,,,,,,,2,2,,,,,,,,,,,,,,,,,,,,,,,,,,,,,,,,,,,,,
96401,cow_milk_engine,1,14,15884.0,17988.0,292,292,208,292,0,0,-376.0,12,-2863,76,-240,3,,,,,3532,94,,,,,1,1,,,3,3,3,3,1,1,1,1,,,2,2,4,4,,,10,10,11,11,2,2,7,7,9,9,1,1,1,1,4,4,,,3,3,9,9,1,1,,,4.0,0.6666666666666666,9.916666666666666,14.958333333333334,0.6666666666666666,,6.583333333333333,0.6666666666666666,6.875,9.916666666666666,2.4166666666666665,,1,1,1,12,12,19,4,4,4,2,2,,,,,9,9,,,,,,749,8,4.0,9.041666666666666,4,11,,,4,4,3,3,8,8,6,6,3.0,3,4,4,,,,2,,,,,,1.75,,,,,,,,,,,,,2,2,,,1,1,6,6,1,1,6,6,1,1,2,2,,,4,4,9,9,3,3,4,4,,,,,10.791666666666666,7.041666666666667,,,,1.0,7.041666666666667,9.0,12.916666666666666,9,1,8,8,16,,,,3,3,5,5,,,11,11,5,5,2,2,1,1,7,2,2,4,,9.875,4.0,,,4,12,,,,,,,,,,,,,,12,12,0.5,,197,6,,,,,,,,,,,,,1,1,2,2,6,6,2,2,3,3,5,5,,,,,,3.0,1,,,,,,3,1105,5,3,3,,,7,7,1,1,9,9,4,4,4,4,,,4,4,3,3,11,3.5,2.8333333333333335,8.708333333333334,8.708333333333334,2.375,1.0,2.375,4,1,1,,,,,,,,,,,,,,,1,1,7,7,1,1,2,2,3,3,4,4,3,3,1,1,,,1,1,2,2,1,1,,,3,3,,,,,,1.0,,,,1,1,1,1,1,,,,,,,,2,2,4,4,2,2,1,1,3,3,,,1,1,,1.2083333333333333,1.0,1.2083333333333333,1.2083333333333333,1.0,1.0,1.0,1,1,1,1,2,2,2,,,,,,,,1.0,1,1,1,,,,,,,,,,,,,,,,,,,,,,,,,,,,,,,,,,,,,,,,,,,,,,,,,,,,,,,,,,,,,,,,,,,,,,,,,,,,,,,,,,,,,,,,,,,,,,
96401,cow_milk_engine,1,15,17988.0,19415.0,298,298,209,296,0,2,-376.0,12,-1236,32,-240,3,-70,7,,,858,22,7,7,,,8,8,,,4,4,3,3,3,3,1,1,1,1,4,4,1,1,,,12,12,10,10,4,4,11,11,6,6,,,,,4,4,,,4,4,7,7,,,,1,4.0,1.0,11.375,18.958333333333332,1.0,,3.4583333333333335,1.0,10.166666666666666,11.375,0.7916666666666666,5,1,1,1,10,10,16,4,3,3,2,2,,,1,1,2,2,1,,,,,1010,11,6.916666666666667,14.5,5,11,,,,,,,,,5,5,0.125,,1,1,3,3,12,2,,,,,,0.9166666666666666,,1,,,,,,,,,,,3,3,,,7,7,11,11,1,1,,,4,4,3,3,,,7,7,17,17,2,2,,,,,,,11.75,7.083333333333333,,,,1.0,7.083333333333333,9.0,13.0,9,1,7,7,9,,,,,,4,4,,,13,13,2,2,14,14,,,4,,,,,10.166666666666666,4.25,,,2,4,,,763,4,,,,,,,,4,4,7,7,,,,,,,,4,4,16,,,,,,,,,2,2,4,4,2,2,3,3,3,3,,,,,,3.0,,,,,,,3,,,3,3,,,6,6,,,5,5,4,4,3,3,,,6,6,,,,4.0,3.125,,,,1.0,,4,,1,,,,,718,11,,,,,,,,,1,1,10,10,1,1,2,2,4,4,3,3,4,4,1,1,,,1,1,2,2,1,1,,,2,2,1,1,,,,1.0,,,,1,1,1,,,,,,,,,,,,3,3,,,,,,,,,2,2,,2.0,1.25,2.0,2.0,0.4166666666666667,1.25,0.4166666666666667,,,,,2,2,2,1,1,3,2,2,3,3,3.7083333333333335,1,,,,,,,,,,,,,,,,,,,,,,,,,,,,,,,,,,,,,,,,,,,,,,,,,,,,,,,,,,,,,,,,,,,,,,,,,,,,,,,,,,,,,,,,,,,,,,,,
96401,cow_milk_engine,1,16,19415.0,20488.0,298,298,190,276,0,22,-376.0,12,-1173,30,-80,1,-10,1,,,1798,46,6,6,,,4,4,,,2,2,3,3,3,3,,,3,3,1,1,2,2,,,12,12,11,11,5,5,10,10,8,8,3,3,4,4,4,4,2,2,2,2,5,5,1,1,,,4.0,2.75,11.041666666666666,19.791666666666668,2.75,,5.541666666666667,2.75,7.75,11.041666666666666,2.4583333333333335,2,4,4,4,11,11,23,4,4,4,3,3,,,3,3,9,9,8,,,,,719,8,8.75,17.5,8,20,,,,,,,,,5,5,,,,,1,1,4,,,,,,,0.375,,,,,,,,,,,,,1,1,,,5,5,8,8,1,1,5,5,2,2,3,3,,,7,7,14,14,3,3,,,,,1,,10.041666666666666,7.625,,,,1.0,7.625,9.0,11.875,9,1,8,8,14,,,,,,2,2,,,12,12,4,4,10,10,,,2,2,2,4,,8.25,4.0,,,4,10,,,,,,,,,,,,,,9,9,,,,,,,,,,,,,,,,,,,2,2,3,3,2,2,3,3,2,2,,,,,,3.0,2,,,,,,3,,,3,3,,,4,4,,,4,4,4,4,1,1,,,3,3,,,,4.0,4.166666666666667,,,,1.0,,4,3,1,,,,,195,3,,,,,,,,,1,1,6,6,1,1,4,4,4,4,2,2,2,2,,,,,1,1,1,1,1,1,,,1,1,1,1,,,,1.0,,,,1,1,1,,,,,,,,,,,,3,3,2,2,,,,,,,2,2,3,2.0,0.6666666666666666,2.0,2.0,0.3333333333333333,0.6666666666666666,0.3333333333333333,,,,,2,2,2,1,1,2,1,1,1,1,0.75,,,,2,2,4,2,2,10,,0.875,1.75,1.75,0.875,,,,,,,,3,1,1,,,,,,,,,,,7,,,,,,,,,,,,,,,,,,,,,,,,,,,,,,,,,,,,,,,,,,,,,,,,,,,,,,,,,,,,,,
96401,cow_milk_engine,1,17,20488.0,25089.0,298,298,209,296,0,2,-376.0,12,-480,12,,,-60,6,,,360,9,4,4,,,6,6,1,1,4,4,3,3,1,1,,,3,3,4,4,2,2,,,12,12,12,12,4,4,9,9,3,3,1,1,3,3,2,2,4,4,4,4,7,7,4,4,,,4.0,4.833333333333333,10.666666666666666,21.375,4.833333333333333,,3.9583333333333335,4.833333333333333,13.458333333333334,10.666666666666666,1.5,3,5,5,5,9,9,17,4,4,4,1,1,,,2,2,8,8,1,,,,,968,11,7.708333333333333,18.416666666666668,5,13,,,,,,,,,5,5,,,,,4,4,16,3,,,,,,0.25,,,,,,,,,,,,,2,2,,,4,4,10,10,1,1,7,7,2,2,2,2,,,6,6,12,12,4,4,1,1,,,,,11.708333333333334,7.75,,,,1.0,7.75,9.0,14.333333333333334,9,1,8,8,15,,,,,,4,4,,,9,9,3,3,15,15,,,5,,,,,12.541666666666666,5.958333333333333,,,5,12,,,806,4,,,,,,,,1,1,8,8,,,,,,,,2,2,8,,,,,,,,,2,2,9,9,,,3,3,2,2,,,,,,3.0,,,,,,,3,,,3,3,,,6,6,,,5,5,4,4,1,1,,,2,2,,,,4.0,2.25,,,,1.0,,4,,1,,,,,132,2,,,,,,,,,1,1,9,9,1,1,4,4,4,4,2,2,4,4,1,1,,,1,1,2,2,1,1,2,2,3,3,1,1,,,,1.0,,,,1,1,1,,,,,,,,,,,,4,4,,,1,1,1,1,,,2,2,1,2.0,0.6666666666666666,2.0,2.0,0.3333333333333333,0.6666666666666666,0.3333333333333333,,,,,2,2,2,1,1,2,,,,,,,,,1,1,2,1,1,3,,0.5416666666666666,1.0833333333333333,1.0833333333333333,0.5416666666666666,2228,10,1023,4,1,1,5,,,,,,,,,,,,,,,,,,,,,,,,,,,,,,,,,,,,,,,,,,,,,,,,,,,,,,,,,,,,,,,,,,,,,,,,,,,,
96401,cow_milk_engine,1,18,25089.0,28521.0,291,291,200,289,0,2,-376.0,12,-483,12,,,-60,6,,,1092,27,1,1,,,3,3,2,2,3,3,2,2,3,3,2,2,,,1,1,3,3,,,11,11,10,10,2,2,8,8,6,6,,,3,3,3,3,8,8,4,4,7,7,8,8,1,,4.0,5.0,8.25,13.833333333333334,5.0,,4.291666666666667,5.0,10.291666666666666,8.25,3.75,4,5,5,5,8,8,12,4,4,4,5,5,1,1,5,5,8,8,,,,-50,1,944,11,4.958333333333333,10.541666666666666,3,7,,,,,,,,,4,4,,,,,4,4,15,3,,,,,,0.375,,1,,,,,,,,,,,2,2,,,4,4,8,8,,,5,5,,,,,,,6,6,11,11,2,2,1,1,,,,1,11.291666666666666,7.833333333333333,,,,0.041666666666666664,7.833333333333333,9.0,14.0,9,,8,8,15,,,,,,3,3,,,7,7,,,14,14,,,5,3,3,10,,11.0,4.833333333333333,,,4,11,,,,,,,,,,,,2,2,8,8,,,,,,,,2,2,8,,,,,,,,,1,1,4,4,2,2,3,3,4,4,,,,,,3.0,,,,,,,3,,,3,3,,,3,3,,,5,5,4,4,4,4,1,1,3,3,,,,4.0,2.75,,,,1.0,,4,,1,,,,,132,2,,,,,,,,,1,1,5,5,1,1,3,3,4,4,4,4,4,4,1,1,,,1,1,2,2,1,1,,,3,3,1,1,,,,1.0,,,,1,1,1,1,1,,,,,,,,,,4,4,2,2,,,1,1,1,1,3,3,,2.0,,2.0,2.0,,,,,,,,2,2,2,,,,1,1,,,,,1,1,2,2,4,,,,,1.25,2.5,2.5,1.25,1710,8,523,2,1,1,5,,,,1,1,0.75,,,,,,,,,,,,,,,,,,,,,,,,,,,,,,,,1,1,,,,,,,,,,,,,2,2,,,,,,,,,,,,,,,,,,,,,,,
96401,cow_milk_engine,1,19,28521.0,33564.0,292,292,190,282,0,10,-376.0,12,-492,12,,,-50,5,,,820,20,3,3,,,1,1,2,2,3,3,3,3,1,1,1,1,,,5,5,3,3,,,11,11,8,8,6,6,6,6,9,9,,,5,5,3,3,4,4,4,4,5,5,8,8,2,,4.0,5.0,8.833333333333334,13.625,5.0,,3.9166666666666665,5.0,9.416666666666666,8.833333333333334,3.1666666666666665,2,5,5,5,10,10,16,4,4,4,3,3,,,3,3,3,3,1,,,,,1002,12,4.375,9.166666666666666,4,10,,,,,,,,,3,3,,,,,1,1,4,,,,,,,0.7916666666666666,,1,,,,,,,,,,,3,3,,,10,10,11,11,,,2,2,,,,,,,8,8,10,10,4,4,1,1,,,2,,12.958333333333334,8.208333333333334,,,,,8.208333333333334,9.0,14.791666666666666,9,,8,8,12,,,,,,4,4,,,6,6,,,5,5,,,2,,,,,11.666666666666666,5.083333333333333,,,3,7,,,2055,10,,,,,,,,5,5,9,9,,,,,,,,3,3,12,,,,,,,,,3,3,6,6,4,4,3,3,4,4,,,,,,3.0,,,,,,,3,,,3,3,,,5,5,,,3,3,4,4,4,4,,,7,7,,,,4.0,3.375,,,,1.0,,4,,1,,,,,,,,,,,,,,,,,9,9,1,1,1,1,4,4,4,4,4,4,1,1,,,1,1,1,1,1,1,,,3,3,,,,,,1.0,,,,1,1,1,2,2,,,,,,,,,,3,3,1,1,,,,,1,1,,,2,2.0,,2.0,2.0,,,,,,,,2,2,2,,,,,,,,,,1,1,2,2,4,2,2,5,,1.3333333333333333,2.6666666666666665,2.6666666666666665,1.3333333333333333,1005,5,1079,4,1,1,5,1,,,,,,1,1,6,,,,,2,,,,,,,,,,,,,,,,,,,,,,,,,,,,,,,,,,,,,,2,2,,,,,,,,,,,,,,,,,,,,,,,
96401,cow_milk_engine,1,20,33564.0,38438.0,292,292,208,292,0,0,-376.0,12,-504,12,,,-30,3,,,672,16,,,,,2,2,2,2,3,3,4,4,,,,,,,2,2,2,2,,,7,7,15,15,3,3,7,7,5,5,,,1,1,4,4,4,4,4,4,5,5,8,8,,,4.0,5.0,10.291666666666666,17.166666666666668,5.0,,5.208333333333333,5.0,13.083333333333334,10.291666666666666,1.7083333333333333,2,5,5,5,10,10,16,4,3,3,3,3,,,4,4,4,4,,,,,,813,10,6.458333333333333,13.333333333333334,5,11,,,,,,,,,6,6,,,,,2,2,7,8,,,,,,0.75,,,,,,,,,,,,,2,2,,,12,12,9,9,,,6,6,,,,,,,7,7,12,12,2,2,,,,,,,10.333333333333334,8.25,,,,,8.25,9.0,13.625,9,,9,9,15,,,,,,4,4,,,16,16,,,15,15,,,3,4,4,13,,9.916666666666666,4.541666666666667,,,4,10,,,1228,6,,,,,,,,2,2,10,10,,,,,,,,1,1,4,,,,,,,,,3,3,5,5,1,1,3,3,3,3,,,,,,3.0,,,,,,,3,,,3,3,,,5,5,,,4,4,4,4,2,2,,,4,4,,,,4.0,3.1666666666666665,,,,1.0,,4,,1,,,,,,,,,,,,,,,2,2,8,8,1,1,3,3,4,4,4,4,4,4,1,1,,,1,1,2,2,1,1,,,2,2,1,1,,,,1.0,,,,1,1,1,1,1,,,,,,,,,,4,4,2,2,,,1,1,,,2,2,,2.0,,3.4166666666666665,2.0,,,,,,,,2,2,4,,,,3,3,,,,,,,,,,1,1,3,,2.0,2.0,2.0,2.0,1962,10,1109,4,2,2,8,,,,,,,,,,,,,,,,,,,,,,,,,,,,,2,2,2,2,,,,,,,,,,,,,,,,,,,,2,2,,,,,,,,,,,,,,,,,,,,,,,
96401,cow_milk_engine,1,21,38438.0,43297.0,297,297,210,295,0,2,-376.0,12,-520,12,,,-30,3,,,473,11,,,,,2,2,,,5,5,3,3,2,2,,,,,1,1,2,2,,,11,11,17,17,5,5,5,5,14,14,,,5,5,4,4,10,10,4,4,8,8,7,7,,,4.0,5.708333333333333,10.333333333333334,18.791666666666668,5.0,,4.625,5.0,8.5,10.333333333333334,1.0833333333333333,1,5,5,6,10,10,18,4,4,4,5,5,3,3,7,7,19,19,,-20,1,,,636,8,7.458333333333333,15.916666666666666,6,14,,,,,,,,,3,3,,,,,2,2,8,1,,,,,,0.5,,2,,,,,,,,,,,,,,,5,5,7,7,,,6,6,,,,,,,6,6,11,11,1,1,1,1,,,,,13.875,8.5,,,,,8.5,9.0,15.5,9,,7,7,13,,,,,,3,3,,,4,4,,,5,5,,,5,,,,,13.5,6.5,,,5,11,,,2666,13,,,,,,,,2,2,6,6,,,,,,,,2,2,8,1,1,1,1,,,,,3,3,3,3,6,6,3,3,7,7,0.5833333333333334,,,0.5833333333333334,0.5833333333333334,3.0,,,,1,1,1,3,,,3,3,2,2,4,4,,,2,2,4,4,2,2,,,3,3,,,,4.0,4.833333333333333,,,,1.0,,4,1,1,,,,,,,,,,,,,,,1,1,6,6,1,1,1,1,4,4,2,2,3,3,1,1,,,1,1,,,1,1,1,1,2,2,1,1,2,2,,1.0,,,,1,,,,,,,,,,,,,,4,4,2,2,,,,,,,1,1,,2.0,,5.125,2.0,,,,,,,,2,2,6,,,,1,1,,,,,,,1,1,2,,,,,3.5,5.0,5.0,3.5,2030,11,,,1,1,4,,,,,,,1,1,3,,,1,1,2,,,,,,,,,,,,,,,3,4,3,4,,,,,,,,,,,,,,1,1,,,,,4,4,,,,,,,,,,,,,,,,,,,,,,,
96401,cow_milk_engine,1,22,43297.0,48009.0,298,298,210,298,0,0,-376.0,12,-396,9,,,-40,4,,,886,20,3,3,,,3,3,1,1,4,4,3,3,3,3,,,,,3,3,1,1,,,6,6,8,8,4,4,5,5,2,2,,,,,2,2,3,3,4,4,7,7,7,7,,,4.0,6.0,9.75,18.125,5.0,,5.333333333333333,5.0,14.541666666666666,9.75,1.25,3,5,5,6,8,8,14,4,4,4,,,2,2,2,2,1,1,,,,,,930,12,7.333333333333333,15.708333333333334,5,11,,,,,,,,,5,5,,,,,3,3,10,10,,,,,,1.0416666666666667,,,,,,,,,,,,,4,4,,,6,6,11,11,,,7,7,,,,,,,6,6,14,14,6,6,2,2,,,,,9.666666666666666,7.958333333333333,,,,,7.958333333333333,9.0,14.375,9,,9,9,16,,,,,,7,7,,,12,12,,,13,13,,,3,3,3,9,,12.166666666666666,5.75,,,5,12,,,627,3,,,,,,,,1,1,10,10,,,,,,,,2,2,8,,,,,,,,,3,3,6,6,2,2,3,3,1,1,1.0,,,1.0,1.0,3.0,,,,1,1,1,3,,,3,3,,,4,4,,,7,7,4,4,6,6,1,1,5,5,,,,4.0,2.4583333333333335,,,,1.0,,4,,1,,,,,,,,,,,,,,,1,1,7,7,1,1,2,2,4,4,5,5,4,4,1,1,,,1,1,2,2,1,1,1,1,2,2,1,1,,,,1.0,,,,1,1,1,,,,,,,,,,,,6,6,2,2,,,1,1,3,3,4,4,,2.0,,6.958333333333333,2.0,,,,,,,,2,2,8,,,,1,1,,,,,,,4,4,10,2,2,7,,3.3333333333333335,6.708333333333333,6.708333333333333,3.3333333333333335,682,4,2399,8,1,1,4,,,,,,,,,,,,,,,,,,,,2.0,2.0,1.0,1.0,,1,2,1,2,1,1,1,1,,,,,,,,,,,,,,,,,,,,2,2,3,3,,,,,,,,,,,,,,,,,,,,,
96401,cow_milk_engine,1,23,48009.0,53036.0,297,297,206,295,0,2,-376.0,12,-540,12,,,-70,7,,,540,12,7,7,,,6,6,,,4,4,4,4,3,3,1,1,,,4,4,4,4,,,12,12,6,6,10,10,3,3,6,6,,,5,5,3,3,10,10,4,4,6,6,10,10,,,4.0,9.791666666666666,7.958333333333333,14.041666666666666,5.0,,4.583333333333333,5.0,5.708333333333333,7.958333333333333,3.0416666666666665,2,5,5,11,9,9,14,4,4,4,6,6,1,1,7,7,8,8,1,,,,,679,9,5.208333333333333,11.291666666666666,4,9,,,,,,,,,3,3,,,,,3,3,11,,,,,,,0.5833333333333334,,3,,,,,,,,,,,1,1,,,5,5,7,7,,,4,4,,,,,,,6,6,9,9,4,4,5,5,,,1,,13.208333333333334,8.416666666666666,,,,,8.416666666666666,7.083333333333333,14.291666666666666,7,,7,7,11,,,,,,3,3,,,3,3,,,2,2,,,5,1,1,2,,10.041666666666666,4.166666666666667,,,2,6,,,1928,9,,,,,,,,3,3,8,8,,,,,,,,3,3,11,,,1,1,1,1,,,2,2,2,2,9,9,3,3,3,3,1.7083333333333333,,,1.0,1.0,3.0,,,,1,1,2,3,,,3,3,2,2,3,3,,,1,1,3,3,3,3,1,1,4,4,,,,4.0,3.875,,,,1.0,,4,,1,,,,,,,,,,,,,,,2,2,6,6,1,1,2,2,4,4,3,3,4,4,1,1,,,1,1,1,1,1,1,2,2,,,2,2,1,1,1.7083333333333333,1.0,1.0,1,2,1,,,3,3,,,,,,,,,,3,3,1,1,,,,,1,1,,,,2.0,,8.625,2.0,,,,,,,,2,2,9,,,,,,,,,,,,1,1,2,1,1,4,,5.75,6.5,6.5,5.75,1658,11,1208,4,1,1,4,,,,1,1,1.9166666666666667,1,1,3,,,,,,0,1,1,1,2,1.75,1.75,0.875,0.875,1,,,,,5,5,5,5,,,,,,,,,,,,,,2,2,,,,,3,3,,,,,,,,,,,,,,,,,,,,,,,
96401,cow_milk_engine,1,24,53036.0,57950.0,291,291,202,291,0,0,-376.0,12,-542,12,,,-70,7,,,994,22,2,2,,,6,6,2,2,3,3,2,2,2,2,3,3,,,4,4,2,2,,,8,8,7,7,3,3,8,8,4,4,,,4,4,3,3,2,2,3,3,7,7,11,11,,,4.0,12.5,9.5,15.0,5.0,,4.833333333333333,5.0,11.541666666666666,9.5,1.9583333333333333,3,5,5,15,9,9,14,4,4,4,3,3,,,2,2,1,1,,,,,,1023,14,4.416666666666667,9.916666666666666,3,8,,,,,,,,,6,6,,,,,2,2,7,4,,,,,,2.0833333333333335,,1,,,,,,,,,,,5,5,,,10,10,11,11,,,7,7,,,,,,,3,3,9,9,2,2,3,3,,,,,8.625,8.5,,,,,8.5,6.041666666666667,13.458333333333334,6,,10,10,14,,,,,,11,11,,,14,14,,,7,7,,,4,3,3,8,,10.166666666666666,5.208333333333333,,,4,8,,,1082,5,,,,,,,,5,5,10,10,,,,,,,,2,2,8,,,1,1,,,,,2,2,4,4,2,2,3,3,4,4,1.125,3.0,1.0,0.5416666666666666,0.5416666666666666,3.0,1,1,3,,,,3,,,3,3,,,3,3,,,3,3,4,4,3,3,1,1,3,3,,,,4.0,2.4166666666666665,,,,1.0,,4,,1,,,,,,,0,4,,,,,,,1,1,6,6,1,1,2,2,4,4,5,5,4,4,1,1,,,1,1,1,1,1,1,1,1,2,2,,,,,1.125,1.0,0.5416666666666666,,,1,1,1,,,1,1,3,,,,,,,3,3,2,2,,,1,1,,,2,2,,1.4166666666666667,,6.875,1.4166666666666667,,,,,,,,1,1,5,,,,,,,,,,1,1,2,2,5,,,,,5.0,6.5,6.5,5.0,933,8,1870,6,2,2,7,,,,,,1.9583333333333333,,,,,,,,,,,1,1,2,1.25,1.25,0.625,0.625,2,,,,,4,4,4,4,,,1,1,6,,,6.875,1.4166666666666667,,,,,,,,,,,1,1,1,1,1,5,,,,,,,,,,,,,,,,,,,
96401,cow_milk_engine,1,25,57950.0,63513.0,290,290,210,290,0,0,-376.0,12,-555,12,,,-50,5,,,552,12,4,4,,,,,3,3,3,3,3,3,3,3,2,2,,,2,2,2,2,,,8,8,9,9,4,4,3,3,11,11,,,5,5,2,2,7,7,4,4,3,3,10,10,,,4.0,17.291666666666668,9.333333333333334,15.833333333333334,5.0,,4.291666666666667,5.0,10.416666666666666,9.333333333333334,2.6666666666666665,3,5,5,20,9,9,14,4,4,4,4,4,,,2,2,10,10,,,,,,846,12,6.708333333333333,13.208333333333334,5,10,,,,,,,,,5,5,,,,,2,2,8,3,,,,,,0.9166666666666666,,2,,,,,,,,,,,2,2,,,12,12,9,9,,,6,6,,,,,,,5,5,11,11,2,2,5,5,,,,,10.666666666666666,11.0,,,,,11.0,6.0,17.416666666666668,6,,12,12,21,,,,,,3,3,,,22,22,,,6,6,,,4,1,1,2,,11.416666666666666,5.0,,,5,14,,,1793,8,,,,,,,,,,9,9,,,132,3,,,,,,,,,,,,,,,1,1,4,4,4,4,3,3,4,4,,3.6666666666666665,1.0,,,3.0,,1,4,,,,3,1359,6,2,2,,,1,1,,,6,6,4,4,3,3,1,1,2,2,,,,4.0,4.583333333333333,,,,1.0,,4,3,1,,,,,,,,,,,,,,,1,1,7,7,1,1,4,4,4,4,4,4,2,2,,,,,1,1,1,1,1,1,1,1,,,,,,,,1.0,,,,1,1,1,3,3,,,,,,,,,,1,1,1,1,,,,,,,,,,0.5416666666666666,,2.75,0.5416666666666666,,,,,,,,,,,,,,2,2,,,,,,,4,4,8,1,1,3,,1.5416666666666667,3.0833333333333335,3.0833333333333335,1.5416666666666667,603,7,1259,4,1,1,4,,,,2,2,1.5416666666666667,1,1,3,,,,,,,,,,,,,,,,,,,,,,,,,,1,1,6,,,2.75,0.5416666666666666,,,,,,,,,,,2,2,,,,,,,,,,,,,,,,,,,,,,,
96401,cow_milk_engine,1,26,63513.0,68835.0,297,297,207,297,0,0,-376.0,12,-423,9,,,,,,,376,8,,,,,1,1,7,7,3,3,4,4,1,1,3,3,,,1,1,,,,,6,6,6,6,3,3,3,3,4,4,,,1,1,2,2,1,1,4,4,6,6,8,8,,,4.0,20.541666666666668,8.291666666666666,14.833333333333334,5.0,,5.541666666666667,5.0,11.208333333333334,8.291666666666666,2.1666666666666665,2,4,4,17,8,8,17,4,3,3,1,1,,,1,1,5,5,,-200,10,,,480,7,6.291666666666667,12.833333333333334,6,15,,,,,,,,,4,4,,,,,1,1,3,6,,,,,,1.2083333333333333,,,6,6,6,6,6,6,12,12,1,1,,,,,15,15,10,10,,,3,3,,,,,,,4,4,3,3,6,6,3,3,,,,,10.458333333333334,9.875,2.9166666666666665,2.9166666666666665,2.9166666666666665,,9.875,5.041666666666667,17.791666666666668,5,,8,8,15,6,6,6,,,7,7,2,2,9,9,,,9,9,,,3,2,2,4,,15.791666666666666,7.875,,,6,13,,,1166,5,,,,,,,,,,5,5,,,,,1,1,4,4,4,16,3,3,3,3,6,6,,,1,1,5,5,,,3,3,3,3,1.5416666666666667,16.541666666666668,4.0,1.5416666666666667,1.5416666666666667,3.0,,3,13,3,3,3,3,1335,6,3,3,2,2,4,4,,,5,5,3,3,9,9,1,1,6,6,,,,4.0,2.5833333333333335,,,,1.0,,4,,1,,,,,,,,,,,,,0,1,,,10,10,1,1,1,1,4,4,5,5,4,4,1,1,,,1,1,2,2,1,1,1,1,2,2,,,2,2,,1.0,,,,1,1,1,,,,,,,,,,,,,,,,,,,,,,,,,,,,,,,,,,,,,,,,,,2,2,,,,,,,1,1,2,2,2,8,,1.8333333333333333,3.6666666666666665,3.6666666666666665,1.8333333333333333,383,7,2581,8,2,2,7,,,,,,0.9583333333333334,,,,,,,,,0,2,,,,1.0,1.0,1.0,1.0,1,1,1,1,1,1,2,1,2,,,,,,,,,,,,2,2,,,,,,,2,2,,,,,,,,,,,,,,,,,,,,,,,
96401,cow_milk_engine,1,27,68835.0,71421.0,294,294,208,290,0,4,-376.0,12,-576,12,,,,,,,912,19,2,2,,,6,6,5,5,3,3,3,3,6,6,2,2,,,2,2,,,,,8,8,5,5,5,5,4,4,8,8,,,4,4,4,4,6,6,4,4,9,9,6,6,,,4.0,17.333333333333332,5.833333333333333,13.958333333333334,3.5833333333333335,,3.5833333333333335,3.5833333333333335,7.958333333333333,5.833333333333333,4.583333333333333,7,3,3,15,4,4,10,4,4,4,5,5,1,1,6,6,4,4,1,,,,,669,10,5.833333333333333,13.958333333333334,4,10,,,,,,,,,3,3,,,,,4,4,15,2,,,,,,0.375,,2,,,2,2,3,3,10,10,2,2,,,,,10,10,7,7,,,1,1,,,,,,,5,5,5,5,2,2,2,2,1,,1,,13.541666666666666,7.75,6.0,6.0,6.0,,7.75,5.0,16.875,5,,7,7,18,6,6,6,,,3,3,4,4,6,6,,,2,2,,,4,2,2,5,,16.875,7.75,,,7,18,,,954,4,,,,,,,,1,1,4,4,,,,,1,1,6,1,1,4,,,2,2,1,1,,,3,3,6,6,7,7,3,3,4,4,3.0,17.333333333333332,3.5833333333333335,3.0,3.0,3.0,,3,15,3,3,3,3,868,4,3,3,4,4,4,4,,,4,4,4,4,3,3,,,3,3,,,,4.0,3.8333333333333335,,,,1.0,,4,,1,,,,,,,,,,,,,,,,,11,11,1,1,4,4,4,4,3,3,4,4,1,1,,,1,1,2,2,,,,,3,3,1,1,1,1,,1.0,,,,1,1,1,2,2,,,,,,,,,,,,,,,,,,,,,,,,,,,,,,,,,,,,,,,,,,,,,,1,1,2,2,4,,,,,3.0416666666666665,5.083333333333333,5.083333333333333,3.0416666666666665,135,15,,,1,1,3,,,,1,1,0.875,1,1,2,,,,,1,,,,,,1.0,1.0,1.0,1.0,,1,1,1,1,2,3,2,3,,,,,,,,,,,,1,1,,,,,,,1,1,,,,,,,,,,,,,,,,,,,,,,,
96401,cow_milk_engine,1,28,71421.0,77473.0,292,292,185,272,1,19,-376.0,12,-21856,449,,,,,,,23178,476,5,5,,,2,2,11,11,3,3,3,3,4,4,5,5,,,5,5,,,,,4,4,1,1,3,3,1,1,3,3,,,2,2,3,3,5,5,4,4,6,6,7,7,2,6,4.0,14.958333333333334,3.0833333333333335,7.416666666666667,2.9583333333333335,,5.125,2.9583333333333335,7.083333333333333,3.0833333333333335,7.958333333333333,12,,,,2,2,6,4,4,4,3,3,,,,,1,1,2,,,,,777,12,3.0833333333333335,7.416666666666667,2,6,,,,,,,,,7,7,,,,,2,2,8,,,,,,,4.541666666666667,,7,,,4,4,6,6,9,9,3,3,,,,,3,3,7,7,,,1,1,,,,,,,5,5,6,6,3,3,3,3,3,,,5,8.875,4.458333333333333,9.625,6.0,6.0,,4.458333333333333,5.0,12.083333333333334,5,,2,2,6,6,6,12,,,6,6,6,6,4,4,,,11,11,,,,4,4,8,1,12.083333333333334,4.458333333333333,9.625,6.0,2,6,6,12,1713,7,,,,,,,,4,4,5,5,,,,,3,3,17,5,5,19,,,3,3,2,2,,,2,2,4,4,,,3,3,1,1,4.875,14.958333333333334,2.9583333333333335,3.0,3.0,3.0,,,,3,3,6,3,1273,6,3,3,,,5,5,,,4,4,4,4,4,4,1,1,5,5,,,,4.0,2.5416666666666665,,,,1.0,,4,,1,,,,,,,0,3,,,,,0,1,,,4,4,1,1,2,2,4,4,4,4,4,4,1,1,,,1,1,2,2,1,1,1,1,2,2,,,1,1,4.875,1.0,3.0,3,6,1,1,1,,,,,,,,,,,,,,,,,,,,,,,,,,,,,,,,,,,,,,,,,,,,,,,,1,1,3,3,7,2,2,5,,1.0416666666666667,2.5833333333333335,2.5833333333333335,1.0416666666666667,3,3,1340,4,1,1,2,,,,,,,,,,,,,,1,0,2,1,1,2,0.6666666666666666,0.6666666666666666,0.3333333333333333,0.3333333333333333,,,,,,,,,,,,,,,,,,,0,2,,,,,,,,,2,2,,,,,,,,,,,,,,,,,,,,,,,
96401,cow_milk_engine,1,29,77473.0,91840.0,279,279,221,279,0,0,-376.0,12,,,,,,,,,2733,56,11,11,,,18,18,21,21,4,4,3,3,12,12,7,7,2,2,11,11,,,,,,,,,7,7,,,,,,,,,,,,,4,4,8,8,,,,,4.0,,0.6086956521739131,1.826086956521739,,,5.130434782608695,,2.8260869565217392,0.6086956521739131,14.217391304347826,,,,,,,,,4,4,2,2,,,,,,,,,,,,1110,18,0.6086956521739131,1.826086956521739,,,,,,,,,,,6,6,,,,,2,2,6,,,,,,,11.304347826086957,,,,,,,,,,,,,,,,,,,,,,,,,,,,,,,2,2,9,9,4,4,18,18,,,,,6.043478260869565,1.0,5.391304347826087,2.6956521739130435,2.6956521739130435,,1.0,3.0869565217391304,3.0,,,,,,,,,,,,,,,,,,,19,19,,,,,,,,3.0,1.0,5.391304347826087,2.6956521739130435,,,,,2752,11,,,5,5,10,,,13,13,2,2,,,668,14,,,,2,2,6,,,,,3,3,,,,,3,3,,,,,3,3,4.3478260869565215,,,2.1739130434782608,2.1739130434782608,3.0,,,,,,,,3365,17,2,2,1,1,2,2,,,1,1,,,7,7,4,4,9,9,,,,4.0,4.391304347826087,,,,1.0,,,,,,,,,,,,,,,,,,,,,6,6,1,1,4,4,4,4,2,2,1,1,,,,,,,1,1,,,,,,,,,,,4.3478260869565215,0.043478260869565216,2.1739130434782608,,,,,,,,2,2,4,,,,,,,,,,,,,,,,,,,,,,,,,,,,,,,,,,,,,,,,,0.9565217391304348,,,,3,3,5,,,,,0.6521739130434783,1.0869565217391304,1.0869565217391304,0.6521739130434783,17,9,4098,12,1,1,4,,,,1,1,1.9130434782608696,1,1,3,,,,,,,,,,,,,,,,,,,,,,,,,,,,,,,,,,,,,,,,,14,14,,,,,,,7,7,,,,,,,,,,,,,,,,,
96401,full_production_agent,0,0,3000.0,824.0,116,116,44,86,0,30,-7.0,4,-941,33,-960,12,-80,8,-800,2,612,21,5,5,2,2,7,7,2,2,1,1,1,1,1,1,2,2,4,4,1,1,7,7,2,2,7,7,6,6,3,3,1,1,4,4,8,8,8,8,2,2,3,3,2,2,2,2,5,5,18,12,1.2916666666666667,3.2916666666666665,4.541666666666667,4.541666666666667,3.2916666666666665,0.5,0.375,3.2916666666666665,0.625,4.541666666666667,15.375,8,8,8,8,7,7,7,2,,,,,,,,,,,,,,,,,,,,,,,,,,,,,,,,,,,,,,,,,,,,,,,,,,,,,,,,,,,,,,,,,,,,,,,,,,,,,,,,,,,,,,,,,,,,,,,,,,,,,,,,,,,,,,,,,,,,,,,,,,,,,,,,,,,,,,,,,,,,,,,,,,,,,,,,,,,,,,,,,,,,,,,,,,,,,,,,,,,,,,,,,,,,,,,,,,,,,,,,,,,,,,,,,,,,,,,,,,,,,,,,,,,,,,,,,,,,,,,,,,,,,,,,,,,,,,,,,,,,,,,,,,,,,,,,,,,,,,,,,,,,,,,,,,,,,,,,,,,,,,,,,,,,,,,,,,,,,,,,,,,,,,,,,,,,,,,,,,,,,,,,,,,,,,,,,,,,,,,,,,,,,,,,,,,,,,,,,,,,,,,,,,,,,,,,,,,,,,,,,,,,,,,,,,,,,,,
96401,full_production_agent,0,1,824.0,759.0,116,116,77,109,0,7,-7.0,4,-348,12,,,,,,,290,10,5,5,,,1,1,1,1,1,1,1,1,,,2,2,1,1,,,1,1,,,8,8,3,3,,,3,3,10,10,4,4,12,12,2,2,13,13,2,2,5,5,6,6,5,,2.0,10.458333333333334,7.458333333333333,7.458333333333333,10.458333333333334,,0.9583333333333334,10.458333333333334,11.583333333333334,7.458333333333333,5.083333333333333,3,12,12,12,8,8,8,2,2,2,2,2,11,11,7,7,6,6,2,,,,,,,,,,,,,,,,,,,,,,,,,,,,,,,,,,,,,,,,,,,,,,,,,,,,,,,,,,,,,,,,,,,,,,,,,,,,,,,,,,,,,,,,,,,,,,,,,,,,,,,,,,,,,,,,,,,,,,,,,,,,,,,,,,,,,,,,,,,,,,,,,,,,,,,,,,,,,,,,,,,,,,,,,,,,,,,,,,,,,,,,,,,,,,,,,,,,,,,,,,,,,,,,,,,,,,,,,,,,,,,,,,,,,,,,,,,,,,,,,,,,,,,,,,,,,,,,,,,,,,,,,,,,,,,,,,,,,,,,,,,,,,,,,,,,,,,,,,,,,,,,,,,,,,,,,,,,,,,,,,,,,,,,,,,,,,,,,,,,,,,,,,,,,,,,,,,,,,,,,,,,,,,,,,,,,,,,,,,,,,,,,,,,,,,,,,,,,,,,,,,,
96401,full_production_agent,0,2,759.0,314.0,116,116,47,74,0,42,-7.0,4,-348,12,,,,,,,290,10,2,2,,,2,2,1,1,1,1,1,1,,,2,2,1,1,,,,,,,8,8,9,9,,,2,2,5,5,,,12,12,2,2,3,3,2,2,5,5,6,6,42,,2.0,12.0,8.0,12.916666666666666,12.0,,0.5833333333333334,12.0,9.333333333333334,8.0,3.0,3,12,12,12,8,8,15,2,2,2,1,1,2,2,3,3,2,2,,-380,19,-200,4,200,2,7.0,11.916666666666666,7,14,,,,,,,,,,,,,,,,,,,,,,,,,,,,,,,,,,,,,,,,,,,,,,,,,,,,,,,,,,,,,,,,,,,,,,,,,,,,,,,,,,,,,,,,,,,,,,,,,,,,,,,,,,,,,,,,,,,,,,,,,,,,,,,,,,,,,,,,,,,,,,,,,,,,,,,,,,,,,,,,,,,,,,,,,,,,,,,,,,,,,,,,,,,,,,,,,,,,,,,,,,,,,,,,,,,,,,,,,,,,,,,,,,,,,,,,,,,,,,,,,,,,,,,,,,,,,,,,,,,,,,,,,,,,,,,,,,,,,,,,,,,,,,,,,,,,,,,,,,,,,,,,,,,,,,,,,,,,,,,,,,,,,,,,,,,,,,,,,,,,,,,,,,,,,,,,,,,,,,,,,,,,,,,,,,,,,,,,,,,,,,,,,,,,,,,,,,
96401,full_production_agent,0,3,314.0,446.0,116,116,63,96,0,20,-7.0,4,-60,2,,,,,,,,,,,,,,,1,1,1,1,1,1,,,2,2,1,1,,,,,,,8,8,4,4,,,3,3,8,8,,,12,12,2,2,6,6,2,2,3,3,6,6,20,,2.0,12.0,8.0,20.041666666666668,12.0,,0.875,12.0,11.375,8.0,0.5833333333333334,,12,12,12,8,8,23,2,2,2,3,3,4,4,8,8,2,2,,,,,,199,2,8.0,20.041666666666668,8,23,3,3,7,7,3,3,3,3,1,1,2.4166666666666665,3,,,,,,,,,,,,,,,,,,,,,,,,,,,,,,,,,,,,,,,,,,,,,,,,,,,,,,,,,,,,,,,,,,,,,,,,,,,,,,,,,,,,,,,,,,,,,,,,,,,,,,,,,,,,,,,,,,,,,,,,,,,,,,,,,,,,,,,,,,,,,,,,,,,,,,,,,,,,,,,,,,,,,,,,,,,,,,,,,,,,,,,,,,,,,,,,,,,,,,,,,,,,,,,,,,,,,,,,,,,,,,,,,,,,,,,,,,,,,,,,,,,,,,,,,,,,,,,,,,,,,,,,,,,,,,,,,,,,,,,,,,,,,,,,,,,,,,,,,,,,,,,,,,,,,,,,,,,,,,,,,,,,,,,,,,,,,,,,,,,,,,,,,,,,,,,,,,,,,,,,,,,,,,,,,,,,,,,,,,,,,,
96401,full_production_agent,0,4,446.0,505.0,116,116,66,114,0,2,-7.0,4,-372,12,,,-70,7,,,310,10,2,2,,,2,2,3,3,1,1,1,1,,,2,2,,,,,7,7,,,15,15,6,6,,,4,4,5,5,,,10,10,2,2,4,4,2,2,1,1,9,9,2,,2.0,12.0,7.208333333333333,14.083333333333334,12.0,,0.6666666666666666,12.0,15.041666666666666,7.208333333333333,0.7916666666666666,,12,12,12,8,8,10,2,2,2,4,4,3,3,11,11,2,2,,,,,,198,2,3.625,10.5,1,3,,,4,4,2,2,2,2,,,3.0,3,1,1,7,7,28,3,,,,,,,,,,,,,,,,,,,,,,,,,,,,,,,,,,,,,,,,,,,,,,,,,,,,,,,,,,,,,,,,,,,,,,,,,,,,,,,,,,,,,,,,,,,,,,,,,,,,,,,,,,,,,,,,,,,,,,,,,,,,,,,,,,,,,,,,,,,,,,,,,,,,,,,,,,,,,,,,,,,,,,,,,,,,,,,,,,,,,,,,,,,,,,,,,,,,,,,,,,,,,,,,,,,,,,,,,,,,,,,,,,,,,,,,,,,,,,,,,,,,,,,,,,,,,,,,,,,,,,,,,,,,,,,,,,,,,,,,,,,,,,,,,,,,,,,,,,,,,,,,,,,,,,,,,,,,,,,,,,,,,,,,,,,,,,,,,,,,,,,,,,,,,,,,,,,,,,,,,,,,,,,,,,,,,,,,
96401,full_production_agent,0,5,505.0,302.0,116,116,66,98,0,18,-7.0,4,-44,2,,,-40,4,,,790,28,,,1,1,,,,,1,1,1,1,3,3,2,2,,,,,,,,,8,8,7,7,,,6,6,6,6,,,12,12,2,2,6,6,2,2,4,4,5,5,2,,2.0,12.0,7.458333333333333,8.416666666666666,12.0,0.5,0.7083333333333334,12.0,13.625,7.458333333333333,0.041666666666666664,,12,12,12,7,7,7,2,2,2,1,1,9,9,5,5,,,9,,,,,198,2,0.4583333333333333,1.4166666666666667,,,,,4,4,3,3,4,4,2,2,3.0,3,1,1,1,1,4,,-1000.0,1,-100,1,7,1.0416666666666667,1,25,,,,,,,,,,,,,,,,,,,,,,,,,,,,,,,,,,,,,,,,,,,,,,,,,,,,,,,,,,,,,,,,,,,,,,,,,,,,,,,,,,,,,,,,,,,,,,,,,,,,,,,,,,,,,,,,,,,,,,,,,,,,,,,,,,,,,,,,,,,,,,,,,,,,,,,,,,,,,,,,,,,,,,,,,,,,,,,,,,,,,,,,,,,,,,,,,,,,,,,,,,,,,,,,,,,,,,,,,,,,,,,,,,,,,,,,,,,,,,,,,,,,,,,,,,,,,,,,,,,,,,,,,,,,,,,,,,,,,,,,,,,,,,,,,,,,,,,,,,,,,,,,,,,,,,,,,,,,,,,,,,,,,,,,,,,,,,,,,,,,,,,,,,,,,,,,,,,,,,,,,,,,,,,,
96401,full_production_agent,0,6,302.0,333.0,208,208,95,164,0,44,-54.0,8,,,,,,,,,89,4,,,,,,,,,2,2,2,2,,,1,1,,,,,,,,,7,7,4,4,2,2,3,3,6,6,,,12,12,2,2,4,4,2,2,4,4,5,5,8,,2.0,16.041666666666668,7.0,11.625,12.0,1.0,1.5416666666666667,12.0,10.666666666666666,7.0,,,12,12,20,7,7,14,2,2,2,2,2,4,4,3,3,5,5,,,,,,196,2,7.0,11.625,7,14,,,5,5,3,3,5,5,2,2,3.0,3,1,1,,,,,,,-200,2,5,13.208333333333334,1,5,15,15,1,1,15,15,13,13,7,7,3,3,1,1,1,1,3,3,1,1,2,2,,,,,1,1,1,1,1,1,,,2,2,,19,12,,0.8333333333333334,1.9583333333333333,8.791666666666666,8.791666666666666,8.791666666666666,0.4166666666666667,1.9583333333333333,0.625,1.9583333333333333,1,1,3,3,3,15,15,15,,,,,5,5,2,2,1,1,,,,,,,,,,,,,,,,,,,,,,,,,,,1,1,,,,,,,,,,,,,,,,,,,,,,,,,,,,,,,,,,,,,,,,,,,,,,,,,,,,,,,,,,,,,,,,,,,,,,,,,,,,,,,,,,,,,,,,,,,,,,,,,,,,,,,,,,,,,,,,,,,,,,,,,,,,,,,,,,,,,,,,,,,,,,,,,,,,,,,,,,,,,,,,,,,,,,,,,,,,,,,,,,,,,,,,,,,,,,,,,,,,,,,,,,,,,,,,,,,,,,,,,,,,,,,,,,,,,,,,,,,,,,,,,,,,,,,,,,,,,,,,,,,,,,,,,,,,,,,,,
96401,full_production_agent,0,7,333.0,327.0,208,208,148,201,0,7,-54.0,8,-48,2,,,,,,,,,,,,,,,,,2,2,2,2,,,,,,,,,,,,,7,7,3,3,,,2,2,7,7,,,12,12,2,2,8,8,2,2,5,5,7,7,1,,2.0,24.916666666666668,7.0,18.375,12.0,1.0,0.375,12.0,11.916666666666666,7.0,,,12,12,32,7,7,21,2,2,2,3,3,10,10,5,5,9,9,,,,,,196,2,7.0,18.375,7,21,,,4,4,3,3,5,5,2,2,3.0,3,1,1,,,,,,,-100,1,3,2.5416666666666665,1,1,1,1,9,9,14,14,9,9,20,20,1,1,,,,,2,2,1,1,1,1,,,1,1,2,2,3,3,6,6,3,3,,,,,3,,14.666666666666666,3.5,15.625,15.625,15.625,1.0,3.5,2.3333333333333335,3.5,3,1,4,4,4,16,16,16,,,,,21,21,1,1,,,2,2,1,1,4,,,,,,,,,,,,,,,,,,,,,,,,,,,,,,,,,,,,,,,,,,,,,,,,,,,,,,,,,,,,,,,,,,,,,,,,,,,,,,,,,,,,,,,,,,,,,,,,,,,,,,,,,,,,,,,,,,,,,,,,,,,,,,,,,,,,,,,,,,,,,,,,,,,,,,,,,,,,,,,,,,,,,,,,,,,,,,,,,,,,,,,,,,,,,,,,,,,,,,,,,,,,,,,,,,,,,,,,,,,,,,,,,,,,,,,,,,,,,,,,,,,,,,,,,,,,,,,,,,,,,,,,,,,,,,,,,,,,,,,,,,,,,,,,,,,,,,,,
96401,full_production_agent,0,8,327.0,305.0,208,208,143,202,0,6,-54.0,8,-143,5,,,-20,2,,,,,7,7,,,7,7,,,2,2,2,2,,,,,,,4,4,,,,,7,7,1,1,2,2,,,,,,,11,11,2,2,9,9,2,2,5,5,5,5,6,,2.0,33.833333333333336,4.375,13.416666666666666,12.0,1.0,1.375,12.0,16.083333333333332,4.375,2.625,7,12,12,43,,,,2,2,2,2,2,1,1,8,8,1,1,,,,,,195,2,4.375,13.416666666666666,,,,,5,5,2,2,3,3,2,2,3.0,3,1,1,7,7,28,2,,,,,,0.3333333333333333,1,,,,30,30,15,15,18,18,11,11,,,,,6,6,3,3,1,1,2,2,,,,,1,1,3,3,3,3,1,1,,,,,,,10.666666666666666,4.0,25.875,16.0,16.0,1.0,4.0,3.6666666666666665,6.416666666666667,4,1,4,4,7,16,16,31,1,1,,,,,,,1,1,3,3,,,3,2,2,12,,5.416666666666667,3.0,24.875,15.0,3,6,15,30,,,,,,,,,,,,1,1,,,,,,,,,,,,,,,,,,,,,,,,,,,,,,,,,,,,,,,,,,,,,,,,,,,,,,,,,,,,,,,,,,,,,,,,,,,,,,,,,,,,,,,,,,,,,,,,,,,,,,,,,,,,,,,,,,,,,,,,,,,,,,,,,,,,,,,,,,,,,,,,,,,,,,,,,,,,,,,,,,,,,,,,,,,,,,,,,,,,,,,,,,,,,,,,,,,,,,,,,,,,,,,,,,,,,,,,,,,,,,,,,,,,,,,,,,,,,,,,,,,,,,,,,,,,,,,,,,,,,,,,,,,,,,,
96401,full_production_agent,0,9,305.0,2076.0,208,208,136,205,0,3,-54.0,8,,,,,,,,,519,21,,,,,6,6,5,5,2,2,2,2,1,1,4,4,,,2,2,,,1,1,,,,,1,1,,,,,,,11,11,2,2,12,12,2,2,5,5,6,6,,1,2.0,46.5,,,12.0,0.875,0.6666666666666666,12.0,10.708333333333334,,7.0,7,12,12,54,,,,2,2,2,1,1,8,8,9,9,,,,,,,,194,2,,,,,,,3,3,1,1,6,6,2,2,3.0,3,2,2,,,,3,,,,,,4.333333333333333,,9,3,3,1,1,19,19,7,7,10,10,2,2,,,5,5,6,6,,,4,4,,,1,1,,,2,2,5,5,1,1,5,5,1,,1,,13.916666666666666,4.666666666666667,19.666666666666668,10.416666666666666,10.416666666666666,1.0,4.666666666666667,4.0,9.708333333333334,4,1,6,6,13,4,4,5,,,1,1,4,4,1,1,1,1,5,5,,,3,,,,,9.041666666666666,4.0,18.208333333333332,8.958333333333334,4,11,1,2,2112,12,-1000,2,15,15,45,1,1,8,8,,,0.5833333333333334,1,,,,,,,,,,,,,,,,,,,2,2,,,,,,,,,,,,0.125,1,,,,,,1,,,,,,,,,,,,,,,,,,,,,,,,,,,,,,,,,,,,,,,,,,,,,,,,,,,,,,,,,,,,,,,,,,,,,,,,,,,,,,,,,,,,,,,,,,,,,,,,,,,,,,,,,,,,,,,,,,,,,,,,,,,,,,,,,,,,,,,,,,,,,,,,,,,,,,,,,,,,,,,,,,,,,,,,,,,,,,,,,,,,,,,,,,,,,,,,,,,,,,,,,,,,,,,,,,,,,,,,,,,,,,,,,,,,,,
96401,full_production_agent,0,10,2076.0,2187.0,254,254,142,209,0,45,-143.0,10,-1395,58,,,,,-400,1,1174,47,6,6,1,1,5,5,17,17,3,3,2,2,5,5,10,10,,,9,9,,,,,,,,,3,3,,,,,,,12,12,2,2,6,6,2,2,3,3,2,2,2,11,2.0,44.291666666666664,,,9.458333333333334,0.08333333333333333,1.7083333333333333,9.458333333333334,7.583333333333333,,9.458333333333334,13,5,5,24,,,,2,2,2,3,3,4,4,2,2,,,,,,,,,,,,,,,,6,6,3,3,3,3,,,3.0,3,5,5,,,,,,,,,10,10.791666666666666,1,12,,,1,1,4,4,2,2,4,4,,,,,5,5,6,6,1,1,2,2,,,,,,,4,4,4,4,,,9,9,,3,4,8,7.666666666666667,3.8333333333333335,4.291666666666667,3.625,3.625,1.0,3.8333333333333335,4.0,7.166666666666667,4,1,3,3,5,3,3,3,3,3,1,1,1,1,3,3,2,2,4,4,1,1,,2,2,6,,5.166666666666667,1.8333333333333333,1.2916666666666667,0.625,1,3,,,,,-500,1,1,1,3,1,1,3,3,1,1,0.5416666666666666,,1375,34,7,7,42,3,3,12,,,,,,,2,2,1,1,,,1,1,1,1,,,,27.166666666666668,5.458333333333333,,,1.0,,1,5,,,,1,,,1,1,,,,,2,2,3,3,2,2,1,1,,,,,,,,1.2083333333333333,0.4166666666666667,,,,,,2,,,,,,,,,,,,,,,,,,,2,2,,,,,,,,,2,2,,,,,,,,,,,,,,,,,,,,,,,,,,,,,,,,,,,,,,,,,,,,,,,,,,,,,,,,,,,,,,,,,,,,,,,,,,,,,,,,,,,,,,,,,,,,,,,,,,,,,,,,,,,7,,,,,,,,,,,,,,,,,,,,,,,,,,,,,,,,,,,,,,,,,,,,,,,,,,,,,,,,,,,,,,
96401,full_production_agent,0,11,2187.0,8453.0,292,292,190,282,4,6,-376.0,12,-2743,99,,,-180,18,-800,2,1388,53,4,4,3,3,3,3,6,6,4,4,4,4,5,5,4,4,,,3,3,9,9,3,3,9,9,10,10,6,6,,,3,3,,,4,4,3,3,3,3,3,3,9,9,,,,4,2.75,22.458333333333332,4.208333333333333,4.208333333333333,4.625,0.7916666666666666,2.625,4.625,7.541666666666667,4.208333333333333,8.083333333333334,4,2,2,10,9,9,9,4,2,2,5,5,,,1,1,,,,,,,,97,1,,,,,,,5,5,1,1,10,10,5,5,3.0,3,15,11,,,,3,,,-700,7,,5.958333333333333,1,1,,,5,5,3,3,4,4,4,4,6,6,,,8,8,9,9,,,9,9,,,1,1,4,4,7,7,5,5,2,2,7,7,,,,2,6.041666666666667,5.625,4.75,3.0,3.0,1.0,5.625,6.166666666666667,8.291666666666666,8,1,8,8,10,3,3,6,4,4,6,6,,,5,5,3,3,16,16,,,2,,,,,5.291666666666667,2.625,4.75,3.0,2,4,3,6,917,6,-1500,3,,,,2,2,1,1,2,2,0.9583333333333334,1,542,14,3,3,18,1,1,4,,,,,,,,,1,1,2,2,,,1,1,,,,22.458333333333332,4.625,,,1.5416666666666667,2,2,10,,,,2,9621,38,,,,,1,1,1,1,6,6,2,2,,,1,1,1,1,2,2,4,2.0,2.2916666666666665,4.833333333333333,4.833333333333333,2.9166666666666665,0.2916666666666667,2.9166666666666665,2,3,1,1,1,1,1,,,0,3,,,,,,,,,3,3,,,,,2,2,4,4,,,,,,,,,,,,,,,,,,,,,,,,,,,,,,,,,,,,,,,,,,,,,,,,,,,,,,,,,,,,,,,,,,,,,,,,,,,,,,,,,,,,,,,,,,,,,,,,,,,,,,,,,,,,,,,,,,,,,,,,,,,,,,,,0,9,,,,,,,,,,,,,,,,,,,,,,,,,,0,2,,,,,,,,,,,,,,,
96401,full_production_agent,0,12,8453.0,11722.0,292,292,214,292,0,0,-376.0,12,-1976,62,,,,,,,2182,69,2,2,,,1,1,1,1,4,4,4,4,3,3,1,1,,,1,1,2,2,1,1,7,7,14,14,6,6,6,6,8,8,,,2,2,4,4,1,1,1,1,10,10,,,,,4.0,9.125,10.125,10.125,1.7083333333333333,0.375,5.125,1.7083333333333333,11.041666666666666,10.125,2.9166666666666665,3,,,,11,11,11,4,4,4,8,8,,,,,7,7,,,,,,577,6,,,,,,,5,5,3,3,8,8,4,4,3.0,3,6,6,,,,4,,,-400,4,,0.75,,,,,,,3,3,,,2,2,1,1,,,5,5,5,5,1,1,10,10,,,1,1,3,3,7,7,12,12,4,4,,,,,,,13.625,8.375,2.7083333333333335,1.2916666666666667,1.2916666666666667,1.0,8.375,9.583333333333334,11.583333333333334,11,1,9,9,13,,,,4,4,7,7,,,8,8,,,18,18,1,1,8,2,2,6,,5.208333333333333,2.0,2.7083333333333335,1.2916666666666667,2,6,,,,,,,3,3,9,,,,,7,7,0.8333333333333334,,,,2,2,12,,,,,,,,,,,,3,3,4,4,4,4,2,2,,,,9.125,1.7083333333333333,,,2.625,4,,,,,,3,3118,13,2,2,,,5,5,1,1,5,5,2,2,1,1,,,5,5,1,1,2,2.1666666666666665,1.7916666666666667,4.75,4.75,2.875,1.0,2.875,3,1,1,2,3,2,3,144,2,,,,,0,2,,,1,1,7,7,1,1,1,1,2,2,5,5,2,2,1,1,1,1,1,1,2,2,1,1,,,,,1,1,,,,0.25,,,,1,,,1,1,,,,,,,,,,,,,,,,,,,,,,,,,,,,,,,,,,,,,,,,,,,,,,,,,,,,,,,,,,,,,,,,,,,,,,,,,,,,,,,,,,,,,,,,,,,,,,,,,,,,,,,,,,,,,,,,,,,,,,,,,,,,,,,,,,,,,,,,,,,,,
96401,full_production_agent,0,13,11722.0,16396.0,292,292,217,289,0,3,-376.0,12,-1459,45,,,-20,2,,,1753,54,1,1,,,,,1,1,3,3,4,4,1,1,,,,,1,1,,,,,9,9,16,16,4,4,12,12,8,8,,,,,3,3,,,4,4,10,10,,,,,4.0,,11.0,15.208333333333334,,,3.4583333333333335,,10.75,11.0,2.4583333333333335,2,,,,11,11,20,4,4,4,9,9,,,,,8,8,1,,,,,851,9,9.0,13.208333333333334,9,18,,,3,3,2,2,7,7,4,4,3.0,3,2,2,,,,4,,,,,,0.375,,1,,,,,,,,,,,,,,,7,7,9,9,1,1,4,4,,,1,1,1,1,8,8,15,15,,,,,,,,1,13.208333333333334,8.208333333333334,,,,1.0,8.208333333333334,11.416666666666666,14.125,12,1,7,7,13,,,,6,6,5,5,,,7,7,1,1,16,16,,,4,,,,,13.125,7.208333333333333,,,6,12,,,643,4,,,,,,,,1,1,13,13,,,360,9,,,,2,2,8,,,,,,,,,2,2,6,6,2,2,3,3,1,1,,,,,,3.0,,,,,,,3,2775,12,3,3,,,6,6,,,6,6,3,3,1,1,,,2,2,2,2,7,3.0,3.125,7.166666666666667,7.166666666666667,2.75,1.0,2.75,3,,1,1,1,1,1,147,2,,,,,,,,,1,1,9,9,1,1,3,3,3,3,5,5,3,3,1,1,1,1,1,1,3,3,1,1,2,2,1,1,1,1,,,,1.5416666666666667,,,,2,1,1,1,1,,,,,,,,,,,,,,1,1,,,,,,,,,,,,,,,,,,,,,,,,,,,,,,,,,,,,,,,,,,,,,,,,,,,1,,,,,,,,,,,,,,,,,,,,,,,,,,,,,,,,,,,,,,,,,,,,,,,,,,,,,,,,,,,,,,,,,,,,,,,,,,,
96401,full_production_agent,0,14,16396.0,17310.0,297,297,215,287,0,10,-376.0,12,-1216,40,-80,1,,,,,1134,37,,,,,,,,,4,4,3,3,,,,,,,,,1,1,,,12,12,10,10,3,3,13,13,9,9,1,1,1,1,4,4,,,1,1,11,11,,,,,4.0,0.3333333333333333,11.583333333333334,25.083333333333332,0.3333333333333333,,6.166666666666667,0.3333333333333333,9.708333333333334,11.583333333333334,1.0833333333333333,,1,1,1,12,12,32,4,3,3,7,7,,,2,2,8,8,,,,,,927,10,11.0,24.5,11,31,,,2,2,3,3,7,7,6,6,3.0,3,2,2,,,,,,,,,4,0.4166666666666667,,,,,,,,,,,,,1,1,,,6,6,8,8,1,1,4,4,,,1,1,,,7,7,17,17,2,2,1,1,,,,3,11.875,7.583333333333333,,,,1.0,7.583333333333333,12.0,17.208333333333332,12,1,8,8,21,,,,7,7,8,8,,,8,8,,,19,19,2,2,5,2,2,4,,16.625,7.0,,,7,20,,,,,,,,,,,,,,14,14,,,,,,,,,,,,,,,,,,,3,3,7,7,1,1,3,3,,,,,,,,3.0,3,,,,,,3,,,3,3,,,4,4,,,6,6,3,3,,,,,1,1,1,1,2,3.0,2.9166666666666665,3.6666666666666665,3.6666666666666665,2.8333333333333335,1.0,2.8333333333333335,3,2,1,2,2,2,2,525,7,,,,,,,,,,,6,6,1,1,2,2,3,3,5,5,1,1,1,1,,,1,1,4,4,2,2,,,4,4,,,,,,2.0,,,,2,1,1,1,1,,,,,,,,,,,,,,,,,,,,,,,,1.0833333333333333,,,0.5416666666666666,1.0833333333333333,0.5416666666666666,,,,,,,,1,1,2,,,,,,,1,1,,,,,,,,,,,,,,,,,,,1,,,,,,,,,2,,,,,,,,,,,,,,,,,,,,,,,,,,,,,,,,,,,,,,,,,,,,,,,,,,,,,,,,,,,,,,,,,,
96401,full_production_agent,0,15,17310.0,18546.0,298,298,201,297,1,0,-376.0,12,-534,17,-160,2,-140,14,,,478,15,6,6,,,12,12,3,3,4,4,3,3,6,6,2,2,1,1,8,8,3,3,1,1,11,11,5,5,4,4,10,10,4,4,,,,,3,3,,,4,4,7,7,,,,,4.0,1.0,10.375,25.458333333333332,1.0,,3.875,1.0,11.666666666666666,10.375,1.7916666666666667,8,1,1,1,6,6,9,4,4,4,6,6,,,,,3,3,,,,,,907,10,8.333333333333334,23.416666666666668,2,5,,,,,,,,,3,3,0.125,,1,1,9,9,33,3,,,,,,1.0,,1,,,,,,,,,,,5,5,,,3,3,13,13,1,1,4,4,,,1,1,,,6,6,14,14,3,3,,,,,,,12.333333333333334,7.0,,,,1.0,7.0,12.0,13.75,12,1,7,7,9,,,,,,6,6,,,9,9,1,1,18,18,,,6,,,,1,10.375,3.625,,,1,3,,,757,4,,,,,,,,1,1,13,13,,,,,,,,6,6,24,,,,,,,,,2,2,6,6,,,3,3,1,1,,,,,,3.0,,,,,,,3,,,3,3,,,5,5,,,3,3,3,3,1,1,,,3,3,,,,3.0,1.5416666666666667,0.08333333333333333,0.08333333333333333,0.08333333333333333,1.0,0.08333333333333333,3,,1,,,,,304,4,0,8,,,,,0,1,1,1,8,8,1,1,3,3,3,3,6,6,3,3,1,1,,,1,1,1,1,1,1,,,3,3,2,2,,,,2.0,,,,2,1,1,,,,,,,,,,,,,,,,,,,,,,,,,,1.1666666666666667,,,0.5833333333333334,1.1666666666666667,0.5833333333333334,,,,,,,,1,1,2,1,1,2,2,2.7083333333333335,1,,,,,,1,1,2,,,,,,,,,,,,,,,,,,,,,,,,,,,,,,,,,,,,,,,,,,,,,,,,,,,,,,,,,,,,,,,,,,,,,,,,0,2,,,,,,,,,,,,,,,
96401,full_production_agent,0,16,18546.0,20426.0,293,293,206,293,0,0,-376.0,12,-1344,44,,,-40,4,,,2392,78,9,9,,,6,6,,,2,2,4,4,4,4,,,2,2,,,8,8,,,12,12,13,13,7,7,9,9,6,6,,,1,1,3,3,,,4,4,11,11,1,1,,,4.0,1.0,8.25,9.958333333333334,1.0,,5.041666666666667,1.0,6.75,8.25,5.75,2,1,1,1,12,12,13,4,4,4,4,4,,,1,1,5,5,,,,,,799,9,1.9583333333333333,3.6666666666666665,1,2,,,,,,,,,4,4,,,,,2,2,7,3,,,,,,0.4166666666666667,,,,,,,,,,,,,2,2,,,4,4,8,8,1,1,9,9,,,1,1,,,9,9,10,10,6,6,1,1,,,,,13.5,7.583333333333333,,,,1.0,7.583333333333333,12.0,9.166666666666666,12,1,8,8,9,,,,,,10,10,,,4,4,,,12,12,1,1,4,1,1,2,,3.125,1.5416666666666667,,,1,2,,,,,,,,,,,,,,14,14,,,,,,,,1,1,4,,,,,,,,,3,3,4,4,3,3,3,3,3,3,,,,,,3.0,,,,,,,3,,,3,3,,,2,2,,,7,7,3,3,1,1,1,1,2,2,,,,3.0,2.0416666666666665,,,,1.0,,3,,1,,,,,,,,,,,,,,,1,1,7,7,1,1,3,3,3,3,6,6,3,3,1,1,,,1,1,4,4,1,1,,,3,3,1,1,,,,2.0,,,,2,1,1,,,,,,,,,,,,,,,,,,,,,,,,,,1.25,,,0.625,1.25,0.625,,,,,,,,1,1,2,1,1,,,1.0,1,,,1,1,2,,,,,0.5416666666666666,1.0833333333333333,1.0833333333333333,0.5416666666666666,449,2,,,2,2,8,,1,1,,,,,,,,,,,,,,,,,,,,,,,,,,,,,,,,,,,,,,,,,,,,,,,,,,,,,,,,,,,,,,,,,,,,,,,,,
96401,full_production_agent,0,17,20426.0,23741.0,298,298,223,297,0,1,-376.0,12,-329,11,,,,,,,334,11,,,,,7,7,,,2,2,3,3,,,,,2,2,,,,,,,10,10,17,17,7,7,15,15,10,10,2,2,2,2,4,4,1,1,4,4,15,15,2,2,,,4.0,1.9166666666666667,12.0,14.875,1.9166666666666667,,4.041666666666667,1.9166666666666667,11.875,12.0,1.0833333333333333,,3,3,3,12,12,17,4,4,4,7,7,,,,,7,7,1,,,,,869,10,4.0,6.875,4,9,,,,,,,,,5,5,,,,,,,,3,,,,,,,,,,,,,,,,,,,,,,,4,4,8,8,1,1,8,8,,,1,1,,,9,9,16,16,6,6,,,,,,,11.833333333333334,8.0,,,,1.0,8.0,12.0,12.458333333333334,12,1,8,8,15,,,,,,4,4,,,12,12,,,15,15,2,2,3,1,1,2,,10.458333333333334,6.0,,,6,13,,,403,2,,,,,,,,,,10,10,,,,,,,,,,,,,,,,,,,3,3,6,6,2,2,3,3,1,1,,,,,,3.0,,,,,,,3,,,3,3,,,5,5,,,3,3,3,3,1,1,1,1,2,2,,,,3.0,3.4166666666666665,,,,1.0,,3,2,1,,,,,157,2,,,,,,,,,1,1,9,9,1,1,2,2,3,3,7,7,2,2,,,,,1,1,,,2,2,,,3,3,2,2,,,,2.0,,,,2,1,1,2,2,,,,,,,,,,,,,,1,1,,,,,,,,,1.0,,,1.0,1.0,1.0,1,1,1,1,,,,,,,1,1,,,1.0,1,,,1,1,2,1,1,5,,1.5,2.0,2.0,1.5,1778,8,479,2,,,,,1,1,,,,,,,,,,,,,,,,,,,,,,,,,,1,1,1,1,,,,,,,,,,,,,,,,,,,,,,,,,,,,,,,,,,,,,,,,,,,,
96401,full_production_agent,0,18,23741.0,25795.0,298,298,198,283,0,15,-376.0,12,-253,9,,,-20,2,,,,,1,1,,,,,,,4,4,3,3,2,2,1,1,,,,,1,1,,,13,13,13,13,4,4,5,5,6,6,,,3,3,4,4,3,3,4,4,7,7,5,5,2,,4.0,3.0,11.958333333333334,19.791666666666668,3.0,,4.083333333333333,3.0,11.75,11.958333333333334,0.041666666666666664,1,3,3,3,12,12,26,4,4,4,5,5,,,6,6,9,9,5,,,-50,1,765,9,11.5,19.333333333333332,11,25,,,,,,,,,2,2,,,,,1,1,4,,,,,,,0.5,,1,,,,,,,,,,,1,1,,,4,4,9,9,,,9,9,,,,,,,9,9,16,16,5,5,2,2,,,,,11.791666666666666,7.791666666666667,,,,0.041666666666666664,7.791666666666667,12.0,17.0,12,,8,8,20,,,,,,8,8,,,7,7,,,20,20,,,3,2,2,5,,16.666666666666668,7.458333333333333,,,7,19,,,411,2,,,,,,,,1,1,11,11,,,,,,,,1,1,4,,,,,,,,,2,2,2,2,1,1,3,3,1,1,,,,,,3.0,,,,,,,3,,,3,3,,,6,6,,,4,4,3,3,1,1,,,2,2,,,,3.0,1.5416666666666667,,,,1.0,,3,,1,,,,,,,,,,,,,,,1,1,6,6,1,1,3,3,3,3,8,8,3,3,1,1,,,1,1,2,2,2,2,,,2,2,,,,,,2.0,,,,2,1,1,1,1,,,,,,,,,,,,,,,,,,,,,,,,0.041666666666666664,,,0.041666666666666664,0.041666666666666664,0.041666666666666664,,,,,,,,,,,1,1,1,1,1.0,,,,1,1,2,2,2,9,,2.5416666666666665,3.0833333333333335,3.0833333333333335,2.5416666666666665,1089,5,488,2,1,1,5,5,,,1,1,0.6666666666666666,,,,2,,,,1,,,,,,,,,,,,,,,2,2,2,2,,,,,,,,,,,,,,,,,,,,2,2,,,,,,,,,,,,,,,,,,,,,,,
96401,full_production_agent,0,19,25795.0,30543.0,297,297,195,293,0,4,-376.0,12,-325,11,,,-100,10,,,334,11,1,1,,,2,2,6,6,3,3,3,3,,,,,,,2,2,3,3,,,15,15,8,8,6,6,11,11,9,9,,,,,4,4,3,3,4,4,8,8,7,7,,,4.0,3.0,12.041666666666666,26.333333333333332,3.0,,3.4166666666666665,3.0,11.375,12.041666666666666,0.9583333333333334,1,3,3,3,12,12,28,4,4,4,4,4,,,5,5,3,3,3,,,,,831,10,9.416666666666666,23.708333333333332,8,24,,,,,,,,,2,2,,,,,3,3,12,3,,,,,,1.7083333333333333,,1,,,,,,,,,,,5,5,,,2,2,13,13,,,6,6,,,,,,,7,7,14,14,8,8,2,2,,,,1,12.75,7.291666666666667,,,,,7.291666666666667,12.0,15.125,12,,8,8,12,,,,,,15,15,,,5,5,,,12,12,,,5,2,2,10,,12.25,4.416666666666667,,,2,6,,,1042,5,,,,,,,,2,2,9,9,,,,,,,,5,5,20,,,,,,,,,3,3,3,3,2,2,3,3,,,,,,,,3.0,,,,,,,3,,,3,3,,,4,4,,,1,1,3,3,4,4,1,1,3,3,,,,3.0,2.7083333333333335,,,,1.0,,3,,1,,,,,,,0,4,,,,,,,,,7,7,1,1,3,3,3,3,4,4,3,3,1,1,,,1,1,1,1,2,2,1,1,1,1,1,1,,,,2.0,,,,2,1,1,1,1,,,,,,,,,,,,,,,,,,,,,,,,,,,,,,,,,,,,,,,,,,,,,,1,1,2,2,5,,,,,2.125,3.875,3.875,2.125,2844,14,498,2,2,2,7,,,,,,,1,1,6,,,,,,0,5,,,,,,,,,,,,,1,1,1,1,,,,,,1,1,,,0,3,,,,,,,,,2,2,,,,,,,,,,,,,,,,,,,,,,,
96401,full_production_agent,0,20,30543.0,35264.0,292,292,203,292,0,0,-376.0,12,-327,11,,,-90,9,,,749,25,1,1,,,3,3,,,3,3,3,3,1,1,3,3,,,6,6,2,2,,,10,10,9,9,6,6,8,8,5,5,,,3,3,3,3,3,3,4,4,11,11,6,6,,,4.0,3.7083333333333335,10.416666666666666,22.375,3.0,,3.9583333333333335,3.0,11.5,10.416666666666666,2.5833333333333335,7,3,3,4,6,6,7,4,4,4,5,5,,,6,6,5,5,,,,,,731,9,6.583333333333333,18.541666666666668,1,2,,,,,,,,,4,4,,,,,8,8,31,5,,,,,,1.0,,1,,,,,,,,,,,2,2,,,7,7,8,8,,,7,7,,,,,,,9,9,15,15,3,3,,,,,,,13.875,8.0,,,,,8.0,12.0,10.875,12,,8,8,9,,,,,,6,6,,,5,5,,,12,12,,,5,2,2,6,,5.041666666666667,2.1666666666666665,,,1,2,,,3260,16,,,,,,,,1,1,14,14,,,,,,,,2,2,8,,,,,,,,,2,2,7,7,2,2,3,3,2,2,,,,,,3.0,,,,,,,3,,,3,3,,,3,3,,,4,4,3,3,2,2,,,3,3,,,,3.0,2.375,,,,1.0,,3,,1,,,,,,,,,,,,,0,1,2,2,6,6,1,1,2,2,3,3,9,9,3,3,1,1,,,1,1,3,3,,,,,2,2,,,,,,2.0,,,,2,1,1,,,,,,,,,,,,,,,,,,,,,,,,,,,,,,,,,,,,,,,,,,5,5,,,,,1,1,1,1,3,1,1,4,,1.7916666666666667,3.375,3.375,1.7916666666666667,774,4,,,,,,,,,,,,,,,,,,,,0,3,,,,,,,,,,,,,1,1,1,1,,,,,,,,,,,,,,,,,,,,1,1,,,,,,,,,,,,,,,,,,,,,,,
96401,full_production_agent,0,21,35264.0,38070.0,293,293,178,270,0,23,-376.0,12,-324,11,,,,,,,1180,39,1,1,,,,,,,3,3,3,3,2,2,,,,,,,5,5,,,11,11,8,8,4,4,6,6,3,3,,,3,3,4,4,8,8,3,3,11,11,5,5,5,,4.0,4.083333333333333,9.0,12.583333333333334,3.0,,5.416666666666667,3.0,6.875,9.0,3.2083333333333335,,3,3,5,11,11,16,4,4,4,4,4,,,3,3,3,3,9,-40,2,,,399,5,4.0,7.583333333333333,4,9,,,,,,,,,6,6,,,,,,,,,,,,,,1.0,,1,,,,,,,,,,,,,,,3,3,8,8,,,6,6,,,,,,,12,12,16,16,2,2,,,,,3,2,11.583333333333334,8.0,,,,,8.0,12.0,12.083333333333334,12,,8,8,15,,,,,,5,5,,,10,10,,,11,11,,,,2,2,6,,10.083333333333334,6.0,,,6,13,,,1203,6,,,,,,,,,,19,19,,,,,,,,,,,2,2,2,2,3,3,,,3,3,5,5,2,2,1,1,,,0.7916666666666666,,,0.7916666666666666,0.7916666666666666,3.0,3,,,2,2,2,3,,,3,3,,,2,2,,,2,2,3,3,2,2,,,,,,,,3.0,2.1666666666666665,,,,1.0,,3,1,1,,,,,,,,,,,,,,,,,6,6,1,1,2,2,3,3,6,6,2,2,1,1,,,1,1,2,2,2,2,1,1,2,2,,,,,,2.0,,,,2,1,1,1,1,,,,,,,,,,,,,,,,,,,,,,,,,,,,,,,,,,,,,,,,1,1,,,,,,,5,5,10,2,2,7,,4.958333333333333,7.916666666666667,7.916666666666667,4.958333333333333,764,4,,,1,1,4,,,,,,,1,1,3,,,1,1,4,,,,,,,,,,,,,,,2,2,2,2,,,,,,,,,,,,,,,,,,,,4,4,,,,,,,,,,,,,,,,,,,,,,,
96401,full_production_agent,0,22,38070.0,44400.0,298,298,200,288,0,10,-376.0,12,-257,8,,,-10,1,,,32,1,,,,,,,,,4,4,3,3,,,,,,,2,2,,,,,11,11,12,12,7,7,12,12,6,6,,,2,2,4,4,2,2,4,4,10,10,6,6,1,,4.0,5.5,10.666666666666666,17.666666666666668,3.0,,4.208333333333333,3.0,13.458333333333334,10.666666666666666,0.3333333333333333,1,3,3,6,10,10,18,4,4,4,5,5,,,6,6,1,1,1,,,,,472,6,5.666666666666667,12.666666666666666,5,13,,,,,,,,,3,3,,,,,1,1,4,2,,,,,,0.75,,,,,,,,,,,,,2,2,,,3,3,10,10,,,9,9,,,,,,,10,10,11,11,9,9,,,,,,2,10.458333333333334,8.25,,,,,8.25,12.0,17.75,12,,9,9,21,,,,,,6,6,,,5,5,,,15,15,,,2,2,2,5,,16.916666666666668,7.416666666666667,,,7,19,,,1868,9,,,,,,,,1,1,14,14,,,,,,,,1,1,4,,,1,1,2,2,,,3,3,2,2,3,3,3,3,1,1,2.0,,,2.0,2.0,3.0,,,,2,2,2,3,,,3,3,4,4,4,4,,,5,5,3,3,1,1,1,1,2,2,,,,3.0,3.0416666666666665,,,,1.0,,3,,1,,,,,,,,,,,,,,,1,1,6,6,1,1,3,3,3,3,6,6,3,3,1,1,,,1,1,2,2,2,2,1,1,3,3,1,1,,,,2.0,,,,2,1,1,,,,,,,,,,,,,,,,,,,,,,,,,,,,,,,,,,,,,,,,,,2,2,,,,,,,2,2,4,,,,,4.708333333333333,5.416666666666667,5.416666666666667,4.708333333333333,1963,11,2638,10,2,2,8,3,,,,,,,,,2,,1,1,,,,1,1,2,1.75,1.75,0.875,0.875,,,,,,4,4,4,4,,,,,,,,,,,,,,1,1,,,,,3,3,,,,,,,,,1,,,,,,,,,,,,,,
96401,full_production_agent,0,23,44400.0,48844.0,298,298,174,283,0,15,-376.0,12,-374,11,,,-90,9,,,447,13,1,1,,,,,2,2,3,3,3,3,,,,,,,,,3,3,,,13,13,3,3,3,3,10,10,7,7,,,3,3,4,4,4,4,4,4,10,10,7,7,,,4.0,8.25,9.625,16.0,3.0,,3.375,3.0,9.333333333333334,9.625,1.375,1,3,3,9,10,10,19,4,4,4,3,3,,,3,3,4,4,3,,,,,923,12,8.208333333333334,14.583333333333334,7,16,,,,,,,,,4,4,,,,,3,3,12,,,,,,,0.5833333333333334,,2,,,,,,,,,,,4,4,,,4,4,13,13,,,8,8,,,,,,,10,10,12,12,10,10,,,1,,3,,11.583333333333334,8.541666666666666,,,,,8.541666666666666,11.041666666666666,17.333333333333332,11,,8,8,12,,,,,,8,8,,,2,2,,,9,9,,,1,2,2,5,,13.583333333333334,4.791666666666667,,,2,6,,,1061,5,,,,,,,,3,3,11,11,,,,,,,,5,5,20,,,2,2,1,1,,,2,2,3,3,1,1,3,3,2,2,3.3333333333333335,,,2.0,2.0,3.0,,,,2,2,4,3,,,3,3,2,2,2,2,,,5,5,3,3,,,,,2,2,,,,3.0,2.5833333333333335,,,,1.0,,3,,1,,,,,,,0,4,,,,,0,1,1,1,6,6,1,1,3,3,3,3,6,6,3,3,1,1,,,1,1,2,2,2,2,1,1,1,1,1,1,,,3.3333333333333335,2.0,2.0,2,4,2,1,1,1,1,,,,,,,,,,,,,,,,,,,,,,1,,,,,,,,,,,,,,,,,,1,1,,,,,1,1,6,6,12,1,1,3,,7.125,10.25,10.25,7.125,1247,8,1606,6,,,,1,,,1,1,0.8333333333333334,1,1,3,2,,,,4,0,2,1,1,2,1.9166666666666667,1.9166666666666667,0.9583333333333334,0.9583333333333334,,,,,,4,4,4,4,,,,,,1,1,,,,,,,1,1,,,,,2,2,,,,,,,,,,,,,,,,,,,,,,,
96401,full_production_agent,0,24,48844.0,54920.0,291,291,194,291,0,0,-376.0,12,-378,11,,,-80,8,,,936,27,,,,,2,2,,,3,3,4,4,2,2,4,4,,,,,4,4,,,9,9,5,5,3,3,9,9,7,7,,,3,3,3,3,2,2,4,4,9,9,7,7,,,4.0,9.875,10.458333333333334,18.291666666666668,2.875,,4.875,2.875,12.916666666666666,10.458333333333334,1.5416666666666667,2,2,2,6,12,12,20,4,4,4,5,5,,,2,2,2,2,,,,,,599,8,6.083333333333333,13.916666666666666,5,13,,,,,,,,,3,3,,,,,2,2,8,6,,,,,,1.3333333333333333,,1,,,,,,,,,,,4,4,,,10,10,10,10,,,8,8,,,,,,,7,7,10,10,4,4,2,2,,,,,10.791666666666666,8.875,,,,,8.875,9.083333333333334,11.833333333333334,9,,10,10,12,,,,,,9,9,,,12,12,,,5,5,,,4,2,2,6,,5.916666666666667,2.9583333333333335,,,2,4,,,1717,8,,,,,,,,3,3,12,12,,,,,1,1,6,2,2,8,,,2,2,3,3,,,2,2,3,3,2,2,3,3,2,2,2.3333333333333335,4.416666666666667,0.875,1.125,1.125,3.0,,,,,,,3,,,3,3,,,5,5,,,6,6,3,3,3,3,,,1,1,,,,3.0,1.75,,,,1.0,,3,,1,,,,,,,,,,,,,,,2,2,7,7,1,1,3,3,3,3,6,6,3,3,1,1,,,1,1,3,3,1,1,,,4,4,1,1,,,2.3333333333333335,2.0,1.125,,,2,1,1,1,1,2,2,6,,,,,,,,,,,,,,,,,,,,,,,,,,,,,,,,,,,,,4,4,,,,,,,4,4,10,1,1,2,,3.0416666666666665,6.166666666666667,6.166666666666667,3.0416666666666665,411,3,3247,12,1,1,3,,,,1,1,1.7083333333333333,,,,,,,,,,,,,,2.0,2.0,1.0,1.0,1,1,2,1,2,1,1,1,1,,,,,,,,,,,,,,,,,,,,2,2,1,1,,,,,,,,,,,,,,,,,,,,,
96401,full_production_agent,0,25,54920.0,62042.0,291,291,190,286,0,5,-376.0,12,-395,11,,,-70,7,,,425,12,,,,,1,1,1,1,3,3,2,2,1,1,3,3,,,2,2,5,5,,,13,13,10,10,6,6,13,13,6,6,,,1,1,2,2,2,2,4,4,9,9,7,7,,,4.0,6.458333333333333,11.958333333333334,19.0,2.0,,3.75,2.0,10.041666666666666,11.958333333333334,2.0416666666666665,2,2,2,7,12,12,15,4,3,3,5,5,,,3,3,8,8,,,,,,659,9,5.625,12.666666666666666,3,6,,,,,,,,,4,4,,,,,5,5,18,5,,,,,,0.9166666666666666,,2,,,,,,,,,,,1,1,,,7,7,10,10,,,4,4,,,,,,,8,8,8,8,2,2,3,3,1,,2,1,10.666666666666666,10.416666666666666,,,,,10.416666666666666,8.041666666666666,15.291666666666666,8,,11,11,19,,,,,,8,8,,,11,11,,,7,7,,,1,2,2,6,,10.875,6.0,,,6,14,,,1334,6,,,,,,,,1,1,15,15,,,323,6,,,,,,,,,,,,,,,2,2,6,6,1,1,3,3,,,,,,,,3.0,,,,,,,3,1402,6,3,3,,,2,2,,,2,2,3,3,2,2,1,1,1,1,,,,3.0,2.0416666666666665,,,,1.0,,3,,1,,,,,,,,,,,,,,,1,1,5,5,1,1,1,1,3,3,8,8,3,3,1,1,,,1,1,2,2,2,2,1,1,3,3,2,2,,,,2.0,,,,2,1,1,1,1,,,,,,,,,,,,,,,,,,,,,,1,,,,,,,,,,,,,,,,,,3,3,,,,,1,1,5,5,11,1,1,4,,2.6666666666666665,5.708333333333333,5.708333333333333,2.6666666666666665,1070,9,2750,10,2,2,8,,,,2,2,1.625,1,1,3,,,,,,,,1,1,2,2.75,2.75,1.875,1.875,,1,1,1,1,,,,,,,,,,,,,,,,,,,,,,,,1,1,1,1,,,,,,,,,,,,,,,,,,,,,
96401,full_production_agent,0,26,62042.0,68662.0,291,291,173,263,0,28,-376.0,12,-407,11,,,,,,,661,18,,,,,,,,,3,3,2,2,,,1,1,,,,,,,,,10,10,11,11,5,5,6,6,6,6,,,2,2,4,4,3,3,4,4,10,10,7,7,,,4.0,8.25,12.0,19.291666666666668,2.0,,3.9166666666666665,2.0,10.0,12.0,1.0833333333333333,,2,2,9,12,12,22,4,4,4,6,6,,,3,3,8,8,9,-120,6,,,501,7,7.0,14.291666666666666,7,17,,,,,,,,,6,6,,,,,,,,2,,,,,,1.5,,1,3,3,2,2,3,3,2,2,1,1,,,,,9,9,11,11,,,5,5,,,,,,,8,8,10,10,,,,,,,10,4,11.333333333333334,10.25,1.25,1.25,1.25,,10.25,8.0,19.875,8,,9,9,21,3,3,3,,,3,3,1,1,10,10,,,3,3,,,,2,2,6,,18.875,9.25,,,8,20,,,2061,9,,,,,,,,,,13,13,,,,,,,,2,2,8,2,2,2,2,1,1,,,2,2,4,4,,,3,3,2,2,0.9166666666666666,,,0.9166666666666666,0.9166666666666666,3.0,,,,2,2,2,3,,,3,3,,,5,5,,,1,1,3,3,2,2,,,2,2,,,,3.0,2.625,,,,1.0,,3,,1,,,,,,,,,,,,,,,1,1,5,5,1,1,2,2,3,3,4,4,3,3,1,1,,,1,1,1,1,2,2,1,1,2,2,2,2,,,,2.0,,,,2,1,1,,,,,,,,,,,,,,,,,,,,,,,,1,,,,,,,,,,,,,,,,,,1,1,,,,,1,1,3,3,6,1,1,4,,1.75,3.5,3.5,1.75,669,8,3631,13,,,,,,,,,,,,,3,,2,2,1,,,,,,2.0,2.0,2.0,2.0,,2,2,2,2,,,,,,,,,,,,,,,,,,3,3,,,,,1,1,,,,,,,,,,,,,,,,,,,,,,,
96401,full_production_agent,0,27,68662.0,72098.0,298,298,173,267,0,31,-376.0,12,-418,11,,,,,,,304,8,2,2,,,5,5,3,3,3,3,3,3,2,2,3,3,,,3,3,,,,,12,12,9,9,3,3,5,5,4,4,,,2,2,4,4,1,1,4,4,9,9,6,6,,,4.0,6.791666666666667,10.458333333333334,22.5,1.4166666666666667,,3.6666666666666665,1.4166666666666667,9.375,10.458333333333334,2.125,4,1,1,5,9,9,22,4,4,4,5,5,,,1,1,4,4,,,,,,561,8,10.458333333333334,22.5,9,22,,,,,,,,,1,1,,,,,3,3,12,,,,,,,3.0833333333333335,,5,,,2,2,3,3,1,1,2,2,,,,,3,3,9,9,,,3,3,,,,,,,8,8,10,10,4,4,3,3,4,2,,,9.791666666666666,6.916666666666667,3.0,3.0,3.0,,6.916666666666667,8.0,17.333333333333332,8,,5,5,14,3,3,3,,,3,3,2,2,5,5,,,5,5,,,,1,1,2,,17.333333333333332,6.916666666666667,,,5,14,,,1422,6,,,,,,,,5,5,9,9,,,,,1,1,6,4,4,16,,,2,2,,,,,3,3,5,5,,,3,3,,,2.0,6.791666666666667,1.4166666666666667,2.0,2.0,3.0,,1,5,2,2,2,3,,,3,3,1,1,5,5,,,6,6,3,3,1,1,1,1,1,1,,,,3.0,1.8333333333333333,,,,1.0,,3,,1,,,,,,,0,7,,,,,0,2,1,1,6,6,1,1,3,3,3,3,6,6,3,3,1,1,,,1,1,1,1,2,2,,,1,1,4,4,3,3,,2.0,,,,2,1,1,,,,,,,,,,,,,,,,,,,,,,,,5,,,,,,,,,,,,,,,,,,,,,,,,1,1,5,5,10,2,2,6,4,1.9166666666666667,3.8333333333333335,3.8333333333333335,1.9166666666666667,231,4,1712,6,1,1,4,9,,,,,,1,1,3,,,,,7,0,8,1,1,3,3.625,3.625,1.875,1.875,,1,1,1,1,,,,,,,,,,,,,,,,,,,,,,,,1,1,,,,,,,,,,,,,,,,,,,,,,,
96401,full_production_agent,0,28,72098.0,77719.0,292,292,168,251,0,41,-376.0,12,-17086,444,,,,,,,18253,474,10,10,,,4,4,11,11,3,3,4,4,2,2,11,11,,,1,1,,,,,8,8,6,6,4,4,,,2,2,,,1,1,4,4,1,1,4,4,8,8,6,6,,5,4.0,2.9583333333333335,7.333333333333333,18.208333333333332,0.5833333333333334,,3.625,0.5833333333333334,10.125,7.333333333333333,6.083333333333333,9,,,,5,5,14,4,4,4,6,6,,,1,1,3,3,6,,,,,616,9,7.333333333333333,18.208333333333332,5,14,,,,,,,,,2,2,,,,,4,4,16,2,,,,,,8.25,,13,,,4,4,3,3,3,3,1,1,,,,,,,5,5,,,,,,,,,,,4,4,3,3,2,2,10,10,7,,,4,5.833333333333333,2.9583333333333335,4.75,3.0,3.0,,2.9583333333333335,4.166666666666667,8.541666666666666,4,,1,1,3,3,3,6,,,1,1,2,2,2,2,,,5,5,,,,3,3,7,,8.541666666666666,2.9583333333333335,4.75,3.0,1,3,3,6,1208,5,,,,,,,,5,5,6,6,,,,,1,1,6,4,4,16,,,2,2,,,,,3,3,1,1,1,1,3,3,2,2,2.125,2.9583333333333335,0.5833333333333334,2.0,2.0,3.0,,,,2,2,4,3,1387,6,3,3,,,2,2,,,6,6,3,3,3,3,2,2,2,2,,,,3.0,2.25,,,,1.0,,3,,1,,,,,,,,,,,,,,,,,8,8,1,1,2,2,3,3,6,6,3,3,1,1,,,1,1,2,2,1,1,1,1,,,,,,,2.125,2.0,2.0,2,4,2,1,1,1,1,,,,,,,,,,,,,,,,,,,,,,14,,,,,,,,,,,,,,,,,,,,,,,,,,3,3,6,,,,,0.9166666666666666,1.8333333333333333,1.8333333333333333,0.9166666666666666,172,10,1447,5,2,2,8,,,,4,4,2.625,,,,,,,,2,,,1,1,3,1.625,1.625,0.5416666666666666,0.5416666666666666,,,,,,,,,,,,,,,,,,,,,1,1,,,,,,,2,2,,,,,,,,,3,,,,,,,,,,,,,,
96401,full_production_agent,0,29,77719.0,89577.0,279,279,204,263,0,16,-376.0,12,,,,,,,,,2383,63,14,14,,,18,18,18,18,4,4,3,3,7,7,13,13,1,1,11,11,,,,,2,2,2,2,8,8,1,1,,,,,,,,,,,2,2,18,18,,,,10,4.0,,3.6956521739130435,10.869565217391305,,,5.130434782608695,,5.043478260869565,3.6956521739130435,11.043478260869565,,,,,,,,,4,4,6,6,,,,,,,2,,,,,1243,19,3.6956521739130435,10.869565217391305,,,,,,,,,,,7,7,,,,,3,3,9,,,,,,,16.26086956521739,,,,,,,,,,,,,,,,,,,,,,,,,,,,,,,1,1,2,2,1,1,11,11,4,,,,2.6956521739130435,0.4782608695652174,2.1739130434782608,1.0869565217391304,1.0869565217391304,,0.4782608695652174,1.1304347826086956,1.434782608695652,,,,,,,,,,,,,,,,,,,,,,,,1,1,3,,1.434782608695652,0.4782608695652174,2.1739130434782608,1.0869565217391304,,,,,3235,13,,,3,3,6,,,9,9,1,1,,,456,8,,,,1,1,3,,,1,1,1,1,,,,,5,5,4,4,2,2,1,1,2.869565217391304,,,1.3478260869565217,1.3478260869565217,3.0,,,,,,,,1359,6,2,2,,,5,5,,,10,10,,,4,4,4,4,,,,,,3.0,3.652173913043478,,,,1.0,,,,,,,,,,,,,,,,,,,,,8,8,1,1,1,1,3,3,4,4,1,1,,,,,,,,,1,1,,,,,2,2,,,2.869565217391304,1.0434782608695652,1.3478260869565217,,,,,,,,1,1,2,,,,,,,,,,,,,,,,,,,,,,,,,,,,,,,,,,,,,,,1,1,0.8695652173913043,,,,1,1,2,1,1,3,,0.30434782608695654,0.6086956521739131,0.6086956521739131,0.30434782608695654,19,11,3539,12,,,,,,,3,3,2.0434782608695654,1,1,3,,,,,,,,1,1,1,0.30434782608695654,0.30434782608695654,0.30434782608695654,0.30434782608695654,,,,,,,,,,,,,,,,,,,,,1,1,1,1,,,10,10,,,,,,,10,10,,,,,,,,,,,,,,,,,
96401,full_production_agent,1,0,3000.0,824.0,116,116,44,86,0,30,-7.0,4,-941,33,-960,12,-80,8,-800,2,612,21,5,5,2,2,7,7,2,2,1,1,1,1,1,1,2,2,4,4,1,1,7,7,2,2,7,7,6,6,3,3,1,1,4,4,8,8,8,8,2,2,3,3,2,2,2,2,5,5,18,12,1.2916666666666667,3.2916666666666665,4.541666666666667,4.541666666666667,3.2916666666666665,0.5,0.375,3.2916666666666665,0.625,4.541666666666667,15.375,8,8,8,8,7,7,7,2,,,,,,,,,,,,,,,,,,,,,,,,,,,,,,,,,,,,,,,,,,,,,,,,,,,,,,,,,,,,,,,,,,,,,,,,,,,,,,,,,,,,,,,,,,,,,,,,,,,,,,,,,,,,,,,,,,,,,,,,,,,,,,,,,,,,,,,,,,,,,,,,,,,,,,,,,,,,,,,,,,,,,,,,,,,,,,,,,,,,,,,,,,,,,,,,,,,,,,,,,,,,,,,,,,,,,,,,,,,,,,,,,,,,,,,,,,,,,,,,,,,,,,,,,,,,,,,,,,,,,,,,,,,,,,,,,,,,,,,,,,,,,,,,,,,,,,,,,,,,,,,,,,,,,,,,,,,,,,,,,,,,,,,,,,,,,,,,,,,,,,,,,,,,,,,,,,,,,,,,,,,,,,,,,,,,,,,,,,,,,,,,,,,,,,,,,,,,,,,,,,,,,,,,,,,,,,,
96401,full_production_agent,1,1,824.0,759.0,116,116,77,109,0,7,-7.0,4,-348,12,,,,,,,290,10,5,5,,,1,1,1,1,1,1,1,1,,,2,2,1,1,,,1,1,,,8,8,3,3,,,3,3,10,10,4,4,12,12,2,2,13,13,2,2,5,5,6,6,5,,2.0,10.458333333333334,7.458333333333333,7.458333333333333,10.458333333333334,,0.9583333333333334,10.458333333333334,11.583333333333334,7.458333333333333,5.083333333333333,3,12,12,12,8,8,8,2,2,2,2,2,11,11,7,7,6,6,2,,,,,,,,,,,,,,,,,,,,,,,,,,,,,,,,,,,,,,,,,,,,,,,,,,,,,,,,,,,,,,,,,,,,,,,,,,,,,,,,,,,,,,,,,,,,,,,,,,,,,,,,,,,,,,,,,,,,,,,,,,,,,,,,,,,,,,,,,,,,,,,,,,,,,,,,,,,,,,,,,,,,,,,,,,,,,,,,,,,,,,,,,,,,,,,,,,,,,,,,,,,,,,,,,,,,,,,,,,,,,,,,,,,,,,,,,,,,,,,,,,,,,,,,,,,,,,,,,,,,,,,,,,,,,,,,,,,,,,,,,,,,,,,,,,,,,,,,,,,,,,,,,,,,,,,,,,,,,,,,,,,,,,,,,,,,,,,,,,,,,,,,,,,,,,,,,,,,,,,,,,,,,,,,,,,,,,,,,,,,,,,,,,,,,,,,,,,,,,,,,,,,
96401,full_production_agent,1,2,759.0,314.0,116,116,47,74,0,42,-7.0,4,-348,12,,,,,,,290,10,2,2,,,2,2,1,1,1,1,1,1,,,2,2,1,1,,,,,,,8,8,9,9,,,2,2,5,5,,,12,12,2,2,3,3,2,2,5,5,6,6,42,,2.0,12.0,8.0,12.916666666666666,12.0,,0.5833333333333334,12.0,9.333333333333334,8.0,3.0,3,12,12,12,8,8,15,2,2,2,1,1,2,2,3,3,2,2,,-380,19,-200,4,200,2,7.0,11.916666666666666,7,14,,,,,,,,,,,,,,,,,,,,,,,,,,,,,,,,,,,,,,,,,,,,,,,,,,,,,,,,,,,,,,,,,,,,,,,,,,,,,,,,,,,,,,,,,,,,,,,,,,,,,,,,,,,,,,,,,,,,,,,,,,,,,,,,,,,,,,,,,,,,,,,,,,,,,,,,,,,,,,,,,,,,,,,,,,,,,,,,,,,,,,,,,,,,,,,,,,,,,,,,,,,,,,,,,,,,,,,,,,,,,,,,,,,,,,,,,,,,,,,,,,,,,,,,,,,,,,,,,,,,,,,,,,,,,,,,,,,,,,,,,,,,,,,,,,,,,,,,,,,,,,,,,,,,,,,,,,,,,,,,,,,,,,,,,,,,,,,,,,,,,,,,,,,,,,,,,,,,,,,,,,,,,,,,,,,,,,,,,,,,,,,,,,,,,,,,,,
96401,full_production_agent,1,3,314.0,446.0,116,116,63,96,0,20,-7.0,4,-60,2,,,,,,,,,,,,,,,1,1,1,1,1,1,,,2,2,1,1,,,,,,,8,8,4,4,,,3,3,8,8,,,12,12,2,2,6,6,2,2,3,3,6,6,20,,2.0,12.0,8.0,20.041666666666668,12.0,,0.875,12.0,11.375,8.0,0.5833333333333334,,12,12,12,8,8,23,2,2,2,3,3,4,4,8,8,2,2,,,,,,199,2,8.0,20.041666666666668,8,23,3,3,7,7,3,3,3,3,1,1,2.4166666666666665,3,,,,,,,,,,,,,,,,,,,,,,,,,,,,,,,,,,,,,,,,,,,,,,,,,,,,,,,,,,,,,,,,,,,,,,,,,,,,,,,,,,,,,,,,,,,,,,,,,,,,,,,,,,,,,,,,,,,,,,,,,,,,,,,,,,,,,,,,,,,,,,,,,,,,,,,,,,,,,,,,,,,,,,,,,,,,,,,,,,,,,,,,,,,,,,,,,,,,,,,,,,,,,,,,,,,,,,,,,,,,,,,,,,,,,,,,,,,,,,,,,,,,,,,,,,,,,,,,,,,,,,,,,,,,,,,,,,,,,,,,,,,,,,,,,,,,,,,,,,,,,,,,,,,,,,,,,,,,,,,,,,,,,,,,,,,,,,,,,,,,,,,,,,,,,,,,,,,,,,,,,,,,,,,,,,,,,,,,,,,,,,
96401,full_production_agent,1,4,446.0,505.0,116,116,66,114,0,2,-7.0,4,-372,12,,,-70,7,,,310,10,2,2,,,2,2,3,3,1,1,1,1,,,2,2,,,,,7,7,,,15,15,6,6,,,4,4,5,5,,,10,10,2,2,4,4,2,2,1,1,9,9,2,,2.0,12.0,7.208333333333333,14.083333333333334,12.0,,0.6666666666666666,12.0,15.041666666666666,7.208333333333333,0.7916666666666666,,12,12,12,8,8,10,2,2,2,4,4,3,3,11,11,2,2,,,,,,198,2,3.625,10.5,1,3,,,4,4,2,2,2,2,,,3.0,3,1,1,7,7,28,3,,,,,,,,,,,,,,,,,,,,,,,,,,,,,,,,,,,,,,,,,,,,,,,,,,,,,,,,,,,,,,,,,,,,,,,,,,,,,,,,,,,,,,,,,,,,,,,,,,,,,,,,,,,,,,,,,,,,,,,,,,,,,,,,,,,,,,,,,,,,,,,,,,,,,,,,,,,,,,,,,,,,,,,,,,,,,,,,,,,,,,,,,,,,,,,,,,,,,,,,,,,,,,,,,,,,,,,,,,,,,,,,,,,,,,,,,,,,,,,,,,,,,,,,,,,,,,,,,,,,,,,,,,,,,,,,,,,,,,,,,,,,,,,,,,,,,,,,,,,,,,,,,,,,,,,,,,,,,,,,,,,,,,,,,,,,,,,,,,,,,,,,,,,,,,,,,,,,,,,,,,,,,,,,,,,,,,,,
96401,full_production_agent,1,5,505.0,302.0,116,116,66,98,0,18,-7.0,4,-44,2,,,-40,4,,,790,28,,,1,1,,,,,1,1,1,1,3,3,2,2,,,,,,,,,8,8,7,7,,,6,6,6,6,,,12,12,2,2,6,6,2,2,4,4,5,5,2,,2.0,12.0,7.458333333333333,8.416666666666666,12.0,0.5,0.7083333333333334,12.0,13.625,7.458333333333333,0.041666666666666664,,12,12,12,7,7,7,2,2,2,1,1,9,9,5,5,,,9,,,,,198,2,0.4583333333333333,1.4166666666666667,,,,,4,4,3,3,4,4,2,2,3.0,3,1,1,1,1,4,,-1000.0,1,-100,1,7,1.0416666666666667,1,25,,,,,,,,,,,,,,,,,,,,,,,,,,,,,,,,,,,,,,,,,,,,,,,,,,,,,,,,,,,,,,,,,,,,,,,,,,,,,,,,,,,,,,,,,,,,,,,,,,,,,,,,,,,,,,,,,,,,,,,,,,,,,,,,,,,,,,,,,,,,,,,,,,,,,,,,,,,,,,,,,,,,,,,,,,,,,,,,,,,,,,,,,,,,,,,,,,,,,,,,,,,,,,,,,,,,,,,,,,,,,,,,,,,,,,,,,,,,,,,,,,,,,,,,,,,,,,,,,,,,,,,,,,,,,,,,,,,,,,,,,,,,,,,,,,,,,,,,,,,,,,,,,,,,,,,,,,,,,,,,,,,,,,,,,,,,,,,,,,,,,,,,,,,,,,,,,,,,,,,,,,,,,,,,
96401,full_production_agent,1,6,302.0,333.0,208,208,95,164,0,44,-54.0,8,,,,,,,,,89,4,,,,,,,,,2,2,2,2,,,1,1,,,,,,,,,7,7,4,4,2,2,3,3,6,6,,,12,12,2,2,4,4,2,2,4,4,5,5,8,,2.0,16.041666666666668,7.0,11.625,12.0,1.0,1.5416666666666667,12.0,10.666666666666666,7.0,,,12,12,20,7,7,14,2,2,2,2,2,4,4,3,3,5,5,,,,,,196,2,7.0,11.625,7,14,,,5,5,3,3,5,5,2,2,3.0,3,1,1,,,,,,,-200,2,5,13.208333333333334,1,5,15,15,1,1,15,15,13,13,7,7,3,3,1,1,1,1,3,3,1,1,2,2,,,,,1,1,1,1,1,1,,,2,2,,19,12,,0.8333333333333334,1.9583333333333333,8.791666666666666,8.791666666666666,8.791666666666666,0.4166666666666667,1.9583333333333333,0.625,1.9583333333333333,1,1,3,3,3,15,15,15,,,,,5,5,2,2,1,1,,,,,,,,,,,,,,,,,,,,,,,,,,,1,1,,,,,,,,,,,,,,,,,,,,,,,,,,,,,,,,,,,,,,,,,,,,,,,,,,,,,,,,,,,,,,,,,,,,,,,,,,,,,,,,,,,,,,,,,,,,,,,,,,,,,,,,,,,,,,,,,,,,,,,,,,,,,,,,,,,,,,,,,,,,,,,,,,,,,,,,,,,,,,,,,,,,,,,,,,,,,,,,,,,,,,,,,,,,,,,,,,,,,,,,,,,,,,,,,,,,,,,,,,,,,,,,,,,,,,,,,,,,,,,,,,,,,,,,,,,,,,,,,,,,,,,,,,,,,,,,,
96401,full_production_agent,1,7,333.0,327.0,208,208,148,201,0,7,-54.0,8,-48,2,,,,,,,,,,,,,,,,,2,2,2,2,,,,,,,,,,,,,7,7,3,3,,,2,2,7,7,,,12,12,2,2,8,8,2,2,5,5,7,7,1,,2.0,24.916666666666668,7.0,18.375,12.0,1.0,0.375,12.0,11.916666666666666,7.0,,,12,12,32,7,7,21,2,2,2,3,3,10,10,5,5,9,9,,,,,,196,2,7.0,18.375,7,21,,,4,4,3,3,5,5,2,2,3.0,3,1,1,,,,,,,-100,1,3,2.5416666666666665,1,1,1,1,9,9,14,14,9,9,20,20,1,1,,,,,2,2,1,1,1,1,,,1,1,2,2,3,3,6,6,3,3,,,,,3,,14.666666666666666,3.5,15.625,15.625,15.625,1.0,3.5,2.3333333333333335,3.5,3,1,4,4,4,16,16,16,,,,,21,21,1,1,,,2,2,1,1,4,,,,,,,,,,,,,,,,,,,,,,,,,,,,,,,,,,,,,,,,,,,,,,,,,,,,,,,,,,,,,,,,,,,,,,,,,,,,,,,,,,,,,,,,,,,,,,,,,,,,,,,,,,,,,,,,,,,,,,,,,,,,,,,,,,,,,,,,,,,,,,,,,,,,,,,,,,,,,,,,,,,,,,,,,,,,,,,,,,,,,,,,,,,,,,,,,,,,,,,,,,,,,,,,,,,,,,,,,,,,,,,,,,,,,,,,,,,,,,,,,,,,,,,,,,,,,,,,,,,,,,,,,,,,,,,,,,,,,,,,,,,,,,,,,,,,,,,,
96401,full_production_agent,1,8,327.0,305.0,208,208,143,202,0,6,-54.0,8,-143,5,,,-20,2,,,,,7,7,,,7,7,,,2,2,2,2,,,,,,,4,4,,,,,7,7,1,1,2,2,,,,,,,11,11,2,2,9,9,2,2,5,5,5,5,6,,2.0,33.833333333333336,4.375,13.416666666666666,12.0,1.0,1.375,12.0,16.083333333333332,4.375,2.625,7,12,12,43,,,,2,2,2,2,2,1,1,8,8,1,1,,,,,,195,2,4.375,13.416666666666666,,,,,5,5,2,2,3,3,2,2,3.0,3,1,1,7,7,28,2,,,,,,0.3333333333333333,1,,,,30,30,15,15,18,18,11,11,,,,,6,6,3,3,1,1,2,2,,,,,1,1,3,3,3,3,1,1,,,,,,,10.666666666666666,4.0,25.875,16.0,16.0,1.0,4.0,3.6666666666666665,6.416666666666667,4,1,4,4,7,16,16,31,1,1,,,,,,,1,1,3,3,,,3,2,2,12,,5.416666666666667,3.0,24.875,15.0,3,6,15,30,,,,,,,,,,,,1,1,,,,,,,,,,,,,,,,,,,,,,,,,,,,,,,,,,,,,,,,,,,,,,,,,,,,,,,,,,,,,,,,,,,,,,,,,,,,,,,,,,,,,,,,,,,,,,,,,,,,,,,,,,,,,,,,,,,,,,,,,,,,,,,,,,,,,,,,,,,,,,,,,,,,,,,,,,,,,,,,,,,,,,,,,,,,,,,,,,,,,,,,,,,,,,,,,,,,,,,,,,,,,,,,,,,,,,,,,,,,,,,,,,,,,,,,,,,,,,,,,,,,,,,,,,,,,,,,,,,,,,,,,,,,,,,
96401,full_production_agent,1,9,305.0,2076.0,208,208,136,205,0,3,-54.0,8,,,,,,,,,519,21,,,,,6,6,5,5,2,2,2,2,1,1,4,4,,,2,2,,,1,1,,,,,1,1,,,,,,,11,11,2,2,12,12,2,2,5,5,6,6,,1,2.0,46.5,,,12.0,0.875,0.6666666666666666,12.0,10.708333333333334,,7.0,7,12,12,54,,,,2,2,2,1,1,8,8,9,9,,,,,,,,194,2,,,,,,,3,3,1,1,6,6,2,2,3.0,3,2,2,,,,3,,,,,,4.333333333333333,,9,3,3,1,1,19,19,7,7,10,10,2,2,,,5,5,6,6,,,4,4,,,1,1,,,2,2,5,5,1,1,5,5,1,,1,,13.916666666666666,4.666666666666667,19.666666666666668,10.416666666666666,10.416666666666666,1.0,4.666666666666667,4.0,9.708333333333334,4,1,6,6,13,4,4,5,,,1,1,4,4,1,1,1,1,5,5,,,3,,,,,9.041666666666666,4.0,18.208333333333332,8.958333333333334,4,11,1,2,2112,12,-1000,2,15,15,45,1,1,8,8,,,0.5833333333333334,1,,,,,,,,,,,,,,,,,,,2,2,,,,,,,,,,,,0.125,1,,,,,,1,,,,,,,,,,,,,,,,,,,,,,,,,,,,,,,,,,,,,,,,,,,,,,,,,,,,,,,,,,,,,,,,,,,,,,,,,,,,,,,,,,,,,,,,,,,,,,,,,,,,,,,,,,,,,,,,,,,,,,,,,,,,,,,,,,,,,,,,,,,,,,,,,,,,,,,,,,,,,,,,,,,,,,,,,,,,,,,,,,,,,,,,,,,,,,,,,,,,,,,,,,,,,,,,,,,,,,,,,,,,,,,,,,,,,,
96401,full_production_agent,1,10,2076.0,2187.0,254,254,142,209,0,45,-143.0,10,-1395,58,,,,,-400,1,1174,47,6,6,1,1,5,5,17,17,3,3,2,2,5,5,10,10,,,9,9,,,,,,,,,3,3,,,,,,,12,12,2,2,6,6,2,2,3,3,2,2,2,11,2.0,44.291666666666664,,,9.458333333333334,0.08333333333333333,1.7083333333333333,9.458333333333334,7.583333333333333,,9.458333333333334,13,5,5,24,,,,2,2,2,3,3,4,4,2,2,,,,,,,,,,,,,,,,6,6,3,3,3,3,,,3.0,3,5,5,,,,,,,,,10,10.791666666666666,1,12,,,1,1,4,4,2,2,4,4,,,,,5,5,6,6,1,1,2,2,,,,,,,4,4,4,4,,,9,9,,3,4,8,7.666666666666667,3.8333333333333335,4.291666666666667,3.625,3.625,1.0,3.8333333333333335,4.0,7.166666666666667,4,1,3,3,5,3,3,3,3,3,1,1,1,1,3,3,2,2,4,4,1,1,,2,2,6,,5.166666666666667,1.8333333333333333,1.2916666666666667,0.625,1,3,,,,,-500,1,1,1,3,1,1,3,3,1,1,0.5416666666666666,,1375,34,7,7,42,3,3,12,,,,,,,2,2,1,1,,,1,1,1,1,,,,27.166666666666668,5.458333333333333,,,1.0,,1,5,,,,1,,,1,1,,,,,2,2,3,3,2,2,1,1,,,,,,,,1.2083333333333333,0.4166666666666667,,,,,,2,,,,,,,,,,,,,,,,,,,2,2,,,,,,,,,2,2,,,,,,,,,,,,,,,,,,,,,,,,,,,,,,,,,,,,,,,,,,,,,,,,,,,,,,,,,,,,,,,,,,,,,,,,,,,,,,,,,,,,,,,,,,,,,,,,,,,,,,,,,,,7,,,,,,,,,,,,,,,,,,,,,,,,,,,,,,,,,,,,,,,,,,,,,,,,,,,,,,,,,,,,,,
96401,full_production_agent,1,11,2187.0,8453.0,292,292,190,282,4,6,-376.0,12,-2743,99,,,-180,18,-800,2,1388,53,4,4,3,3,3,3,6,6,4,4,4,4,5,5,4,4,,,3,3,9,9,3,3,9,9,10,10,6,6,,,3,3,,,4,4,3,3,3,3,3,3,9,9,,,,4,2.75,22.458333333333332,4.208333333333333,4.208333333333333,4.625,0.7916666666666666,2.625,4.625,7.541666666666667,4.208333333333333,8.083333333333334,4,2,2,10,9,9,9,4,2,2,5,5,,,1,1,,,,,,,,97,1,,,,,,,5,5,1,1,10,10,5,5,3.0,3,15,11,,,,3,,,-700,7,,5.958333333333333,1,1,,,5,5,3,3,4,4,4,4,6,6,,,8,8,9,9,,,9,9,,,1,1,4,4,7,7,5,5,2,2,7,7,,,,2,6.041666666666667,5.625,4.75,3.0,3.0,1.0,5.625,6.166666666666667,8.291666666666666,8,1,8,8,10,3,3,6,4,4,6,6,,,5,5,3,3,16,16,,,2,,,,,5.291666666666667,2.625,4.75,3.0,2,4,3,6,917,6,-1500,3,,,,2,2,1,1,2,2,0.9583333333333334,1,542,14,3,3,18,1,1,4,,,,,,,,,1,1,2,2,,,1,1,,,,22.458333333333332,4.625,,,1.5416666666666667,2,2,10,,,,2,9621,38,,,,,1,1,1,1,6,6,2,2,,,1,1,1,1,2,2,4,2.0,2.2916666666666665,4.833333333333333,4.833333333333333,2.9166666666666665,0.2916666666666667,2.9166666666666665,2,3,1,1,1,1,1,,,0,3,,,,,,,,,3,3,,,,,2,2,4,4,,,,,,,,,,,,,,,,,,,,,,,,,,,,,,,,,,,,,,,,,,,,,,,,,,,,,,,,,,,,,,,,,,,,,,,,,,,,,,,,,,,,,,,,,,,,,,,,,,,,,,,,,,,,,,,,,,,,,,,,,,,,,,,,0,9,,,,,,,,,,,,,,,,,,,,,,,,,,0,2,,,,,,,,,,,,,,,
96401,full_production_agent,1,12,8453.0,11722.0,292,292,214,292,0,0,-376.0,12,-1976,62,,,,,,,2182,69,2,2,,,1,1,1,1,4,4,4,4,3,3,1,1,,,1,1,2,2,1,1,7,7,14,14,6,6,6,6,8,8,,,2,2,4,4,1,1,1,1,10,10,,,,,4.0,9.125,10.125,10.125,1.7083333333333333,0.375,5.125,1.7083333333333333,11.041666666666666,10.125,2.9166666666666665,3,,,,11,11,11,4,4,4,8,8,,,,,7,7,,,,,,577,6,,,,,,,5,5,3,3,8,8,4,4,3.0,3,6,6,,,,4,,,-400,4,,0.75,,,,,,,3,3,,,2,2,1,1,,,5,5,5,5,1,1,10,10,,,1,1,3,3,7,7,12,12,4,4,,,,,,,13.625,8.375,2.7083333333333335,1.2916666666666667,1.2916666666666667,1.0,8.375,9.583333333333334,11.583333333333334,11,1,9,9,13,,,,4,4,7,7,,,8,8,,,18,18,1,1,8,2,2,6,,5.208333333333333,2.0,2.7083333333333335,1.2916666666666667,2,6,,,,,,,3,3,9,,,,,7,7,0.8333333333333334,,,,2,2,12,,,,,,,,,,,,3,3,4,4,4,4,2,2,,,,9.125,1.7083333333333333,,,2.625,4,,,,,,3,3118,13,2,2,,,5,5,1,1,5,5,2,2,1,1,,,5,5,1,1,2,2.1666666666666665,1.7916666666666667,4.75,4.75,2.875,1.0,2.875,3,1,1,2,3,2,3,144,2,,,,,0,2,,,1,1,7,7,1,1,1,1,2,2,5,5,2,2,1,1,1,1,1,1,2,2,1,1,,,,,1,1,,,,0.25,,,,1,,,1,1,,,,,,,,,,,,,,,,,,,,,,,,,,,,,,,,,,,,,,,,,,,,,,,,,,,,,,,,,,,,,,,,,,,,,,,,,,,,,,,,,,,,,,,,,,,,,,,,,,,,,,,,,,,,,,,,,,,,,,,,,,,,,,,,,,,,,,,,,,,,,
96401,full_production_agent,1,13,11722.0,16396.0,292,292,217,289,0,3,-376.0,12,-1459,45,,,-20,2,,,1753,54,1,1,,,,,1,1,3,3,4,4,1,1,,,,,1,1,,,,,9,9,16,16,4,4,12,12,8,8,,,,,3,3,,,4,4,10,10,,,,,4.0,,11.0,15.208333333333334,,,3.4583333333333335,,10.75,11.0,2.4583333333333335,2,,,,11,11,20,4,4,4,9,9,,,,,8,8,1,,,,,851,9,9.0,13.208333333333334,9,18,,,3,3,2,2,7,7,4,4,3.0,3,2,2,,,,4,,,,,,0.375,,1,,,,,,,,,,,,,,,7,7,9,9,1,1,4,4,,,1,1,1,1,8,8,15,15,,,,,,,,1,13.208333333333334,8.208333333333334,,,,1.0,8.208333333333334,11.416666666666666,14.125,12,1,7,7,13,,,,6,6,5,5,,,7,7,1,1,16,16,,,4,,,,,13.125,7.208333333333333,,,6,12,,,643,4,,,,,,,,1,1,13,13,,,360,9,,,,2,2,8,,,,,,,,,2,2,6,6,2,2,3,3,1,1,,,,,,3.0,,,,,,,3,2775,12,3,3,,,6,6,,,6,6,3,3,1,1,,,2,2,2,2,7,3.0,3.125,7.166666666666667,7.166666666666667,2.75,1.0,2.75,3,,1,1,1,1,1,147,2,,,,,,,,,1,1,9,9,1,1,3,3,3,3,5,5,3,3,1,1,1,1,1,1,3,3,1,1,2,2,1,1,1,1,,,,1.5416666666666667,,,,2,1,1,1,1,,,,,,,,,,,,,,1,1,,,,,,,,,,,,,,,,,,,,,,,,,,,,,,,,,,,,,,,,,,,,,,,,,,,1,,,,,,,,,,,,,,,,,,,,,,,,,,,,,,,,,,,,,,,,,,,,,,,,,,,,,,,,,,,,,,,,,,,,,,,,,,,
96401,full_production_agent,1,14,16396.0,17310.0,297,297,215,287,0,10,-376.0,12,-1216,40,-80,1,,,,,1134,37,,,,,,,,,4,4,3,3,,,,,,,,,1,1,,,12,12,10,10,3,3,13,13,9,9,1,1,1,1,4,4,,,1,1,11,11,,,,,4.0,0.3333333333333333,11.583333333333334,25.083333333333332,0.3333333333333333,,6.166666666666667,0.3333333333333333,9.708333333333334,11.583333333333334,1.0833333333333333,,1,1,1,12,12,32,4,3,3,7,7,,,2,2,8,8,,,,,,927,10,11.0,24.5,11,31,,,2,2,3,3,7,7,6,6,3.0,3,2,2,,,,,,,,,4,0.4166666666666667,,,,,,,,,,,,,1,1,,,6,6,8,8,1,1,4,4,,,1,1,,,7,7,17,17,2,2,1,1,,,,3,11.875,7.583333333333333,,,,1.0,7.583333333333333,12.0,17.208333333333332,12,1,8,8,21,,,,7,7,8,8,,,8,8,,,19,19,2,2,5,2,2,4,,16.625,7.0,,,7,20,,,,,,,,,,,,,,14,14,,,,,,,,,,,,,,,,,,,3,3,7,7,1,1,3,3,,,,,,,,3.0,3,,,,,,3,,,3,3,,,4,4,,,6,6,3,3,,,,,1,1,1,1,2,3.0,2.9166666666666665,3.6666666666666665,3.6666666666666665,2.8333333333333335,1.0,2.8333333333333335,3,2,1,2,2,2,2,525,7,,,,,,,,,,,6,6,1,1,2,2,3,3,5,5,1,1,1,1,,,1,1,4,4,2,2,,,4,4,,,,,,2.0,,,,2,1,1,1,1,,,,,,,,,,,,,,,,,,,,,,,,1.0833333333333333,,,0.5416666666666666,1.0833333333333333,0.5416666666666666,,,,,,,,1,1,2,,,,,,,1,1,,,,,,,,,,,,,,,,,,,1,,,,,,,,,2,,,,,,,,,,,,,,,,,,,,,,,,,,,,,,,,,,,,,,,,,,,,,,,,,,,,,,,,,,,,,,,,,,
96401,full_production_agent,1,15,17310.0,18546.0,298,298,201,297,1,0,-376.0,12,-534,17,-160,2,-140,14,,,478,15,6,6,,,12,12,3,3,4,4,3,3,6,6,2,2,1,1,8,8,3,3,1,1,11,11,5,5,4,4,10,10,4,4,,,,,3,3,,,4,4,7,7,,,,,4.0,1.0,10.375,25.458333333333332,1.0,,3.875,1.0,11.666666666666666,10.375,1.7916666666666667,8,1,1,1,6,6,9,4,4,4,6,6,,,,,3,3,,,,,,907,10,8.333333333333334,23.416666666666668,2,5,,,,,,,,,3,3,0.125,,1,1,9,9,33,3,,,,,,1.0,,1,,,,,,,,,,,5,5,,,3,3,13,13,1,1,4,4,,,1,1,,,6,6,14,14,3,3,,,,,,,12.333333333333334,7.0,,,,1.0,7.0,12.0,13.75,12,1,7,7,9,,,,,,6,6,,,9,9,1,1,18,18,,,6,,,,1,10.375,3.625,,,1,3,,,757,4,,,,,,,,1,1,13,13,,,,,,,,6,6,24,,,,,,,,,2,2,6,6,,,3,3,1,1,,,,,,3.0,,,,,,,3,,,3,3,,,5,5,,,3,3,3,3,1,1,,,3,3,,,,3.0,1.5416666666666667,0.08333333333333333,0.08333333333333333,0.08333333333333333,1.0,0.08333333333333333,3,,1,,,,,304,4,0,8,,,,,0,1,1,1,8,8,1,1,3,3,3,3,6,6,3,3,1,1,,,1,1,1,1,1,1,,,3,3,2,2,,,,2.0,,,,2,1,1,,,,,,,,,,,,,,,,,,,,,,,,,,1.1666666666666667,,,0.5833333333333334,1.1666666666666667,0.5833333333333334,,,,,,,,1,1,2,1,1,2,2,2.7083333333333335,1,,,,,,1,1,2,,,,,,,,,,,,,,,,,,,,,,,,,,,,,,,,,,,,,,,,,,,,,,,,,,,,,,,,,,,,,,,,,,,,,,,,0,2,,,,,,,,,,,,,,,
96401,full_production_agent,1,16,18546.0,20426.0,293,293,206,293,0,0,-376.0,12,-1344,44,,,-40,4,,,2392,78,9,9,,,6,6,,,2,2,4,4,4,4,,,2,2,,,8,8,,,12,12,13,13,7,7,9,9,6,6,,,1,1,3,3,,,4,4,11,11,1,1,,,4.0,1.0,8.25,9.958333333333334,1.0,,5.041666666666667,1.0,6.75,8.25,5.75,2,1,1,1,12,12,13,4,4,4,4,4,,,1,1,5,5,,,,,,799,9,1.9583333333333333,3.6666666666666665,1,2,,,,,,,,,4,4,,,,,2,2,7,3,,,,,,0.4166666666666667,,,,,,,,,,,,,2,2,,,4,4,8,8,1,1,9,9,,,1,1,,,9,9,10,10,6,6,1,1,,,,,13.5,7.583333333333333,,,,1.0,7.583333333333333,12.0,9.166666666666666,12,1,8,8,9,,,,,,10,10,,,4,4,,,12,12,1,1,4,1,1,2,,3.125,1.5416666666666667,,,1,2,,,,,,,,,,,,,,14,14,,,,,,,,1,1,4,,,,,,,,,3,3,4,4,3,3,3,3,3,3,,,,,,3.0,,,,,,,3,,,3,3,,,2,2,,,7,7,3,3,1,1,1,1,2,2,,,,3.0,2.0416666666666665,,,,1.0,,3,,1,,,,,,,,,,,,,,,1,1,7,7,1,1,3,3,3,3,6,6,3,3,1,1,,,1,1,4,4,1,1,,,3,3,1,1,,,,2.0,,,,2,1,1,,,,,,,,,,,,,,,,,,,,,,,,,,1.25,,,0.625,1.25,0.625,,,,,,,,1,1,2,1,1,,,1.0,1,,,1,1,2,,,,,0.5416666666666666,1.0833333333333333,1.0833333333333333,0.5416666666666666,449,2,,,2,2,8,,1,1,,,,,,,,,,,,,,,,,,,,,,,,,,,,,,,,,,,,,,,,,,,,,,,,,,,,,,,,,,,,,,,,,,,,,,,,,
96401,full_production_agent,1,17,20426.0,23741.0,298,298,223,297,0,1,-376.0,12,-329,11,,,,,,,334,11,,,,,7,7,,,2,2,3,3,,,,,2,2,,,,,,,10,10,17,17,7,7,15,15,10,10,2,2,2,2,4,4,1,1,4,4,15,15,2,2,,,4.0,1.9166666666666667,12.0,14.875,1.9166666666666667,,4.041666666666667,1.9166666666666667,11.875,12.0,1.0833333333333333,,3,3,3,12,12,17,4,4,4,7,7,,,,,7,7,1,,,,,869,10,4.0,6.875,4,9,,,,,,,,,5,5,,,,,,,,3,,,,,,,,,,,,,,,,,,,,,,,4,4,8,8,1,1,8,8,,,1,1,,,9,9,16,16,6,6,,,,,,,11.833333333333334,8.0,,,,1.0,8.0,12.0,12.458333333333334,12,1,8,8,15,,,,,,4,4,,,12,12,,,15,15,2,2,3,1,1,2,,10.458333333333334,6.0,,,6,13,,,403,2,,,,,,,,,,10,10,,,,,,,,,,,,,,,,,,,3,3,6,6,2,2,3,3,1,1,,,,,,3.0,,,,,,,3,,,3,3,,,5,5,,,3,3,3,3,1,1,1,1,2,2,,,,3.0,3.4166666666666665,,,,1.0,,3,2,1,,,,,157,2,,,,,,,,,1,1,9,9,1,1,2,2,3,3,7,7,2,2,,,,,1,1,,,2,2,,,3,3,2,2,,,,2.0,,,,2,1,1,2,2,,,,,,,,,,,,,,1,1,,,,,,,,,1.0,,,1.0,1.0,1.0,1,1,1,1,,,,,,,1,1,,,1.0,1,,,1,1,2,1,1,5,,1.5,2.0,2.0,1.5,1778,8,479,2,,,,,1,1,,,,,,,,,,,,,,,,,,,,,,,,,,1,1,1,1,,,,,,,,,,,,,,,,,,,,,,,,,,,,,,,,,,,,,,,,,,,,
96401,full_production_agent,1,18,23741.0,25795.0,298,298,198,283,0,15,-376.0,12,-253,9,,,-20,2,,,,,1,1,,,,,,,4,4,3,3,2,2,1,1,,,,,1,1,,,13,13,13,13,4,4,5,5,6,6,,,3,3,4,4,3,3,4,4,7,7,5,5,2,,4.0,3.0,11.958333333333334,19.791666666666668,3.0,,4.083333333333333,3.0,11.75,11.958333333333334,0.041666666666666664,1,3,3,3,12,12,26,4,4,4,5,5,,,6,6,9,9,5,,,-50,1,765,9,11.5,19.333333333333332,11,25,,,,,,,,,2,2,,,,,1,1,4,,,,,,,0.5,,1,,,,,,,,,,,1,1,,,4,4,9,9,,,9,9,,,,,,,9,9,16,16,5,5,2,2,,,,,11.791666666666666,7.791666666666667,,,,0.041666666666666664,7.791666666666667,12.0,17.0,12,,8,8,20,,,,,,8,8,,,7,7,,,20,20,,,3,2,2,5,,16.666666666666668,7.458333333333333,,,7,19,,,411,2,,,,,,,,1,1,11,11,,,,,,,,1,1,4,,,,,,,,,2,2,2,2,1,1,3,3,1,1,,,,,,3.0,,,,,,,3,,,3,3,,,6,6,,,4,4,3,3,1,1,,,2,2,,,,3.0,1.5416666666666667,,,,1.0,,3,,1,,,,,,,,,,,,,,,1,1,6,6,1,1,3,3,3,3,8,8,3,3,1,1,,,1,1,2,2,2,2,,,2,2,,,,,,2.0,,,,2,1,1,1,1,,,,,,,,,,,,,,,,,,,,,,,,0.041666666666666664,,,0.041666666666666664,0.041666666666666664,0.041666666666666664,,,,,,,,,,,1,1,1,1,1.0,,,,1,1,2,2,2,9,,2.5416666666666665,3.0833333333333335,3.0833333333333335,2.5416666666666665,1089,5,488,2,1,1,5,5,,,1,1,0.6666666666666666,,,,2,,,,1,,,,,,,,,,,,,,,2,2,2,2,,,,,,,,,,,,,,,,,,,,2,2,,,,,,,,,,,,,,,,,,,,,,,
96401,full_production_agent,1,19,25795.0,30543.0,297,297,195,293,0,4,-376.0,12,-325,11,,,-100,10,,,334,11,1,1,,,2,2,6,6,3,3,3,3,,,,,,,2,2,3,3,,,15,15,8,8,6,6,11,11,9,9,,,,,4,4,3,3,4,4,8,8,7,7,,,4.0,3.0,12.041666666666666,26.333333333333332,3.0,,3.4166666666666665,3.0,11.375,12.041666666666666,0.9583333333333334,1,3,3,3,12,12,28,4,4,4,4,4,,,5,5,3,3,3,,,,,831,10,9.416666666666666,23.708333333333332,8,24,,,,,,,,,2,2,,,,,3,3,12,3,,,,,,1.7083333333333333,,1,,,,,,,,,,,5,5,,,2,2,13,13,,,6,6,,,,,,,7,7,14,14,8,8,2,2,,,,1,12.75,7.291666666666667,,,,,7.291666666666667,12.0,15.125,12,,8,8,12,,,,,,15,15,,,5,5,,,12,12,,,5,2,2,10,,12.25,4.416666666666667,,,2,6,,,1042,5,,,,,,,,2,2,9,9,,,,,,,,5,5,20,,,,,,,,,3,3,3,3,2,2,3,3,,,,,,,,3.0,,,,,,,3,,,3,3,,,4,4,,,1,1,3,3,4,4,1,1,3,3,,,,3.0,2.7083333333333335,,,,1.0,,3,,1,,,,,,,0,4,,,,,,,,,7,7,1,1,3,3,3,3,4,4,3,3,1,1,,,1,1,1,1,2,2,1,1,1,1,1,1,,,,2.0,,,,2,1,1,1,1,,,,,,,,,,,,,,,,,,,,,,,,,,,,,,,,,,,,,,,,,,,,,,1,1,2,2,5,,,,,2.125,3.875,3.875,2.125,2844,14,498,2,2,2,7,,,,,,,1,1,6,,,,,,0,5,,,,,,,,,,,,,1,1,1,1,,,,,,1,1,,,0,3,,,,,,,,,2,2,,,,,,,,,,,,,,,,,,,,,,,
96401,full_production_agent,1,20,30543.0,35264.0,292,292,203,292,0,0,-376.0,12,-327,11,,,-90,9,,,749,25,1,1,,,3,3,,,3,3,3,3,1,1,3,3,,,6,6,2,2,,,10,10,9,9,6,6,8,8,5,5,,,3,3,3,3,3,3,4,4,11,11,6,6,,,4.0,3.7083333333333335,10.416666666666666,22.375,3.0,,3.9583333333333335,3.0,11.5,10.416666666666666,2.5833333333333335,7,3,3,4,6,6,7,4,4,4,5,5,,,6,6,5,5,,,,,,731,9,6.583333333333333,18.541666666666668,1,2,,,,,,,,,4,4,,,,,8,8,31,5,,,,,,1.0,,1,,,,,,,,,,,2,2,,,7,7,8,8,,,7,7,,,,,,,9,9,15,15,3,3,,,,,,,13.875,8.0,,,,,8.0,12.0,10.875,12,,8,8,9,,,,,,6,6,,,5,5,,,12,12,,,5,2,2,6,,5.041666666666667,2.1666666666666665,,,1,2,,,3260,16,,,,,,,,1,1,14,14,,,,,,,,2,2,8,,,,,,,,,2,2,7,7,2,2,3,3,2,2,,,,,,3.0,,,,,,,3,,,3,3,,,3,3,,,4,4,3,3,2,2,,,3,3,,,,3.0,2.375,,,,1.0,,3,,1,,,,,,,,,,,,,0,1,2,2,6,6,1,1,2,2,3,3,9,9,3,3,1,1,,,1,1,3,3,,,,,2,2,,,,,,2.0,,,,2,1,1,,,,,,,,,,,,,,,,,,,,,,,,,,,,,,,,,,,,,,,,,,5,5,,,,,1,1,1,1,3,1,1,4,,1.7916666666666667,3.375,3.375,1.7916666666666667,774,4,,,,,,,,,,,,,,,,,,,,0,3,,,,,,,,,,,,,1,1,1,1,,,,,,,,,,,,,,,,,,,,1,1,,,,,,,,,,,,,,,,,,,,,,,
96401,full_production_agent,1,21,35264.0,38070.0,293,293,178,270,0,23,-376.0,12,-324,11,,,,,,,1180,39,1,1,,,,,,,3,3,3,3,2,2,,,,,,,5,5,,,11,11,8,8,4,4,6,6,3,3,,,3,3,4,4,8,8,3,3,11,11,5,5,5,,4.0,4.083333333333333,9.0,12.583333333333334,3.0,,5.416666666666667,3.0,6.875,9.0,3.2083333333333335,,3,3,5,11,11,16,4,4,4,4,4,,,3,3,3,3,9,-40,2,,,399,5,4.0,7.583333333333333,4,9,,,,,,,,,6,6,,,,,,,,,,,,,,1.0,,1,,,,,,,,,,,,,,,3,3,8,8,,,6,6,,,,,,,12,12,16,16,2,2,,,,,3,2,11.583333333333334,8.0,,,,,8.0,12.0,12.083333333333334,12,,8,8,15,,,,,,5,5,,,10,10,,,11,11,,,,2,2,6,,10.083333333333334,6.0,,,6,13,,,1203,6,,,,,,,,,,19,19,,,,,,,,,,,2,2,2,2,3,3,,,3,3,5,5,2,2,1,1,,,0.7916666666666666,,,0.7916666666666666,0.7916666666666666,3.0,3,,,2,2,2,3,,,3,3,,,2,2,,,2,2,3,3,2,2,,,,,,,,3.0,2.1666666666666665,,,,1.0,,3,1,1,,,,,,,,,,,,,,,,,6,6,1,1,2,2,3,3,6,6,2,2,1,1,,,1,1,2,2,2,2,1,1,2,2,,,,,,2.0,,,,2,1,1,1,1,,,,,,,,,,,,,,,,,,,,,,,,,,,,,,,,,,,,,,,,1,1,,,,,,,5,5,10,2,2,7,,4.958333333333333,7.916666666666667,7.916666666666667,4.958333333333333,764,4,,,1,1,4,,,,,,,1,1,3,,,1,1,4,,,,,,,,,,,,,,,2,2,2,2,,,,,,,,,,,,,,,,,,,,4,4,,,,,,,,,,,,,,,,,,,,,,,
96401,full_production_agent,1,22,38070.0,44400.0,298,298,200,288,0,10,-376.0,12,-257,8,,,-10,1,,,32,1,,,,,,,,,4,4,3,3,,,,,,,2,2,,,,,11,11,12,12,7,7,12,12,6,6,,,2,2,4,4,2,2,4,4,10,10,6,6,1,,4.0,5.5,10.666666666666666,17.666666666666668,3.0,,4.208333333333333,3.0,13.458333333333334,10.666666666666666,0.3333333333333333,1,3,3,6,10,10,18,4,4,4,5,5,,,6,6,1,1,1,,,,,472,6,5.666666666666667,12.666666666666666,5,13,,,,,,,,,3,3,,,,,1,1,4,2,,,,,,0.75,,,,,,,,,,,,,2,2,,,3,3,10,10,,,9,9,,,,,,,10,10,11,11,9,9,,,,,,2,10.458333333333334,8.25,,,,,8.25,12.0,17.75,12,,9,9,21,,,,,,6,6,,,5,5,,,15,15,,,2,2,2,5,,16.916666666666668,7.416666666666667,,,7,19,,,1868,9,,,,,,,,1,1,14,14,,,,,,,,1,1,4,,,1,1,2,2,,,3,3,2,2,3,3,3,3,1,1,2.0,,,2.0,2.0,3.0,,,,2,2,2,3,,,3,3,4,4,4,4,,,5,5,3,3,1,1,1,1,2,2,,,,3.0,3.0416666666666665,,,,1.0,,3,,1,,,,,,,,,,,,,,,1,1,6,6,1,1,3,3,3,3,6,6,3,3,1,1,,,1,1,2,2,2,2,1,1,3,3,1,1,,,,2.0,,,,2,1,1,,,,,,,,,,,,,,,,,,,,,,,,,,,,,,,,,,,,,,,,,,2,2,,,,,,,2,2,4,,,,,4.708333333333333,5.416666666666667,5.416666666666667,4.708333333333333,1963,11,2638,10,2,2,8,3,,,,,,,,,2,,1,1,,,,1,1,2,1.75,1.75,0.875,0.875,,,,,,4,4,4,4,,,,,,,,,,,,,,1,1,,,,,3,3,,,,,,,,,1,,,,,,,,,,,,,,
96401,full_production_agent,1,23,44400.0,48844.0,298,298,174,283,0,15,-376.0,12,-374,11,,,-90,9,,,447,13,1,1,,,,,2,2,3,3,3,3,,,,,,,,,3,3,,,13,13,3,3,3,3,10,10,7,7,,,3,3,4,4,4,4,4,4,10,10,7,7,,,4.0,8.25,9.625,16.0,3.0,,3.375,3.0,9.333333333333334,9.625,1.375,1,3,3,9,10,10,19,4,4,4,3,3,,,3,3,4,4,3,,,,,923,12,8.208333333333334,14.583333333333334,7,16,,,,,,,,,4,4,,,,,3,3,12,,,,,,,0.5833333333333334,,2,,,,,,,,,,,4,4,,,4,4,13,13,,,8,8,,,,,,,10,10,12,12,10,10,,,1,,3,,11.583333333333334,8.541666666666666,,,,,8.541666666666666,11.041666666666666,17.333333333333332,11,,8,8,12,,,,,,8,8,,,2,2,,,9,9,,,1,2,2,5,,13.583333333333334,4.791666666666667,,,2,6,,,1061,5,,,,,,,,3,3,11,11,,,,,,,,5,5,20,,,2,2,1,1,,,2,2,3,3,1,1,3,3,2,2,3.3333333333333335,,,2.0,2.0,3.0,,,,2,2,4,3,,,3,3,2,2,2,2,,,5,5,3,3,,,,,2,2,,,,3.0,2.5833333333333335,,,,1.0,,3,,1,,,,,,,0,4,,,,,0,1,1,1,6,6,1,1,3,3,3,3,6,6,3,3,1,1,,,1,1,2,2,2,2,1,1,1,1,1,1,,,3.3333333333333335,2.0,2.0,2,4,2,1,1,1,1,,,,,,,,,,,,,,,,,,,,,,1,,,,,,,,,,,,,,,,,,1,1,,,,,1,1,6,6,12,1,1,3,,7.125,10.25,10.25,7.125,1247,8,1606,6,,,,1,,,1,1,0.8333333333333334,1,1,3,2,,,,4,0,2,1,1,2,1.9166666666666667,1.9166666666666667,0.9583333333333334,0.9583333333333334,,,,,,4,4,4,4,,,,,,1,1,,,,,,,1,1,,,,,2,2,,,,,,,,,,,,,,,,,,,,,,,
96401,full_production_agent,1,24,48844.0,54920.0,291,291,194,291,0,0,-376.0,12,-378,11,,,-80,8,,,936,27,,,,,2,2,,,3,3,4,4,2,2,4,4,,,,,4,4,,,9,9,5,5,3,3,9,9,7,7,,,3,3,3,3,2,2,4,4,9,9,7,7,,,4.0,9.875,10.458333333333334,18.291666666666668,2.875,,4.875,2.875,12.916666666666666,10.458333333333334,1.5416666666666667,2,2,2,6,12,12,20,4,4,4,5,5,,,2,2,2,2,,,,,,599,8,6.083333333333333,13.916666666666666,5,13,,,,,,,,,3,3,,,,,2,2,8,6,,,,,,1.3333333333333333,,1,,,,,,,,,,,4,4,,,10,10,10,10,,,8,8,,,,,,,7,7,10,10,4,4,2,2,,,,,10.791666666666666,8.875,,,,,8.875,9.083333333333334,11.833333333333334,9,,10,10,12,,,,,,9,9,,,12,12,,,5,5,,,4,2,2,6,,5.916666666666667,2.9583333333333335,,,2,4,,,1717,8,,,,,,,,3,3,12,12,,,,,1,1,6,2,2,8,,,2,2,3,3,,,2,2,3,3,2,2,3,3,2,2,2.3333333333333335,4.416666666666667,0.875,1.125,1.125,3.0,,,,,,,3,,,3,3,,,5,5,,,6,6,3,3,3,3,,,1,1,,,,3.0,1.75,,,,1.0,,3,,1,,,,,,,,,,,,,,,2,2,7,7,1,1,3,3,3,3,6,6,3,3,1,1,,,1,1,3,3,1,1,,,4,4,1,1,,,2.3333333333333335,2.0,1.125,,,2,1,1,1,1,2,2,6,,,,,,,,,,,,,,,,,,,,,,,,,,,,,,,,,,,,,4,4,,,,,,,4,4,10,1,1,2,,3.0416666666666665,6.166666666666667,6.166666666666667,3.0416666666666665,411,3,3247,12,1,1,3,,,,1,1,1.7083333333333333,,,,,,,,,,,,,,2.0,2.0,1.0,1.0,1,1,2,1,2,1,1,1,1,,,,,,,,,,,,,,,,,,,,2,2,1,1,,,,,,,,,,,,,,,,,,,,,
96401,full_production_agent,1,25,54920.0,62042.0,291,291,190,286,0,5,-376.0,12,-395,11,,,-70,7,,,425,12,,,,,1,1,1,1,3,3,2,2,1,1,3,3,,,2,2,5,5,,,13,13,10,10,6,6,13,13,6,6,,,1,1,2,2,2,2,4,4,9,9,7,7,,,4.0,6.458333333333333,11.958333333333334,19.0,2.0,,3.75,2.0,10.041666666666666,11.958333333333334,2.0416666666666665,2,2,2,7,12,12,15,4,3,3,5,5,,,3,3,8,8,,,,,,659,9,5.625,12.666666666666666,3,6,,,,,,,,,4,4,,,,,5,5,18,5,,,,,,0.9166666666666666,,2,,,,,,,,,,,1,1,,,7,7,10,10,,,4,4,,,,,,,8,8,8,8,2,2,3,3,1,,2,1,10.666666666666666,10.416666666666666,,,,,10.416666666666666,8.041666666666666,15.291666666666666,8,,11,11,19,,,,,,8,8,,,11,11,,,7,7,,,1,2,2,6,,10.875,6.0,,,6,14,,,1334,6,,,,,,,,1,1,15,15,,,323,6,,,,,,,,,,,,,,,2,2,6,6,1,1,3,3,,,,,,,,3.0,,,,,,,3,1402,6,3,3,,,2,2,,,2,2,3,3,2,2,1,1,1,1,,,,3.0,2.0416666666666665,,,,1.0,,3,,1,,,,,,,,,,,,,,,1,1,5,5,1,1,1,1,3,3,8,8,3,3,1,1,,,1,1,2,2,2,2,1,1,3,3,2,2,,,,2.0,,,,2,1,1,1,1,,,,,,,,,,,,,,,,,,,,,,1,,,,,,,,,,,,,,,,,,3,3,,,,,1,1,5,5,11,1,1,4,,2.6666666666666665,5.708333333333333,5.708333333333333,2.6666666666666665,1070,9,2750,10,2,2,8,,,,2,2,1.625,1,1,3,,,,,,,,1,1,2,2.75,2.75,1.875,1.875,,1,1,1,1,,,,,,,,,,,,,,,,,,,,,,,,1,1,1,1,,,,,,,,,,,,,,,,,,,,,
96401,full_production_agent,1,26,62042.0,68662.0,291,291,173,263,0,28,-376.0,12,-407,11,,,,,,,661,18,,,,,,,,,3,3,2,2,,,1,1,,,,,,,,,10,10,11,11,5,5,6,6,6,6,,,2,2,4,4,3,3,4,4,10,10,7,7,,,4.0,8.25,12.0,19.291666666666668,2.0,,3.9166666666666665,2.0,10.0,12.0,1.0833333333333333,,2,2,9,12,12,22,4,4,4,6,6,,,3,3,8,8,9,-120,6,,,501,7,7.0,14.291666666666666,7,17,,,,,,,,,6,6,,,,,,,,2,,,,,,1.5,,1,3,3,2,2,3,3,2,2,1,1,,,,,9,9,11,11,,,5,5,,,,,,,8,8,10,10,,,,,,,10,4,11.333333333333334,10.25,1.25,1.25,1.25,,10.25,8.0,19.875,8,,9,9,21,3,3,3,,,3,3,1,1,10,10,,,3,3,,,,2,2,6,,18.875,9.25,,,8,20,,,2061,9,,,,,,,,,,13,13,,,,,,,,2,2,8,2,2,2,2,1,1,,,2,2,4,4,,,3,3,2,2,0.9166666666666666,,,0.9166666666666666,0.9166666666666666,3.0,,,,2,2,2,3,,,3,3,,,5,5,,,1,1,3,3,2,2,,,2,2,,,,3.0,2.625,,,,1.0,,3,,1,,,,,,,,,,,,,,,1,1,5,5,1,1,2,2,3,3,4,4,3,3,1,1,,,1,1,1,1,2,2,1,1,2,2,2,2,,,,2.0,,,,2,1,1,,,,,,,,,,,,,,,,,,,,,,,,1,,,,,,,,,,,,,,,,,,1,1,,,,,1,1,3,3,6,1,1,4,,1.75,3.5,3.5,1.75,669,8,3631,13,,,,,,,,,,,,,3,,2,2,1,,,,,,2.0,2.0,2.0,2.0,,2,2,2,2,,,,,,,,,,,,,,,,,,3,3,,,,,1,1,,,,,,,,,,,,,,,,,,,,,,,
96401,full_production_agent,1,27,68662.0,72098.0,298,298,173,267,0,31,-376.0,12,-418,11,,,,,,,304,8,2,2,,,5,5,3,3,3,3,3,3,2,2,3,3,,,3,3,,,,,12,12,9,9,3,3,5,5,4,4,,,2,2,4,4,1,1,4,4,9,9,6,6,,,4.0,6.791666666666667,10.458333333333334,22.5,1.4166666666666667,,3.6666666666666665,1.4166666666666667,9.375,10.458333333333334,2.125,4,1,1,5,9,9,22,4,4,4,5,5,,,1,1,4,4,,,,,,561,8,10.458333333333334,22.5,9,22,,,,,,,,,1,1,,,,,3,3,12,,,,,,,3.0833333333333335,,5,,,2,2,3,3,1,1,2,2,,,,,3,3,9,9,,,3,3,,,,,,,8,8,10,10,4,4,3,3,4,2,,,9.791666666666666,6.916666666666667,3.0,3.0,3.0,,6.916666666666667,8.0,17.333333333333332,8,,5,5,14,3,3,3,,,3,3,2,2,5,5,,,5,5,,,,1,1,2,,17.333333333333332,6.916666666666667,,,5,14,,,1422,6,,,,,,,,5,5,9,9,,,,,1,1,6,4,4,16,,,2,2,,,,,3,3,5,5,,,3,3,,,2.0,6.791666666666667,1.4166666666666667,2.0,2.0,3.0,,1,5,2,2,2,3,,,3,3,1,1,5,5,,,6,6,3,3,1,1,1,1,1,1,,,,3.0,1.8333333333333333,,,,1.0,,3,,1,,,,,,,0,7,,,,,0,2,1,1,6,6,1,1,3,3,3,3,6,6,3,3,1,1,,,1,1,1,1,2,2,,,1,1,4,4,3,3,,2.0,,,,2,1,1,,,,,,,,,,,,,,,,,,,,,,,,5,,,,,,,,,,,,,,,,,,,,,,,,1,1,5,5,10,2,2,6,4,1.9166666666666667,3.8333333333333335,3.8333333333333335,1.9166666666666667,231,4,1712,6,1,1,4,9,,,,,,1,1,3,,,,,7,0,8,1,1,3,3.625,3.625,1.875,1.875,,1,1,1,1,,,,,,,,,,,,,,,,,,,,,,,,1,1,,,,,,,,,,,,,,,,,,,,,,,
96401,full_production_agent,1,28,72098.0,77719.0,292,292,168,251,0,41,-376.0,12,-17086,444,,,,,,,18253,474,10,10,,,4,4,11,11,3,3,4,4,2,2,11,11,,,1,1,,,,,8,8,6,6,4,4,,,2,2,,,1,1,4,4,1,1,4,4,8,8,6,6,,5,4.0,2.9583333333333335,7.333333333333333,18.208333333333332,0.5833333333333334,,3.625,0.5833333333333334,10.125,7.333333333333333,6.083333333333333,9,,,,5,5,14,4,4,4,6,6,,,1,1,3,3,6,,,,,616,9,7.333333333333333,18.208333333333332,5,14,,,,,,,,,2,2,,,,,4,4,16,2,,,,,,8.25,,13,,,4,4,3,3,3,3,1,1,,,,,,,5,5,,,,,,,,,,,4,4,3,3,2,2,10,10,7,,,4,5.833333333333333,2.9583333333333335,4.75,3.0,3.0,,2.9583333333333335,4.166666666666667,8.541666666666666,4,,1,1,3,3,3,6,,,1,1,2,2,2,2,,,5,5,,,,3,3,7,,8.541666666666666,2.9583333333333335,4.75,3.0,1,3,3,6,1208,5,,,,,,,,5,5,6,6,,,,,1,1,6,4,4,16,,,2,2,,,,,3,3,1,1,1,1,3,3,2,2,2.125,2.9583333333333335,0.5833333333333334,2.0,2.0,3.0,,,,2,2,4,3,1387,6,3,3,,,2,2,,,6,6,3,3,3,3,2,2,2,2,,,,3.0,2.25,,,,1.0,,3,,1,,,,,,,,,,,,,,,,,8,8,1,1,2,2,3,3,6,6,3,3,1,1,,,1,1,2,2,1,1,1,1,,,,,,,2.125,2.0,2.0,2,4,2,1,1,1,1,,,,,,,,,,,,,,,,,,,,,,14,,,,,,,,,,,,,,,,,,,,,,,,,,3,3,6,,,,,0.9166666666666666,1.8333333333333333,1.8333333333333333,0.9166666666666666,172,10,1447,5,2,2,8,,,,4,4,2.625,,,,,,,,2,,,1,1,3,1.625,1.625,0.5416666666666666,0.5416666666666666,,,,,,,,,,,,,,,,,,,,,1,1,,,,,,,2,2,,,,,,,,,3,,,,,,,,,,,,,,
96401,full_production_agent,1,29,77719.0,89577.0,279,279,204,263,0,16,-376.0,12,,,,,,,,,2383,63,14,14,,,18,18,18,18,4,4,3,3,7,7,13,13,1,1,11,11,,,,,2,2,2,2,8,8,1,1,,,,,,,,,,,2,2,18,18,,,,10,4.0,,3.6956521739130435,10.869565217391305,,,5.130434782608695,,5.043478260869565,3.6956521739130435,11.043478260869565,,,,,,,,,4,4,6,6,,,,,,,2,,,,,1243,19,3.6956521739130435,10.869565217391305,,,,,,,,,,,7,7,,,,,3,3,9,,,,,,,16.26086956521739,,,,,,,,,,,,,,,,,,,,,,,,,,,,,,,1,1,2,2,1,1,11,11,4,,,,2.6956521739130435,0.4782608695652174,2.1739130434782608,1.0869565217391304,1.0869565217391304,,0.4782608695652174,1.1304347826086956,1.434782608695652,,,,,,,,,,,,,,,,,,,,,,,,1,1,3,,1.434782608695652,0.4782608695652174,2.1739130434782608,1.0869565217391304,,,,,3235,13,,,3,3,6,,,9,9,1,1,,,456,8,,,,1,1,3,,,1,1,1,1,,,,,5,5,4,4,2,2,1,1,2.869565217391304,,,1.3478260869565217,1.3478260869565217,3.0,,,,,,,,1359,6,2,2,,,5,5,,,10,10,,,4,4,4,4,,,,,,3.0,3.652173913043478,,,,1.0,,,,,,,,,,,,,,,,,,,,,8,8,1,1,1,1,3,3,4,4,1,1,,,,,,,,,1,1,,,,,2,2,,,2.869565217391304,1.0434782608695652,1.3478260869565217,,,,,,,,1,1,2,,,,,,,,,,,,,,,,,,,,,,,,,,,,,,,,,,,,,,,1,1,0.8695652173913043,,,,1,1,2,1,1,3,,0.30434782608695654,0.6086956521739131,0.6086956521739131,0.30434782608695654,19,11,3539,12,,,,,,,3,3,2.0434782608695654,1,1,3,,,,,,,,1,1,1,0.30434782608695654,0.30434782608695654,0.30434782608695654,0.30434782608695654,,,,,,,,,,,,,,,,,,,,,1,1,1,1,,,10,10,,,,,,,10,10,,,,,,,,,,,,,,,,,
96401,melon_sniper,0,0,3000.0,824.0,116,116,44,86,0,30,-7.0,4,-941,33,-960,12,-80,8,-800,2,612,21,5,5,2,2,7,7,2,2,1,1,1,1,1,1,2,2,4,4,1,1,7,7,2,2,7,7,6,6,3,3,1,1,4,4,8,8,8,8,2,2,3,3,2,2,2,2,5,5,18,12,1.2916666666666667,3.2916666666666665,4.541666666666667,4.541666666666667,3.2916666666666665,0.5,0.375,3.2916666666666665,0.625,4.541666666666667,15.375,8,8,8,8,7,7,7,2,,,,,,,,,,,,,,,,,,,,,,,,,,,,,,,,,,,,,,,,,,,,,,,,,,,,,,,,,,,,,,,,,,,,,,,,,,,,,,,,,,,,,,,,,,,,,,,,,,,,,,,,,,,,,,,,,,,,,,,,,,,,,,,,,,,,,,,,,,,,,,,,,,,,,,,,,,,,,,,,,,,,,,,,,,,,,,,,,,,,,,,,,,,,,,,,,,,,,,,,,,,,,,,,,,,,,,,,,,,,,,,,,,,,,,,,,,,,,,,,,,,,,,,,,,,,,,,,,,,,,,,,,,,,,,,,,,,,,,,,,,,,,,,,,,,,,,,,,,,,,,,,,,,,,,,,,,,,,,,,,,,,,,,,,,,,,,,,,,,,,,,,,,,,,,,,,,,,,,,,,,,,,,,,,,,,,,,,,,,,,,,,,,,,,,,,,,,,,,,,,,,,,,,,,,,,,,,
96401,melon_sniper,0,1,824.0,759.0,116,116,77,109,0,7,-7.0,4,-348,12,,,,,,,290,10,5,5,,,1,1,1,1,1,1,1,1,,,2,2,1,1,,,1,1,,,8,8,3,3,,,3,3,10,10,4,4,12,12,2,2,13,13,2,2,5,5,6,6,5,,2.0,10.458333333333334,7.458333333333333,7.458333333333333,10.458333333333334,,0.9583333333333334,10.458333333333334,11.583333333333334,7.458333333333333,5.083333333333333,3,12,12,12,8,8,8,2,2,2,2,2,11,11,7,7,6,6,2,,,,,,,,,,,,,,,,,,,,,,,,,,,,,,,,,,,,,,,,,,,,,,,,,,,,,,,,,,,,,,,,,,,,,,,,,,,,,,,,,,,,,,,,,,,,,,,,,,,,,,,,,,,,,,,,,,,,,,,,,,,,,,,,,,,,,,,,,,,,,,,,,,,,,,,,,,,,,,,,,,,,,,,,,,,,,,,,,,,,,,,,,,,,,,,,,,,,,,,,,,,,,,,,,,,,,,,,,,,,,,,,,,,,,,,,,,,,,,,,,,,,,,,,,,,,,,,,,,,,,,,,,,,,,,,,,,,,,,,,,,,,,,,,,,,,,,,,,,,,,,,,,,,,,,,,,,,,,,,,,,,,,,,,,,,,,,,,,,,,,,,,,,,,,,,,,,,,,,,,,,,,,,,,,,,,,,,,,,,,,,,,,,,,,,,,,,,,,,,,,,,,
96401,melon_sniper,0,2,759.0,314.0,116,116,47,74,0,42,-7.0,4,-348,12,,,,,,,290,10,2,2,,,2,2,1,1,1,1,1,1,,,2,2,1,1,,,,,,,8,8,9,9,,,2,2,5,5,,,12,12,2,2,3,3,2,2,5,5,6,6,42,,2.0,12.0,8.0,12.916666666666666,12.0,,0.5833333333333334,12.0,9.333333333333334,8.0,3.0,3,12,12,12,8,8,15,2,2,2,1,1,2,2,3,3,2,2,,-380,19,-200,4,200,2,7.0,11.916666666666666,7,14,,,,,,,,,,,,,,,,,,,,,,,,,,,,,,,,,,,,,,,,,,,,,,,,,,,,,,,,,,,,,,,,,,,,,,,,,,,,,,,,,,,,,,,,,,,,,,,,,,,,,,,,,,,,,,,,,,,,,,,,,,,,,,,,,,,,,,,,,,,,,,,,,,,,,,,,,,,,,,,,,,,,,,,,,,,,,,,,,,,,,,,,,,,,,,,,,,,,,,,,,,,,,,,,,,,,,,,,,,,,,,,,,,,,,,,,,,,,,,,,,,,,,,,,,,,,,,,,,,,,,,,,,,,,,,,,,,,,,,,,,,,,,,,,,,,,,,,,,,,,,,,,,,,,,,,,,,,,,,,,,,,,,,,,,,,,,,,,,,,,,,,,,,,,,,,,,,,,,,,,,,,,,,,,,,,,,,,,,,,,,,,,,,,,,,,,,,
96401,melon_sniper,0,3,314.0,446.0,116,116,63,96,0,20,-7.0,4,-60,2,,,,,,,,,,,,,,,1,1,1,1,1,1,,,2,2,1,1,,,,,,,8,8,4,4,,,3,3,8,8,,,12,12,2,2,6,6,2,2,3,3,6,6,20,,2.0,12.0,8.0,20.041666666666668,12.0,,0.875,12.0,11.375,8.0,0.5833333333333334,,12,12,12,8,8,23,2,2,2,3,3,4,4,8,8,2,2,,,,,,199,2,8.0,20.041666666666668,8,23,3,3,7,7,3,3,3,3,1,1,2.4166666666666665,3,,,,,,,,,,,,,,,,,,,,,,,,,,,,,,,,,,,,,,,,,,,,,,,,,,,,,,,,,,,,,,,,,,,,,,,,,,,,,,,,,,,,,,,,,,,,,,,,,,,,,,,,,,,,,,,,,,,,,,,,,,,,,,,,,,,,,,,,,,,,,,,,,,,,,,,,,,,,,,,,,,,,,,,,,,,,,,,,,,,,,,,,,,,,,,,,,,,,,,,,,,,,,,,,,,,,,,,,,,,,,,,,,,,,,,,,,,,,,,,,,,,,,,,,,,,,,,,,,,,,,,,,,,,,,,,,,,,,,,,,,,,,,,,,,,,,,,,,,,,,,,,,,,,,,,,,,,,,,,,,,,,,,,,,,,,,,,,,,,,,,,,,,,,,,,,,,,,,,,,,,,,,,,,,,,,,,,,,,,,,,,
96401,melon_sniper,0,4,446.0,509.0,116,116,66,114,0,2,-7.0,4,-372,12,,,-70,7,,,310,10,2,2,,,2,2,3,3,1,1,1,1,,,2,2,,,,,7,7,,,15,15,6,6,,,4,4,5,5,,,10,10,2,2,4,4,2,2,1,1,9,9,2,,2.0,12.0,7.208333333333333,14.083333333333334,12.0,,0.6666666666666666,12.0,15.041666666666666,7.208333333333333,0.7916666666666666,,12,12,12,8,8,10,2,2,2,4,4,3,3,11,11,2,2,,,,,,202,2,3.625,10.5,1,3,,,4,4,2,2,2,2,,,3.0,3,1,1,7,7,28,3,,,,,,,,,,,,,,,,,,,,,,,,,,,,,,,,,,,,,,,,,,,,,,,,,,,,,,,,,,,,,,,,,,,,,,,,,,,,,,,,,,,,,,,,,,,,,,,,,,,,,,,,,,,,,,,,,,,,,,,,,,,,,,,,,,,,,,,,,,,,,,,,,,,,,,,,,,,,,,,,,,,,,,,,,,,,,,,,,,,,,,,,,,,,,,,,,,,,,,,,,,,,,,,,,,,,,,,,,,,,,,,,,,,,,,,,,,,,,,,,,,,,,,,,,,,,,,,,,,,,,,,,,,,,,,,,,,,,,,,,,,,,,,,,,,,,,,,,,,,,,,,,,,,,,,,,,,,,,,,,,,,,,,,,,,,,,,,,,,,,,,,,,,,,,,,,,,,,,,,,,,,,,,,,,,,,,,,,
96401,melon_sniper,0,5,509.0,355.0,116,116,66,98,0,18,-7.0,4,-174,6,,,-30,3,,,957,32,,,1,1,,,,,1,1,1,1,3,3,2,2,,,,,,,,,8,8,7,7,,,6,6,6,6,,,12,12,2,2,6,6,2,2,4,4,5,5,2,,2.0,12.0,7.458333333333333,8.416666666666666,12.0,0.5,0.7083333333333334,12.0,13.625,7.458333333333333,0.041666666666666664,,12,12,12,7,7,7,2,2,2,1,1,9,9,5,5,,,9,,,,,200,2,0.4583333333333333,1.4166666666666667,,,,,4,4,3,3,4,4,2,2,3.0,3,1,1,1,1,4,,-1000.0,1,-100,1,7,1.0416666666666667,1,25,,,,,,,,,,,,,,,,,,,,,,,,,,,,,,,,,,,,,,,,,,,,,,,,,,,,,,,,,,,,,,,,,,,,,,,,,,,,,,,,,,,,,,,,,,,,,,,,,,,,,,,,,,,,,,,,,,,,,,,,,,,,,,,,,,,,,,,,,,,,,,,,,,,,,,,,,,,,,,,,,,,,,,,,,,,,,,,,,,,,,,,,,,,,,,,,,,,,,,,,,,,,,,,,,,,,,,,,,,,,,,,,,,,,,,,,,,,,,,,,,,,,,,,,,,,,,,,,,,,,,,,,,,,,,,,,,,,,,,,,,,,,,,,,,,,,,,,,,,,,,,,,,,,,,,,,,,,,,,,,,,,,,,,,,,,,,,,,,,,,,,,,,,,,,,,,,,,,,,,,,,,,,,,,
96401,melon_sniper,0,6,355.0,308.0,208,208,81,154,0,54,-54.0,8,,,,,-10,1,,,117,4,,,,,,,,,2,2,2,2,,,1,1,,,,,,,,,7,7,4,4,2,2,2,2,6,6,,,12,12,2,2,6,6,2,2,4,4,3,3,10,,2.0,16.041666666666668,7.0,11.625,12.0,1.0,1.5416666666666667,12.0,10.333333333333334,7.0,,,12,12,20,7,7,14,2,2,2,1,1,3,3,5,5,2,2,,,,,,200,2,7.0,11.625,7,14,,,4,4,3,3,5,5,1,1,3.0,3,1,1,,,,,,,-300,3,6,12.25,1,3,15,15,1,1,15,15,10,10,6,6,4,4,1,1,5,5,4,4,1,1,1,1,1,1,1,1,2,2,2,2,1,1,1,1,1,1,1,20,13,4,0.9166666666666666,2.0833333333333335,8.791666666666666,8.791666666666666,8.791666666666666,0.75,2.0833333333333335,1.125,2.0833333333333335,2,1,4,4,4,15,15,15,,,,,,,,,,,,,,,,,,,,,,,,,,,,,,,,,,,,,,,,,,,,,,,,,,,,,,,,,,,,,,,,,,,,,,,,,,,,,,,,,,,,,,,,,,,,,,,,,,,,,,,,,,,,,,,,,,,,,,,,,,,,,,,,,,,,,,,,,,,,,,,,,,,,,,,,,,,,,,,,,,,,,,,,,,,,,,,,,,,,,,,,,,,,,,,,,,,,,,,,,,,,,,,,,,,,,,,,,,,,,,,,,,,,,,,,,,,,,,,,,,,,,,,,,,,,,,,,,,,,,,,,,,,,,,,,,,,,,,,,,,,,,,,,,,,,,,,,,,,,,,,,,,,,,,,
96401,melon_sniper,0,7,308.0,391.0,208,208,160,208,0,0,-54.0,8,-62,2,,,,,,,,,,,,,,,,,2,2,2,2,,,,,,,,,,,,,7,7,3,3,1,1,,,7,7,,,11,11,2,2,8,8,2,2,4,4,8,8,,,2.0,24.833333333333332,7.0,18.375,12.0,1.0,0.375,12.0,12.125,7.0,,,12,12,31,7,7,21,2,2,2,2,2,10,10,7,7,8,8,,,,,,199,2,7.0,18.375,7,21,,,4,4,1,1,4,4,1,1,3.0,3,1,1,,,,3,,,,,,1.25,1,,1,1,5,5,10,10,6,6,18,18,,,,,8,8,4,4,1,1,3,3,2,2,2,2,2,2,4,4,9,9,4,4,,,,,,,15.833333333333334,4.0,15.541666666666666,15.541666666666666,15.541666666666666,1.0,4.0,3.2083333333333335,4.0,4,1,4,4,4,16,16,16,1,1,5,5,12,12,7,7,1,1,5,5,1,1,6,,,,,,,,,,,,,,,,,,,,,,,,,,,,,,,,,,,,,,,,,,,,,,,,,,,,,,,,,,,,,,,,,,,,,,,,,,,,,,,,,,,,,,,,,,,,,,,,,,,,,,,,,,,,,,,,,,,,,,,,,,,,,,,,,,,,,,,,,,,,,,,,,,,,,,,,,,,,,,,,,,,,,,,,,,,,,,,,,,,,,,,,,,,,,,,,,,,,,,,,,,,,,,,,,,,,,,,,,,,,,,,,,,,,,,,,,,,,,,,,,,,,,,,,,,,,,,,,,,,,,,,,,,,,,,,,,,,,,,,,,,,,,,,,,,,,,,,,
96401,melon_sniper,0,8,391.0,300.0,208,208,139,202,1,5,-54.0,8,-65,2,,,-70,7,,,,,5,5,,,,,,,2,2,2,2,,,,,,,3,3,2,2,,,8,8,7,7,2,2,2,2,2,2,,,11,11,2,2,10,10,2,2,4,4,4,4,1,3,2.0,34.416666666666664,6.125,17.166666666666668,12.0,1.0,1.5,12.0,14.916666666666666,6.125,0.875,5,12,12,42,2,2,2,2,2,2,3,3,6,6,5,5,6,6,,,,,,198,2,5.333333333333333,16.375,,,,,2,2,3,3,3,3,,,3.0,3,1,1,7,7,27,1,,,-100,1,1,,1,,,,16,16,15,15,15,15,14,14,,,,,5,5,4,4,1,1,3,3,1,1,1,1,,,3,3,1,1,,,,,,,,,12.291666666666666,4.0,25.458333333333332,16.0,16.0,1.0,4.0,4.0,5.916666666666667,4,1,4,4,8,16,16,31,1,1,,,1,1,5,5,2,2,6,6,,,2,2,2,12,1,5.916666666666667,4.0,24.458333333333332,15.0,4,8,15,30,,,,,,,,,,,,,,,,,,,,,,,,,,,,,,,,,,,,,,,,,,,,,,,,,,,,,,,,,,,,,,,,,,,,,,,,,,,,,,,,,,,,,,,,,,,,,,,,,,,,,,,,,,,,,,,,,,,,,,,,,,,,,,,,,,,,,,,,,,,,,,,,,,,,,,,,,,,,,,,,,,,,,,,,,,,,,,,,,,,,,,,,,,,,,,,,,,,,,,,,,,,,,,,,,,,,,,,,,,,,,,,,,,,,,,,,,,,,,,,,,,,,,,,,,,,,,,,,,,,,,,,,,,,,,,,,,,,,,,,,,,,,
96401,melon_sniper,0,9,300.0,1484.0,208,208,134,208,0,0,-54.0,8,,,,,,,,,428,13,,,1,1,,,6,6,2,2,2,2,,,6,6,,,1,1,4,4,,,4,4,1,1,2,2,1,1,6,6,,,9,9,2,2,7,7,2,2,8,8,8,8,,,2.0,44.125,4.416666666666667,4.416666666666667,12.0,1.4166666666666667,0.4583333333333333,12.0,15.041666666666666,4.416666666666667,2.1666666666666665,,12,12,51,6,6,6,2,2,2,1,1,2,2,3,3,4,4,,,,,,198,2,,,,,,,6,6,,,4,4,1,1,3.0,3,2,2,,,,8,,,,,,3.4166666666666665,2,9,3,3,7,7,19,19,6,6,7,7,1,1,,,2,2,5,5,,,4,4,1,1,,,1,1,3,3,7,7,1,1,8,8,,,,,14.083333333333334,4.5,19.208333333333332,10.5,10.5,1.0,4.5,4.833333333333333,10.125,5,1,5,5,13,4,4,5,,,1,1,6,6,5,5,1,1,7,7,,,3,,,,,9.625,4.0,17.208333333333332,8.5,4,12,1,2,2112,12,-1500,3,15,15,45,1,1,,,,,0.75,1,,,,,,,,,,,,,,,,,,,,,,,,,,,,,,,,,,,,,,,,,,,,,,,,,,,,,,,,,,,,,,,,,,,,,,,,,,,,,,,,,,,,,,,,,,,,,,,,,,,,,,,,,,,,,,,,,,,,,,,,,,,,,,,,,,,,,,,,,,,,,,,,,,,,,,,,,,,,,,,,,,,,,,,,,,,,,,,,,,,,,,,,,,,,,,,,,,,,,,,,,,,,,,,,,,,,,,,,,,,,,,,,,,,,,,,,,,,,,,,,,,,,,,,,,,,,,,,,,,,,,,,,,,,,,
96401,melon_sniper,0,10,1484.0,519.0,254,254,190,251,3,0,-143.0,10,-1476,42,,,,,-400,1,,,4,4,,,4,4,6,6,2,2,2,2,3,3,12,12,,,3,3,,,2,2,3,3,6,6,5,5,3,3,11,11,,,11,11,2,2,7,7,2,2,10,10,5,5,,,2.0416666666666665,45.208333333333336,6.0,7.625,10.125,1.6666666666666667,1.5,10.125,11.541666666666666,6.0,1.875,4,8,8,38,6,6,8,3,2,2,5,5,6,6,8,8,3,3,,,,,,,,2.0,3.625,2,4,,,7,7,3,3,14,14,4,4,3.0,3,9,6,,,,4,,,,,,10.708333333333334,,13,,,4,4,2,2,,,,,,,,,1,1,5,5,1,1,3,3,3,3,3,3,,,3,3,8,8,2,2,3,3,,,,,9.208333333333334,2.9166666666666665,4.458333333333333,3.7083333333333335,3.7083333333333335,1.0,2.9166666666666665,5.0,6.916666666666667,5,1,1,1,1,3,3,3,1,1,4,4,2,2,2,2,1,1,4,4,,,4,2,2,6,,5.916666666666667,1.9166666666666667,1.4583333333333333,0.7083333333333334,,,,,,,,,1,1,3,1,1,7,7,3,3,1.4166666666666667,1,1054,32,4,4,24,4,4,16,,,,,,,3,3,1,1,3,3,,,1,1,1,1,,30.333333333333332,6.125,,,0.2916666666666667,1,4,21,,,,1,,,,,,,1,1,1,1,1,1,,,2,2,,,,,,,,0.25,0.125,,,,,,1,,,,,,,,,0,14,0,3,0,4,0,1,,,1,1,,,,,,,,,1,1,,,,,,,,,,,,,,,,,,,,,,,,,,,,,,,,,,,,,,,,,,,,,,,,,,,,,,,,,,,,,,,,,,,,,,,,,,,,,,,,,,,,,,,,,,,,,,,,,,,,,,,,,,,,,,,,,,,,,,,,,,,,,,,,,,,,,,,,,,,,,,,,,,,,,,,,,,,,,,,,,,,,,,,,,
96401,melon_sniper,0,11,519.0,5295.0,293,293,205,290,0,3,-376.0,12,-1456,41,,,-150,15,-1200,3,2269,64,2,2,2,2,2,2,5,5,3,3,3,3,1,1,7,7,,,2,2,2,2,2,2,8,8,9,9,3,3,6,6,8,8,,,8,8,2,2,6,6,3,3,8,8,2,2,,1,3.0,36.5,7.041666666666667,12.166666666666666,7.333333333333333,0.5833333333333334,2.9583333333333335,7.333333333333333,10.416666666666666,7.041666666666667,2.9583333333333335,4,4,4,21,8,8,16,4,3,3,5,5,4,4,1,1,8,8,,,,,,,,6.0,11.125,6,14,,,2,2,3,3,10,10,3,3,3.0,3,7,7,,,,,,,-200,2,1,6.083333333333333,,,,,7,7,3,3,4,4,2,2,10,10,,,11,11,11,11,,,6,6,1,1,1,1,,,4,4,8,8,1,1,4,4,,,,,5.708333333333333,6.125,5.333333333333333,3.0,3.0,1.0,6.125,5.0,6.791666666666667,5,1,11,11,12,3,3,6,5,5,7,7,1,1,10,10,1,1,12,12,,,2,,,,,1.6666666666666667,1.0,5.333333333333333,3.0,1,2,3,6,318,2,-1000,2,,,,3,3,1,1,6,6,2.2916666666666665,3,378,13,4,4,24,,,,,,,,,,,,1,1,1,1,1,1,1,1,3,3,,36.5,7.333333333333333,,,1.0833333333333333,2,4,21,,,,2,6193,24,1,1,,,3,3,1,1,2,2,2,2,2,2,,,,,3,3,6,1.5,1.5,5.083333333333333,5.083333333333333,2.5416666666666665,,2.5416666666666665,2,2,,,,,,,,,,,,,,,,,,2,2,,,,,1,1,3,3,,,,,,,,,,,,,,,,,,,,,,,,,,,,,,,,,,,,,,,,,,,,,,,,,,,,1,,,,,,,,,,,,,,,,,,,,,,,,,,,,,,,,,,,,,,,,,,,,,,,,,,,,,,,,,,,,,,,,,,,,,,,,,,,,,,,,,,,,,,,,,,,,,,,,,,,,,,,,,,,,,,,,,,,,,,,
96401,melon_sniper,0,12,5295.0,10140.0,297,297,214,296,1,0,-376.0,12,-3311,88,,,,,,,2508,66,2,2,,,2,2,,,4,4,3,3,,,,,,,7,7,1,1,,,5,5,3,3,9,9,2,2,3,3,,,2,2,3,3,5,5,4,4,4,4,,,,,4.0,16.958333333333332,7.791666666666667,15.25,3.25,,3.75,3.25,12.541666666666666,7.791666666666667,4.125,6,1,1,5,7,7,13,4,4,4,7,7,,,,,3,3,,,,,,490,5,5.416666666666667,12.875,4,10,,,3,3,3,3,8,8,5,5,3.0,3,7,7,2,2,8,5,,,-700,7,,0.125,,,,,,,3,3,2,2,,,,,,,7,7,5,5,1,1,5,5,2,2,1,1,3,3,5,5,16,16,3,3,3,3,,,,,13.333333333333334,11.0,1.7083333333333333,0.7916666666666666,0.7916666666666666,1.0,11.0,7.083333333333333,12.666666666666666,8,1,11,11,13,,,,7,7,4,4,,,14,14,3,3,20,20,1,1,9,2,2,6,1,2.6666666666666665,1.0,1.7083333333333333,0.7916666666666666,1,3,,,,,,,3,3,9,,,,,5,5,1.0416666666666667,,,,3,3,18,,,,,,,,,,,,1,1,4,4,,,2,2,2,2,,16.958333333333332,3.25,,,2.0,,1,5,,,,2,5867,24,2,2,,,,,3,3,7,7,3,3,3,3,2,2,2,2,3,3,6,2.5833333333333335,2.875,5.083333333333333,5.083333333333333,2.5416666666666665,1.375,2.5416666666666665,3,2,2,,,,,367,6,0,1,,,,,,,1,1,13,13,,,3,3,2,2,5,5,2,2,1,1,2,2,2,2,5,5,2,2,1,1,2,2,2,2,,,,0.8333333333333334,,,,2,,,,,,,,,,,,,,,,,,,,,,,,,,,,,,,,,,,,,,,,,,,,,,,,,,,,,,,,,,,,,,,,,,,,,,,,,,,,,,,,,,,,,,,,,,,,,,,,,,,,,,,,,,,,,,,,,,,,,,,,,,,,,,,,,,,,,,,,,,,,,,,,,
96401,melon_sniper,0,13,10140.0,16031.0,292,292,232,292,0,0,-376.0,12,-2200,57,,,-40,4,,,2120,55,7,7,,,5,5,,,3,3,4,4,2,2,3,3,,,8,8,1,1,,,5,5,5,5,3,3,5,5,2,2,,,1,1,,,,,4,4,7,7,1,1,,,4.0,5.541666666666667,6.625,13.75,1.0,,4.625,1.0,9.708333333333334,6.625,6.375,9,1,1,6,4,4,6,4,3,3,6,6,,,,,6,6,,,,,,581,6,5.208333333333333,12.333333333333334,2,4,,,4,4,,,7,7,3,3,3.0,3,2,2,4,4,12,5,,,,,,0.5416666666666666,,1,,,,,,,,,,,,,,,4,4,11,11,,,3,3,4,4,2,2,,,5,5,18,18,3,3,,,,,,,12.166666666666666,10.458333333333334,,,,1.0,10.458333333333334,8.0,16.041666666666668,8,1,10,10,20,,,,2,2,10,10,,,12,12,1,1,15,15,3,3,4,,,,,16.041666666666668,10.458333333333334,,,10,20,,,1032,6,,,,,,,,1,1,7,7,,,252,9,,,,1,1,4,,,,,,,,,,,3,3,2,2,2,2,1,1,,5.541666666666667,1.0,,,2.0,,1,6,,,,2,4159,18,2,2,,,4,4,,,6,6,3,3,5,5,2,2,3,3,,,,3.0,3.25,6.0,6.0,3.0,2.0,3.0,3,,2,3,6,3,6,363,6,,,,,,,,,2,2,15,15,2,2,3,3,3,3,5,5,3,3,2,2,,,2,2,2,2,1,1,5,5,4,4,1,1,,,,2.0,,,,2,1,1,5,5,,,,,,,,,,,,,,,,,,,,,,,,,,,,,,,,,,,,,,,,,,,,,,,,,,,,,,,,,,,,,,,,,,,,,,,,,,,,,,,,,,,,,,,,,,,,,,,,,,,,,,,,,,,,,,,,,,,,,,,,,,,,,,,,,,,,,,,,,,,,,
96401,melon_sniper,0,14,16031.0,16396.0,296,296,193,281,0,15,-376.0,12,-2468,63,-400,5,-10,1,,,2666,68,,,,,1,1,,,5,5,3,3,,,,,,,,,5,5,,,9,9,9,9,7,7,7,7,3,3,5,5,5,5,3,3,2,2,3,3,5,5,3,3,6,,4.0,3.7083333333333335,6.125,9.708333333333334,2.7083333333333335,,5.416666666666667,2.7083333333333335,4.708333333333333,6.125,5.166666666666667,,5,5,5,9,9,14,4,4,4,7,7,2,2,4,4,2,2,6,,,,,953,10,3.0,6.583333333333333,3,8,,,9,9,3,3,8,8,4,4,3.0,3,3,3,,,,,,,,,2,0.2916666666666667,,,,,,,,,,,,,1,1,,,7,7,11,11,1,1,5,5,3,3,,,,,5,5,16,16,1,1,,,,,,,11.75,10.708333333333334,,,,1.0,10.708333333333334,8.0,25.0,8,1,11,11,31,,,,6,6,4,4,,,13,13,2,2,11,11,,,3,2,2,5,,24.291666666666668,10.0,,,10,30,,,,,,,,,,,,,,6,6,,,,,1,1,2,,,,,,,,,,2,2,1,1,3,3,1,1,2,2,1,1,,1.3333333333333333,0.3333333333333333,,,2.0,1,,,,,,2,,,2,2,,,3,3,,,3,3,3,3,1,1,1,1,1,1,3,3,9,3.0,3.75,6.5,6.5,2.1666666666666665,2.0,2.1666666666666665,3,3,2,,,,,,,,,,,,,,,1,1,7,7,2,2,3,3,3,3,3,3,2,2,,,,,2,2,2,2,2,2,2,2,2,2,3,3,,,,2.0,,,,2,1,1,1,1,,,,,,,,,,,,,,1,1,,,,,,,,,1.0,,,1.0,1.0,1.0,1,1,1,1,,,,,,,,,,,,,,,,,,,,,,,,,,,,,,,,,1,,,,,,,,,,,,,,,,,,,,,,,,,,,,,,,,,,,,,,,,,,,,,,,,,,,,,,,,,,,,,,1,1,,,,,,,,,,,,
96401,melon_sniper,0,15,16396.0,18308.0,298,298,208,298,0,0,-376.0,12,-669,17,,,-120,12,,,399,10,2,2,,,3,3,4,4,4,4,3,3,4,4,3,3,2,2,1,1,1,1,,,6,6,11,11,2,2,7,7,2,2,,,,,4,4,1,1,4,4,5,5,1,1,,,4.0,5.0,8.708333333333334,12.75,5.0,,3.6666666666666665,5.0,14.5,8.708333333333334,0.2916666666666667,1,5,5,5,8,8,11,4,4,4,3,3,4,4,2,2,2,2,,,,,,748,8,3.2083333333333335,7.25,2,5,,,,,,,,,4,4,0.125,,1,1,2,2,8,10,,,,,,1.7083333333333333,,2,,,,,,,,,,,8,8,,,7,7,18,18,1,1,10,10,2,2,2,2,,,5,5,18,18,5,5,,,,,,,10.75,9.291666666666666,,,,1.0,9.291666666666666,8.0,20.541666666666668,8,1,9,9,9,,,,,,10,10,,,13,13,3,3,9,9,1,1,4,,,,,16.625,5.375,,,,,,,957,5,,,,,,,,3,3,8,8,,,,,,,,10,10,40,,,,,,,,,1,1,3,3,1,1,2,2,4,4,,,,,,2.0,,,,,,,2,449,2,2,2,,,2,2,,,3,3,2,2,,,1,1,3,3,,,,3.0,2.25,,,,2.0,,3,,2,,,,,524,9,0,7,,,,,,,1,1,10,10,2,2,3,3,3,3,5,5,3,3,2,2,,,2,2,4,4,1,1,2,2,4,4,3,3,,,,2.0,,,,2,1,1,1,1,,,,,,,,,,,,,,,,,,,,,,,,1.0,,,0.3333333333333333,1.0,0.3333333333333333,,,,,,,,1,1,3,1,1,,,2.875,3,,,,,,,,,,,,,,,,,,,,,,,,,,,,,,,,,,,,,,,,,,,,,,,,,,,,,,,,,,,,,,,,,,,,,,,,,,,,,,,,,,,,,,,,,,,,,,,,
96401,melon_sniper,0,16,18308.0,20202.0,291,291,221,291,0,0,-376.0,12,-546,14,-160,2,-10,1,,,1727,44,5,5,,,10,10,1,1,4,4,2,2,8,8,,,3,3,1,1,2,2,,,9,9,11,11,7,7,8,8,3,3,,,5,5,2,2,6,6,2,2,8,8,2,2,,,4.0,5.0,8.416666666666666,14.208333333333334,5.0,,5.0,5.0,7.083333333333333,8.416666666666666,0.75,2,5,5,5,9,9,16,4,4,4,7,7,4,4,7,7,9,9,,,,,,1098,12,6.625,12.416666666666666,6,13,,,,,,,,,7,7,,,,,1,1,4,2,,,,,,1.7083333333333333,,1,,,,,,,,,,,1,1,,,4,4,7,7,1,1,4,4,3,3,1,1,,,5,5,12,12,4,4,1,1,,,,,14.333333333333334,9.291666666666666,,,,1.0,9.291666666666666,8.0,10.041666666666666,8,1,10,10,11,,,,,,6,6,,,3,3,1,1,6,6,,,6,2,2,3,,1.75,1.0,,,1,2,,,,,,,,,,,,1,1,11,11,,,,,,,,,,,,,,,,,,,2,2,3,3,4,4,2,2,4,4,,,,,,2.0,2,,,,,,2,,,2,2,,,4,4,,,6,6,3,3,1,1,,,,,,,,3.0,4.541666666666667,,,,2.0,,3,4,2,,,,,161,3,,,,,,,,,1,1,9,9,2,2,2,2,3,3,3,3,1,1,,,,,2,2,2,2,1,1,5,5,3,3,2,2,,,,2.0,,,,2,,,5,5,,,,,,,,,,,,,,,,,,,,,,,,1.3333333333333333,,,0.6666666666666666,1.3333333333333333,0.6666666666666666,,,,,,,,1,1,2,1,1,2,2,2.8333333333333335,1,,,1,1,2,1,1,3,,1.75,2.5,2.5,1.75,,,,,1,1,4,,1,1,,,,,,,,,,,,,,,,,,,,,,,,,,1,1,1,1,,,,,,,,,,,,,,,,,,,,,,,,,,,,,,,,,,,,,,,,,,,,
96401,melon_sniper,0,17,20202.0,23206.0,298,298,212,291,0,7,-376.0,12,-318,8,,,-10,1,,,278,7,2,2,,,6,6,,,4,4,3,3,3,3,,,2,2,,,1,1,,,8,8,13,13,4,4,8,8,2,2,1,1,4,4,3,3,6,6,4,4,8,8,2,2,,,4.0,5.5,8.666666666666666,15.791666666666666,5.5,,3.2083333333333335,5.5,13.208333333333334,8.666666666666666,1.8333333333333333,1,6,6,6,9,9,19,4,4,4,1,1,3,3,1,1,3,3,1,,,,,716,8,6.375,13.5,6,16,,,,,,,,,5,5,,,,,1,1,4,5,,,,,,0.5416666666666666,,,,,,,,,,,,,1,1,,,8,8,11,11,1,1,11,11,,,1,1,,,7,7,17,17,1,1,,,,,,1,9.291666666666666,10.458333333333334,,,,1.0,10.458333333333334,8.0,16.5,8,1,11,11,21,,,,,,4,4,,,14,14,3,3,14,14,1,1,1,,,,,15.041666666666666,9.0,,,9,19,,,606,3,,,,,,,,,,9,9,,,,,,,,,,,,,,,,,,,2,2,3,3,1,1,2,2,2,2,,,,,,2.0,,,,,,,2,,,2,2,,,4,4,,,4,4,3,3,4,4,1,1,2,2,,,,3.0,2.25,,,,2.0,,3,,2,,,,,107,2,,,,,,,,,2,2,10,10,2,2,4,4,3,3,6,6,3,3,2,2,,,2,2,5,5,1,1,4,4,3,3,1,1,,,,2.0,,,,2,1,1,1,1,,,,,,,,,,,,,,1,1,,,,,,,,,0.8333333333333334,,,0.4166666666666667,0.8333333333333334,0.4166666666666667,,,,,,,,1,1,2,2,2,,,1.0,1,,,,,,1,1,4,,3.0,3.0,3.0,3.0,1566,7,435,2,1,1,5,2,,,,,,,,,,,,,3,,,,,,,,,,,,,,,3,3,3,3,,,,,,,,,,,,,,,,,,,,,,,,,,,,,,,,,,,,,,,,,,,,
96401,melon_sniper,0,18,23206.0,25357.0,297,297,192,285,0,12,-376.0,12,-442,11,,,-60,6,,,160,4,2,2,,,1,1,2,2,3,3,3,3,1,1,,,,,1,1,4,4,,,13,13,10,10,1,1,7,7,5,5,,,5,5,3,3,5,5,4,4,8,8,12,12,,3,4.0,6.0,8.458333333333334,16.125,6.0,,3.2083333333333335,6.0,10.625,8.458333333333334,0.9583333333333334,1,6,6,6,8,8,12,4,4,4,6,6,,,2,2,6,6,1,,,-100,2,877,10,5.708333333333333,13.375,3,7,1,1,,,1,1,,,4,4,0.5833333333333334,1,,,5,5,19,1,,,,,1,0.75,,2,,,,,,,,,,,,,,,6,6,11,11,,,10,10,,,,,,,6,6,13,13,4,4,2,2,3,,,,11.041666666666666,10.375,,,,0.041666666666666664,10.375,8.0,23.375,8,,10,10,27,,,,1,1,9,9,,,7,7,,,12,12,,,2,3,3,8,,22.375,9.375,,,9,26,,,,,,,,,,,,2,2,5,5,,,,,,,,1,1,4,,,,,,,,,2,2,1,1,1,1,2,2,5,5,,,,,,2.0,,,,,,,2,,,2,2,,,4,4,,,2,2,3,3,3,3,1,1,2,2,,,,3.0,3.1666666666666665,,,,2.0,,3,,2,,,,,106,2,,,,,,,,,1,1,5,5,2,2,2,2,3,3,2,2,3,3,2,2,,,2,2,2,2,2,2,4,4,3,3,3,3,,,,2.0,,,,2,1,1,2,2,,,,,,,,,,,,,,,,,,,,,,2,,,,,,,,,,,,,,,,,,1,1,,,1.0,1,1,1,2,2,5,,,,,3.125,4.708333333333333,4.708333333333333,3.125,1986,9,,,1,1,2,,,,1,1,0.8333333333333334,,,,1,,,,1,,,,,,,,,,,,,,,2,2,2,2,,,,,,,,,,,,,,,,,,,,1,1,,,,,,,,,,,,,,,,,,,,,,,
96401,melon_sniper,0,19,25357.0,29460.0,297,297,185,285,0,12,-376.0,12,-449,11,,,-110,11,,,1105,27,,,,,1,1,1,1,3,3,3,3,2,2,2,2,,,,,1,1,,,9,9,10,10,6,6,5,5,1,1,,,3,3,4,4,3,3,4,4,8,8,12,12,1,,4.0,6.0,7.958333333333333,12.333333333333334,6.0,,2.9166666666666665,6.0,12.333333333333334,7.958333333333333,1.25,2,6,6,6,8,8,13,4,4,4,3,3,3,3,4,4,7,7,,,,,,687,8,3.5,7.875,3,8,,,,,,,,,4,4,1.0,1,,,1,1,4,4,,,,,,2.2083333333333335,,3,,,,,,,,,,,7,7,,,6,6,17,17,,,5,5,,,,,,,6,6,11,11,3,3,4,4,3,,3,,10.0,9.791666666666666,,,,,9.791666666666666,8.0,21.041666666666668,8,,9,9,12,,,,1,1,9,9,,,4,4,,,8,8,,,2,1,1,5,,17.875,6.625,,,2,5,,,1670,8,,,,,,,,4,4,4,4,,,,,,,,8,8,32,,,,,,,,,2,2,4,4,2,2,2,2,4,4,,,,,,2.0,,,,,,,2,,,2,2,,,2,2,,,4,4,3,3,2,2,3,3,2,2,,,,3.0,2.7916666666666665,,,,2.0,,3,,2,,,,,,,0,5,,,,,,,,,5,5,2,2,2,2,3,3,4,4,3,3,2,2,,,1,1,2,2,2,2,5,5,1,1,4,4,,,,2.0,,,,2,1,1,2,2,,,,,,,,,,,,,,,,,,,,,,,,,,,,,,,,,,,,,,,,,,1,1,0.7916666666666666,,1,1,3,3,8,1,1,3,5,1.5,4.333333333333333,4.333333333333333,1.5,450,2,1126,5,1,1,3,,,,,,,,,,,,,,,0,3,,,,,,,,,,,,,,,,,,,,,,1,1,,,,,,,,,,,,,3,3,1,1,,,,,,,,,,,,,,,,,,,,,
96401,melon_sniper,0,20,29460.0,34166.0,291,291,164,264,0,27,-376.0,12,-448,11,,,-30,3,,,1100,27,1,1,,,1,1,,,4,4,2,2,,,1,1,,,,,4,4,,,12,12,6,6,1,1,8,8,6,6,,,6,6,4,4,4,4,4,4,8,8,9,9,2,,4.0,9.25,8.916666666666666,13.375,6.0,,4.291666666666667,6.0,9.041666666666666,8.916666666666666,1.0833333333333333,,6,6,11,10,10,16,4,4,4,4,4,1,1,3,3,2,2,6,,,,,924,11,5.958333333333333,10.416666666666666,5,11,,,2,2,1,1,,,1,1,1.0,1,,,2,2,8,,,,,,,1.875,,,,,,,,,,,,,4,4,,,6,6,13,13,,,13,13,,,,,,,7,7,12,12,4,4,1,1,,,4,4,12.083333333333334,10.125,,,,,10.125,8.0,12.5,8,,12,12,14,,,,,,8,8,,,8,8,,,11,11,,,1,3,3,7,,3.7916666666666665,1.4166666666666667,,,1,3,,,1038,5,,,,,,,,,,4,4,,,,,,,,1,1,4,,,,,,,,,2,2,1,1,1,1,2,2,4,4,,,,,,2.0,,,,,,,2,,,2,2,,,2,2,,,1,1,3,3,3,3,,,3,3,,,,3.0,2.5,,,,2.0,,3,,2,,,,,,,,,,,,,,,2,2,4,4,2,2,2,2,3,3,4,4,3,3,2,2,,,2,2,1,1,2,2,5,5,,,,,,,,2.0,,,,2,1,1,2,2,,,,,,,,,,,,,,,,,,,,,,6,,,,,,,,,,,,,,,,,,3,3,,,,,1,1,,,,1,1,4,,2.0,2.0,2.0,2.0,1365,6,1133,5,1,1,4,2,,,,,,2,2,11,,,,,3,,,,,,,,,,,,,,,2,2,2,2,,,,,,,,,,,,,,,,,,,,1,1,,,,,,,,,,,,,,,,,,,,,,,
96401,melon_sniper,0,21,34166.0,39741.0,298,298,179,268,0,30,-376.0,12,-451,11,,,,,,,492,12,3,3,,,,,1,1,4,4,3,3,,,1,1,,,1,1,,,,,10,10,10,10,5,5,5,5,2,2,,,5,5,4,4,6,6,4,4,7,7,9,9,3,,4.0,13.041666666666666,9.625,16.708333333333332,6.0,,2.875,6.0,13.75,9.625,0.375,1,6,6,16,9,9,18,4,4,4,2,2,2,2,2,2,4,4,5,-40,2,,,412,5,5.625,12.708333333333334,5,14,,,1,1,1,1,,,1,1,1.0,1,,,1,1,4,1,,,,,1,0.25,,,1,1,,,1,1,,,,,,,,,5,5,12,12,,,10,10,,,,,,,8,8,18,18,1,1,,,,,4,6,9.666666666666666,11.5,0.25,0.25,0.25,,11.5,8.0,16.458333333333332,8,,11,11,18,1,1,1,,,6,6,1,1,3,3,,,15,15,,,,1,1,3,,12.458333333333334,7.5,,,7,14,,,3697,18,,,,,,,,1,1,6,6,,,,,,,,1,1,4,,,,,,,,,2,2,2,2,1,1,2,2,3,3,,,,,,2.0,,,,,,,2,,,2,2,,,2,2,,,4,4,3,3,2,2,1,1,1,1,,,,3.0,2.5,,,,2.0,,3,,2,,,,,,,,,,,,,,,2,2,7,7,2,2,3,3,3,3,4,4,3,3,2,2,,,2,2,5,5,2,2,3,3,2,2,3,3,,,,2.0,,,,2,1,1,1,1,,,,,,,,,,,,,,,,,,,,,,,,,,,,,,,,,,,,,,,,3,3,,,,,1,1,3,3,6,,,,,3.25,4.5,4.5,3.25,1841,8,,,1,1,4,1,,,,,,,,,4,,1,1,6,,,,,,,,,,,,,,,2,2,2,2,,,,,,,,,,,,,,,,,,,,1,1,,,,,,,,,,,,,,,,,,,,,,,
96401,melon_sniper,0,22,39741.0,43357.0,298,298,192,286,0,12,-376.0,12,-462,11,,,-40,4,,,336,8,2,2,,,1,1,,,4,4,3,3,,,,,,,3,3,1,1,,,9,9,6,6,2,2,5,5,4,4,,,6,6,3,3,4,4,4,4,3,3,9,9,3,1,4.0,18.833333333333332,8.0,16.166666666666668,6.0,,3.5416666666666665,6.0,9.458333333333334,8.0,1.5416666666666667,3,6,6,21,6,6,12,4,4,4,3,3,4,4,5,5,2,2,1,,,,,809,10,7.583333333333333,15.75,5,11,,,1,1,1,1,,,5,5,1.0,1,,,4,4,15,,,,,,,,,,,,,,1,1,,,1,1,,,,,2,2,11,11,,,13,13,,,,,,,8,8,22,22,4,4,,,,2,,1,9.791666666666666,11.0,1.0,1.0,1.0,,11.0,8.0,23.708333333333332,8,,11,11,29,1,1,1,1,1,6,6,1,1,11,11,,,13,13,,,,3,3,9,,23.708333333333332,11.0,,,11,29,,,1017,5,,,,,,,,,,7,7,,,,,,,,,,,1,1,1,1,,,,,2,2,3,3,1,1,2,2,2,2,0.4583333333333333,,,0.4583333333333333,0.4583333333333333,2.0,,,,1,1,1,2,,,2,2,1,1,3,3,,,4,4,3,3,4,4,2,2,2,2,,,,3.0,3.875,,,,2.0,,3,2,2,,,,,,,,,,,,,,,1,1,8,8,2,2,3,3,3,3,3,3,2,2,1,1,,,2,2,,,2,2,1,1,3,3,1,1,2,2,,2.0,,,,2,1,1,2,2,,,,,,,,,,,,,,,,,,,,,,,,,,,,,,,,,,,,,,,,1,1,,,,,1,1,5,5,11,1,1,4,,1.7083333333333333,3.875,3.875,1.7083333333333333,927,4,1405,6,1,1,4,,,,,,,2,2,5,2,,,,2,0,2,,,,3.0,3.0,2.0,2.0,,2,3,2,3,,,,,,,,,,1,1,,,0,2,,,,,,,,,2,2,,,,,,,,,,,,,,,,,,,,,,,
96401,melon_sniper,0,23,43357.0,49980.0,291,291,178,279,0,12,-376.0,12,-470,11,,,-90,9,,,723,17,2,2,,,,,6,6,3,3,4,4,1,1,2,2,,,,,3,3,,,9,9,7,7,2,2,4,4,2,2,,,6,6,3,3,5,5,4,4,5,5,8,8,,,4.0,24.208333333333332,6.833333333333333,12.875,6.0,,3.75,6.0,11.0,6.833333333333333,2.1666666666666665,1,6,6,27,8,8,16,4,4,4,5,5,1,1,3,3,6,6,2,,,,,945,12,4.5,10.541666666666666,4,12,,,1,1,,,1,1,3,3,1.0,1,,,1,1,4,2,,,,,,1.2083333333333333,,2,,,1,1,1,1,,,1,1,6,6,,,7,7,17,17,,,7,7,,,,,,,6,6,12,12,3,3,3,3,3,,,1,9.166666666666666,9.916666666666666,1.4166666666666667,1.0,1.0,,9.916666666666666,6.083333333333333,22.666666666666668,6,,10,10,18,1,1,2,,,9,9,,,8,8,,,6,6,,,,1,1,3,,20.208333333333332,7.458333333333333,1.4166666666666667,1.0,4,12,1,2,2381,12,,,,,,,,3,3,6,6,,,,,,,,7,7,28,,,1,1,,,,,2,2,1,1,1,1,2,2,6,6,1.0,,,1.0,1.0,2.0,,,,1,1,1,2,,,2,2,,,,,,,3,3,3,3,4,4,,,2,2,,,,3.0,2.375,,,,2.0,,3,,2,,,,,,,0,4,,,,,0,2,1,1,7,7,2,2,3,3,3,3,3,3,3,3,2,2,,,1,1,1,1,1,1,2,2,2,2,1,1,2,2,,2.0,,,,2,1,1,3,3,,,,,,,,,,,,,,,,,,,,,,,,,,,,,,,,,,,,,,,,,,,,,,,,3,3,6,1,1,4,,1.7916666666666667,3.5833333333333335,3.5833333333333335,1.7916666666666667,1396,6,2114,9,1,1,4,,,,1,1,1.7916666666666667,,,,,,,,5,,,1,1,2,2.5833333333333335,2.5833333333333335,1.7916666666666667,1.7916666666666667,1,1,1,1,1,,,,,,,,,,,,,,,,,,,,,,,,2,2,,,,,,,,,1,,,,,,,,,,,,,,
96401,melon_sniper,0,24,49980.0,55250.0,292,292,192,292,0,0,-376.0,12,-473,11,,,-130,13,,,1204,28,3,3,,,1,1,7,7,3,3,3,3,4,4,5,5,,,6,6,4,4,,,7,7,11,11,5,5,5,5,1,1,,,6,6,3,3,3,3,4,4,6,6,7,7,,,4.0,23.458333333333332,8.375,13.75,4.916666666666667,,3.5,4.916666666666667,11.333333333333334,8.375,1.7083333333333333,4,3,3,15,8,8,8,4,4,4,5,5,3,3,4,4,,,,,,,,689,9,3.625,9.0,1,1,,,2,2,1,1,,,2,2,1.0,1,,,4,4,15,5,,,,,,1.9583333333333333,,2,,,,,1,1,,,,,6,6,,,7,7,12,12,,,8,8,,,,,,,2,2,9,9,,,3,3,,,,,10.583333333333334,10.666666666666666,1.0416666666666667,0.5,0.5,,10.666666666666666,4.083333333333333,15.083333333333334,4,,12,12,12,,,,1,1,9,9,,,15,15,,,3,3,,,6,3,3,9,,6.541666666666667,2.125,1.0416666666666667,0.5,,,,,594,3,,,1,1,3,,,5,5,4,4,,,,,3,3,18,4,4,16,,,1,1,1,1,,,2,2,2,2,,,2,2,3,3,1.6666666666666667,20.875,3.9166666666666665,1.0,1.0,2.0,,2,12,1,1,2,2,,,2,2,,,4,4,,,2,2,3,3,1,1,2,2,2,2,,,,3.0,2.875,,,,2.0,,3,,2,,,,,,,0,11,0,3,0,5,0,4,1,1,7,7,2,2,5,5,3,3,4,4,3,3,2,2,,,2,2,,,1,1,2,2,4,4,,,2,2,1.6666666666666667,2.0,1.0,1,2,2,2,2,1,1,,,,,,,,,,,,,,,,,,,,,,,,,,,,,,,,,,,,,,,,,,,,,,,,3,3,6,,,,,0.875,1.75,1.75,0.875,1870,8,1892,8,1,1,3,,,,1,1,2.7916666666666665,2,2,5,,,,,,0,6,1,1,2,3.1666666666666665,3.1666666666666665,1.5833333333333333,1.5833333333333333,2,1,2,1,2,,,,,,,,,,,,,,0,3,,,,,,,,,1,1,,,,,,,,,,,,,,,,,,,,,,,
96401,melon_sniper,0,25,55250.0,62041.0,292,292,188,274,0,18,-376.0,12,-481,11,,,-40,4,,,866,20,1,1,,,1,1,,,3,3,3,3,3,3,2,2,,,,,4,4,,,11,11,12,12,4,4,7,7,5,5,,,3,3,4,4,1,1,2,2,5,5,5,5,,,4.0,12.166666666666666,9.791666666666666,12.5,2.4583333333333335,,4.583333333333333,2.4583333333333335,9.708333333333334,9.791666666666666,3.2916666666666665,3,1,1,4,12,12,16,4,4,4,4,4,,,2,2,8,8,7,,,,,525,7,4.0,6.708333333333333,4,8,,,2,2,1,1,1,1,3,3,1.0,1,,,,,,1,,,,,,1.1666666666666667,,2,,,,,,,,,,,2,2,,,11,11,14,14,,,12,12,,,,,,,4,4,9,9,,,,,1,,6,,9.291666666666666,12.875,,,,,12.875,4.0,16.833333333333332,4,,14,14,20,,,,,,6,6,,,7,7,,,1,1,,,,1,1,1,,9.958333333333334,6.0,,,6,12,,,1791,9,,,,,,,,,,12,12,,,,,2,2,12,,,,,,1,1,1,1,1,1,2,2,3,3,2,2,1,1,3,3,0.9583333333333334,8.75,1.4583333333333333,0.4583333333333333,0.4583333333333333,2.0,3,,,,,,2,4025,18,2,2,1,1,4,4,,,1,1,3,3,6,6,2,2,2,2,,,,3.0,4.625,,,,2.0,,3,4,2,,,,,,,,,,,,,,,1,1,13,13,2,2,4,4,3,3,5,5,1,1,,,,,2,2,1,1,2,2,4,4,1,1,3,3,,,0.9583333333333334,2.0,0.4583333333333333,,,2,,,2,2,1,1,3,,,,,,,,,,,,,,,,,,,,,,,,,,,,,,,,,,,,,3,3,,,,,,,1,1,2,1,1,4,,0.5833333333333334,1.1666666666666667,1.1666666666666667,0.5833333333333334,,,481,2,1,1,4,,,,2,2,1.9583333333333333,,,,4,,,,,,,1,1,2,1.25,1.25,0.625,0.625,,,,,,,,,,,,,,,,,,,,,,,,,,,,,3,3,,,,,,,,,,,,,,,,,,,,,,,
96401,melon_sniper,0,26,62041.0,67431.0,297,297,198,284,0,13,-376.0,12,-352,8,,,,,,,176,4,1,1,,,,,6,6,3,3,4,4,,,1,1,,,,,,,,,9,9,11,11,3,3,7,7,4,4,,,1,1,2,2,1,1,3,3,3,3,4,4,,,4.0,4.791666666666667,11.5,17.583333333333332,1.0,,3.6666666666666665,1.0,11.416666666666666,11.5,2.3333333333333335,1,1,1,5,11,11,20,4,3,3,5,5,,,4,4,4,4,1,-140,7,,,369,5,7.5,13.583333333333334,7,16,,,1,1,1,1,1,1,3,3,1.0,1,,,1,1,3,4,,,,,,1.2083333333333333,,1,2,2,4,4,2,2,2,2,,,,,,,9,9,14,14,,,13,13,,,,,,,3,3,11,11,,,5,5,,,4,,8.125,14.0,1.0416666666666667,1.0416666666666667,1.0416666666666667,,14.0,3.0416666666666665,26.291666666666668,3,,14,14,32,2,2,2,1,1,3,3,1,1,26,26,,,3,3,,,,3,3,7,,24.291666666666668,12.0,,,12,30,,,203,1,,,,,,,,,,3,3,,,132,3,,,,,,,3,3,3,3,3,3,,,2,2,5,5,,,2,2,3,3,1.1666666666666667,,,1.1666666666666667,1.1666666666666667,2.0,1,,,3,3,3,2,2499,12,2,2,2,2,2,2,,,4,4,3,3,1,1,1,1,4,4,1,1,2,3.0,3.2916666666666665,1.6666666666666667,1.6666666666666667,0.8333333333333334,2.0,0.8333333333333334,3,1,2,,,,,,,,,,,,,,,,,8,8,2,2,3,3,3,3,4,4,2,2,2,2,,,2,2,2,2,1,1,3,3,4,4,1,1,,,,2.0,,,,2,1,1,1,1,,,,,,,,,,,,,,,,,,,,,,6,,,,,,,,,,,,,,,,,,,,,,,,,,3,3,6,1,1,4,,0.8333333333333334,1.6666666666666667,1.6666666666666667,0.8333333333333334,1894,8,985,4,1,1,4,2,,,1,1,0.7083333333333334,2,2,2,,,1,1,,,,,,,2.0,2.0,2.0,2.0,,2,2,2,2,,,,,,,,,,,,,,,,1,1,,,,,,,3,3,,,,,,,,,,,,,,,,,,,,,,,
96401,melon_sniper,0,27,67431.0,72940.0,298,298,164,250,0,48,-376.0,12,-360,8,,,,,,,90,2,1,1,,,2,2,9,9,4,4,3,3,5,5,5,5,,,1,1,,,,,11,11,7,7,4,4,3,3,9,9,,,1,1,4,4,2,2,4,4,7,7,6,6,1,7,4.0,5.083333333333333,9.916666666666666,20.833333333333332,1.0,,2.7916666666666665,1.0,10.916666666666666,9.916666666666666,2.0833333333333335,5,,,,8,8,19,4,4,4,6,6,,,1,1,6,6,4,,,,,794,11,9.916666666666666,20.833333333333332,8,19,,,1,1,1,1,1,1,3,3,1.0,1,,,3,3,12,1,,,,,,4.0,,7,,,2,2,2,2,1,1,,,,,,,5,5,14,14,,,2,2,,,,,,,3,3,6,6,1,1,6,6,,9,6,,9.875,11.0,2.0,2.0,2.0,,11.0,3.0,26.5,3,,8,8,22,2,2,2,,,2,2,,,5,5,,,3,3,,,,1,1,1,,26.5,11.0,,,8,22,,,1839,9,,,,,,,,2,2,,,,,,,1,1,6,6,6,24,,,2,2,2,2,,,2,2,2,2,2,2,2,2,1,1,3.0,5.083333333333333,1.0,3.0,3.0,2.0,,,,3,3,3,2,,,2,2,2,2,3,3,,,4,4,3,3,1,1,,,,,1,1,2,3.0,2.0833333333333335,0.75,0.75,0.375,2.0,0.375,3,,2,,,,,124,2,0,3,,,,,,,,,7,7,2,2,3,3,3,3,4,4,3,3,2,2,,,2,2,2,2,2,2,2,2,4,4,1,1,1,1,,2.0,,,,2,1,1,2,2,,,,,,,,,,,,,,,,,,,,,,14,,,,,,,,,,,,,,,,,,,,,,,,,,,,,,,,6,,,,,1898,8,1500,6,1,1,3,,,,,,,,,,,,,,,,,,,,2.0,2.0,2.0,2.0,,2,2,2,2,,,,,,,,,,,,,,,,1,1,,,,,,,2,2,,,,,,,,,1,,,,,,,,,,,,,,
96401,melon_sniper,0,28,72940.0,80524.0,292,292,172,261,1,30,-376.0,12,-19771,438,,,,,,,21689,480,7,7,,,7,7,13,13,3,3,3,3,2,2,5,5,1,1,7,7,,,,,7,7,2,2,6,6,3,3,4,4,,,,,3,3,,,4,4,4,4,,,,4,4.0,,5.833333333333333,14.833333333333334,,,3.2916666666666665,,7.5,5.833333333333333,7.166666666666667,9,,,,4,4,11,4,4,4,6,6,,,,,1,1,,,,,,976,14,5.833333333333333,14.833333333333334,4,11,,,1,1,1,1,1,1,5,5,1.0,1,,,4,4,15,2,,,,,3,9.666666666666666,,13,,,,,2,2,2,2,,,,,,,2,2,8,8,,,3,3,,,,,,,3,3,7,7,1,1,7,7,3,,,12,7.208333333333333,5.333333333333333,2.875,2.0,2.0,,5.333333333333333,3.0,15.166666666666666,3,,2,2,6,2,2,4,1,1,2,2,3,3,1,1,,,6,6,,,,3,3,6,,15.166666666666666,5.333333333333333,2.875,2.0,2,6,2,4,1036,5,,,,,,,,16,16,1,1,,,,,,,,6,6,24,,,2,2,2,2,1,1,2,2,2,2,,,2,2,2,2,4.041666666666667,,,3.0,3.0,2.0,,,,3,3,5,2,1185,6,2,2,1,1,,,,,4,4,3,3,3,3,,,3,3,1,1,2,3.0,3.1666666666666665,0.4166666666666667,0.4166666666666667,0.20833333333333334,2.0,0.20833333333333334,3,,2,,,,,126,2,,,,,,,,,,,7,7,2,2,2,2,3,3,2,2,4,3,2,2,,,2,2,5,5,2,2,1,1,2,2,1,1,1,1,4.041666666666667,2.0,3.0,3,5,2,1,1,1,1,,,,,,,,,,,,,,,,,,,,,,,,,,,,,,,,,,,,,,,,,,,,,,1,1,3,3,6,1,1,3,,0.625,1.25,1.25,0.625,1431,6,1288,5,1,1,3,1,,,,,,2,2,4,3,,,,4,,,2,2,5,1.5,1.5,0.625,0.625,,,,,,,,,,,,,,,,,,,,,1,1,1,1,,,1,1,,,,,,,3,3,,,,,,,,,,,,,,,,,
96401,melon_sniper,0,29,80524.0,90258.0,279,279,209,269,0,10,-376.0,12,,,,,,,,,3251,72,15,15,,,18,18,16,16,4,4,3,3,6,6,22,22,1,1,9,9,,,,,2,2,,,11,11,1,1,2,2,,,,,,,,,3,3,4,4,,,,5,4.0,,2.652173913043478,7.739130434782608,,,4.304347826086956,,5.434782608695652,2.652173913043478,11.347826086956522,,,,,,,,,3,3,6,6,,,,,,,1,,,,,1067,16,2.652173913043478,7.739130434782608,,,,,3,3,1,1,1,1,5,5,1.0,,,,3,3,9,,,,,,,16.565217391304348,,,,,,,,,,,,,,,,,,,,,,,,,,,,,,,,,,,,,18,18,4,,,,1.7391304347826086,0.782608695652174,1.6521739130434783,0.8260869565217391,0.8260869565217391,,0.782608695652174,0.13043478260869565,2.347826086956522,,,,,,,,,5,5,,,,,,,,,,,,,,,,,,2.347826086956522,0.782608695652174,1.6521739130434783,0.8260869565217391,,,,,1223,6,,,2,2,4,,,11,11,,,,,392,8,,,,2,2,6,,,1,1,,,,,,,4,4,,,,,3,3,3.869565217391304,,,2.0434782608695654,2.0434782608695654,2.0,,,,,,,,,,2,2,1,1,1,1,,,8,8,,,6,6,2,2,1,1,1,1,2,3.0,3.4782608695652173,0.5217391304347826,0.5217391304347826,0.2608695652173913,2.0,0.2608695652173913,,,,,,,,252,4,,,,,,,,,,,11,11,2,2,3,3,3,3,4,4,1,1,2,2,,,,,5,5,,,,,,,,,,,3.869565217391304,0.08695652173913043,2.0434782608695654,,,,,,,,2,2,4,,,,,,,,,,,,,,,,,,,,,,,,,,,,,,,,,,,,,,,1,1,1.8695652173913044,,,,,,,1,1,4,,,,,,2389,10,1536,6,1,1,3,,,,3,3,1.6956521739130435,,,,,,,,,,,,,,,,,,,,,,,,,,,,,,,,,,,,,,1,1,,,,,11,11,,,,,,,11,11,,,,,,,,,,,,,,,,,
96401,melon_sniper,1,0,3000.0,824.0,116,116,44,86,0,30,-7.0,4,-941,33,-960,12,-80,8,-800,2,612,21,5,5,2,2,7,7,2,2,1,1,1,1,1,1,2,2,4,4,1,1,7,7,2,2,7,7,6,6,3,3,1,1,4,4,8,8,8,8,2,2,3,3,2,2,2,2,5,5,18,12,1.2916666666666667,3.2916666666666665,4.541666666666667,4.541666666666667,3.2916666666666665,0.5,0.375,3.2916666666666665,0.625,4.541666666666667,15.375,8,8,8,8,7,7,7,2,,,,,,,,,,,,,,,,,,,,,,,,,,,,,,,,,,,,,,,,,,,,,,,,,,,,,,,,,,,,,,,,,,,,,,,,,,,,,,,,,,,,,,,,,,,,,,,,,,,,,,,,,,,,,,,,,,,,,,,,,,,,,,,,,,,,,,,,,,,,,,,,,,,,,,,,,,,,,,,,,,,,,,,,,,,,,,,,,,,,,,,,,,,,,,,,,,,,,,,,,,,,,,,,,,,,,,,,,,,,,,,,,,,,,,,,,,,,,,,,,,,,,,,,,,,,,,,,,,,,,,,,,,,,,,,,,,,,,,,,,,,,,,,,,,,,,,,,,,,,,,,,,,,,,,,,,,,,,,,,,,,,,,,,,,,,,,,,,,,,,,,,,,,,,,,,,,,,,,,,,,,,,,,,,,,,,,,,,,,,,,,,,,,,,,,,,,,,,,,,,,,,,,,,,,,,,,,
96401,melon_sniper,1,1,824.0,759.0,116,116,77,109,0,7,-7.0,4,-348,12,,,,,,,290,10,5,5,,,1,1,1,1,1,1,1,1,,,2,2,1,1,,,1,1,,,8,8,3,3,,,3,3,10,10,4,4,12,12,2,2,13,13,2,2,5,5,6,6,5,,2.0,10.458333333333334,7.458333333333333,7.458333333333333,10.458333333333334,,0.9583333333333334,10.458333333333334,11.583333333333334,7.458333333333333,5.083333333333333,3,12,12,12,8,8,8,2,2,2,2,2,11,11,7,7,6,6,2,,,,,,,,,,,,,,,,,,,,,,,,,,,,,,,,,,,,,,,,,,,,,,,,,,,,,,,,,,,,,,,,,,,,,,,,,,,,,,,,,,,,,,,,,,,,,,,,,,,,,,,,,,,,,,,,,,,,,,,,,,,,,,,,,,,,,,,,,,,,,,,,,,,,,,,,,,,,,,,,,,,,,,,,,,,,,,,,,,,,,,,,,,,,,,,,,,,,,,,,,,,,,,,,,,,,,,,,,,,,,,,,,,,,,,,,,,,,,,,,,,,,,,,,,,,,,,,,,,,,,,,,,,,,,,,,,,,,,,,,,,,,,,,,,,,,,,,,,,,,,,,,,,,,,,,,,,,,,,,,,,,,,,,,,,,,,,,,,,,,,,,,,,,,,,,,,,,,,,,,,,,,,,,,,,,,,,,,,,,,,,,,,,,,,,,,,,,,,,,,,,,,
96401,melon_sniper,1,2,759.0,314.0,116,116,47,74,0,42,-7.0,4,-348,12,,,,,,,290,10,2,2,,,2,2,1,1,1,1,1,1,,,2,2,1,1,,,,,,,8,8,9,9,,,2,2,5,5,,,12,12,2,2,3,3,2,2,5,5,6,6,42,,2.0,12.0,8.0,12.916666666666666,12.0,,0.5833333333333334,12.0,9.333333333333334,8.0,3.0,3,12,12,12,8,8,15,2,2,2,1,1,2,2,3,3,2,2,,-380,19,-200,4,200,2,7.0,11.916666666666666,7,14,,,,,,,,,,,,,,,,,,,,,,,,,,,,,,,,,,,,,,,,,,,,,,,,,,,,,,,,,,,,,,,,,,,,,,,,,,,,,,,,,,,,,,,,,,,,,,,,,,,,,,,,,,,,,,,,,,,,,,,,,,,,,,,,,,,,,,,,,,,,,,,,,,,,,,,,,,,,,,,,,,,,,,,,,,,,,,,,,,,,,,,,,,,,,,,,,,,,,,,,,,,,,,,,,,,,,,,,,,,,,,,,,,,,,,,,,,,,,,,,,,,,,,,,,,,,,,,,,,,,,,,,,,,,,,,,,,,,,,,,,,,,,,,,,,,,,,,,,,,,,,,,,,,,,,,,,,,,,,,,,,,,,,,,,,,,,,,,,,,,,,,,,,,,,,,,,,,,,,,,,,,,,,,,,,,,,,,,,,,,,,,,,,,,,,,,,,
96401,melon_sniper,1,3,314.0,446.0,116,116,63,96,0,20,-7.0,4,-60,2,,,,,,,,,,,,,,,1,1,1,1,1,1,,,2,2,1,1,,,,,,,8,8,4,4,,,3,3,8,8,,,12,12,2,2,6,6,2,2,3,3,6,6,20,,2.0,12.0,8.0,20.041666666666668,12.0,,0.875,12.0,11.375,8.0,0.5833333333333334,,12,12,12,8,8,23,2,2,2,3,3,4,4,8,8,2,2,,,,,,199,2,8.0,20.041666666666668,8,23,3,3,7,7,3,3,3,3,1,1,2.4166666666666665,3,,,,,,,,,,,,,,,,,,,,,,,,,,,,,,,,,,,,,,,,,,,,,,,,,,,,,,,,,,,,,,,,,,,,,,,,,,,,,,,,,,,,,,,,,,,,,,,,,,,,,,,,,,,,,,,,,,,,,,,,,,,,,,,,,,,,,,,,,,,,,,,,,,,,,,,,,,,,,,,,,,,,,,,,,,,,,,,,,,,,,,,,,,,,,,,,,,,,,,,,,,,,,,,,,,,,,,,,,,,,,,,,,,,,,,,,,,,,,,,,,,,,,,,,,,,,,,,,,,,,,,,,,,,,,,,,,,,,,,,,,,,,,,,,,,,,,,,,,,,,,,,,,,,,,,,,,,,,,,,,,,,,,,,,,,,,,,,,,,,,,,,,,,,,,,,,,,,,,,,,,,,,,,,,,,,,,,,,,,,,,,
96401,melon_sniper,1,4,446.0,509.0,116,116,66,114,0,2,-7.0,4,-372,12,,,-70,7,,,310,10,2,2,,,2,2,3,3,1,1,1,1,,,2,2,,,,,7,7,,,15,15,6,6,,,4,4,5,5,,,10,10,2,2,4,4,2,2,1,1,9,9,2,,2.0,12.0,7.208333333333333,14.083333333333334,12.0,,0.6666666666666666,12.0,15.041666666666666,7.208333333333333,0.7916666666666666,,12,12,12,8,8,10,2,2,2,4,4,3,3,11,11,2,2,,,,,,202,2,3.625,10.5,1,3,,,4,4,2,2,2,2,,,3.0,3,1,1,7,7,28,3,,,,,,,,,,,,,,,,,,,,,,,,,,,,,,,,,,,,,,,,,,,,,,,,,,,,,,,,,,,,,,,,,,,,,,,,,,,,,,,,,,,,,,,,,,,,,,,,,,,,,,,,,,,,,,,,,,,,,,,,,,,,,,,,,,,,,,,,,,,,,,,,,,,,,,,,,,,,,,,,,,,,,,,,,,,,,,,,,,,,,,,,,,,,,,,,,,,,,,,,,,,,,,,,,,,,,,,,,,,,,,,,,,,,,,,,,,,,,,,,,,,,,,,,,,,,,,,,,,,,,,,,,,,,,,,,,,,,,,,,,,,,,,,,,,,,,,,,,,,,,,,,,,,,,,,,,,,,,,,,,,,,,,,,,,,,,,,,,,,,,,,,,,,,,,,,,,,,,,,,,,,,,,,,,,,,,,,,
96401,melon_sniper,1,5,509.0,355.0,116,116,66,98,0,18,-7.0,4,-174,6,,,-30,3,,,957,32,,,1,1,,,,,1,1,1,1,3,3,2,2,,,,,,,,,8,8,7,7,,,6,6,6,6,,,12,12,2,2,6,6,2,2,4,4,5,5,2,,2.0,12.0,7.458333333333333,8.416666666666666,12.0,0.5,0.7083333333333334,12.0,13.625,7.458333333333333,0.041666666666666664,,12,12,12,7,7,7,2,2,2,1,1,9,9,5,5,,,9,,,,,200,2,0.4583333333333333,1.4166666666666667,,,,,4,4,3,3,4,4,2,2,3.0,3,1,1,1,1,4,,-1000.0,1,-100,1,7,1.0416666666666667,1,25,,,,,,,,,,,,,,,,,,,,,,,,,,,,,,,,,,,,,,,,,,,,,,,,,,,,,,,,,,,,,,,,,,,,,,,,,,,,,,,,,,,,,,,,,,,,,,,,,,,,,,,,,,,,,,,,,,,,,,,,,,,,,,,,,,,,,,,,,,,,,,,,,,,,,,,,,,,,,,,,,,,,,,,,,,,,,,,,,,,,,,,,,,,,,,,,,,,,,,,,,,,,,,,,,,,,,,,,,,,,,,,,,,,,,,,,,,,,,,,,,,,,,,,,,,,,,,,,,,,,,,,,,,,,,,,,,,,,,,,,,,,,,,,,,,,,,,,,,,,,,,,,,,,,,,,,,,,,,,,,,,,,,,,,,,,,,,,,,,,,,,,,,,,,,,,,,,,,,,,,,,,,,,,,
96401,melon_sniper,1,6,355.0,308.0,208,208,81,154,0,54,-54.0,8,,,,,-10,1,,,117,4,,,,,,,,,2,2,2,2,,,1,1,,,,,,,,,7,7,4,4,2,2,2,2,6,6,,,12,12,2,2,6,6,2,2,4,4,3,3,10,,2.0,16.041666666666668,7.0,11.625,12.0,1.0,1.5416666666666667,12.0,10.333333333333334,7.0,,,12,12,20,7,7,14,2,2,2,1,1,3,3,5,5,2,2,,,,,,200,2,7.0,11.625,7,14,,,4,4,3,3,5,5,1,1,3.0,3,1,1,,,,,,,-300,3,6,12.25,1,3,15,15,1,1,15,15,10,10,6,6,4,4,1,1,5,5,4,4,1,1,1,1,1,1,1,1,2,2,2,2,1,1,1,1,1,1,1,20,13,4,0.9166666666666666,2.0833333333333335,8.791666666666666,8.791666666666666,8.791666666666666,0.75,2.0833333333333335,1.125,2.0833333333333335,2,1,4,4,4,15,15,15,,,,,,,,,,,,,,,,,,,,,,,,,,,,,,,,,,,,,,,,,,,,,,,,,,,,,,,,,,,,,,,,,,,,,,,,,,,,,,,,,,,,,,,,,,,,,,,,,,,,,,,,,,,,,,,,,,,,,,,,,,,,,,,,,,,,,,,,,,,,,,,,,,,,,,,,,,,,,,,,,,,,,,,,,,,,,,,,,,,,,,,,,,,,,,,,,,,,,,,,,,,,,,,,,,,,,,,,,,,,,,,,,,,,,,,,,,,,,,,,,,,,,,,,,,,,,,,,,,,,,,,,,,,,,,,,,,,,,,,,,,,,,,,,,,,,,,,,,,,,,,,,,,,,,,,
96401,melon_sniper,1,7,308.0,391.0,208,208,160,208,0,0,-54.0,8,-62,2,,,,,,,,,,,,,,,,,2,2,2,2,,,,,,,,,,,,,7,7,3,3,1,1,,,7,7,,,11,11,2,2,8,8,2,2,4,4,8,8,,,2.0,24.833333333333332,7.0,18.375,12.0,1.0,0.375,12.0,12.125,7.0,,,12,12,31,7,7,21,2,2,2,2,2,10,10,7,7,8,8,,,,,,199,2,7.0,18.375,7,21,,,4,4,1,1,4,4,1,1,3.0,3,1,1,,,,3,,,,,,1.25,1,,1,1,5,5,10,10,6,6,18,18,,,,,8,8,4,4,1,1,3,3,2,2,2,2,2,2,4,4,9,9,4,4,,,,,,,15.833333333333334,4.0,15.541666666666666,15.541666666666666,15.541666666666666,1.0,4.0,3.2083333333333335,4.0,4,1,4,4,4,16,16,16,1,1,5,5,12,12,7,7,1,1,5,5,1,1,6,,,,,,,,,,,,,,,,,,,,,,,,,,,,,,,,,,,,,,,,,,,,,,,,,,,,,,,,,,,,,,,,,,,,,,,,,,,,,,,,,,,,,,,,,,,,,,,,,,,,,,,,,,,,,,,,,,,,,,,,,,,,,,,,,,,,,,,,,,,,,,,,,,,,,,,,,,,,,,,,,,,,,,,,,,,,,,,,,,,,,,,,,,,,,,,,,,,,,,,,,,,,,,,,,,,,,,,,,,,,,,,,,,,,,,,,,,,,,,,,,,,,,,,,,,,,,,,,,,,,,,,,,,,,,,,,,,,,,,,,,,,,,,,,,,,,,,,,
96401,melon_sniper,1,8,391.0,300.0,208,208,139,202,1,5,-54.0,8,-65,2,,,-70,7,,,,,5,5,,,,,,,2,2,2,2,,,,,,,3,3,2,2,,,8,8,7,7,2,2,2,2,2,2,,,11,11,2,2,10,10,2,2,4,4,4,4,1,3,2.0,34.416666666666664,6.125,17.166666666666668,12.0,1.0,1.5,12.0,14.916666666666666,6.125,0.875,5,12,12,42,2,2,2,2,2,2,3,3,6,6,5,5,6,6,,,,,,198,2,5.333333333333333,16.375,,,,,2,2,3,3,3,3,,,3.0,3,1,1,7,7,27,1,,,-100,1,1,,1,,,,16,16,15,15,15,15,14,14,,,,,5,5,4,4,1,1,3,3,1,1,1,1,,,3,3,1,1,,,,,,,,,12.291666666666666,4.0,25.458333333333332,16.0,16.0,1.0,4.0,4.0,5.916666666666667,4,1,4,4,8,16,16,31,1,1,,,1,1,5,5,2,2,6,6,,,2,2,2,12,1,5.916666666666667,4.0,24.458333333333332,15.0,4,8,15,30,,,,,,,,,,,,,,,,,,,,,,,,,,,,,,,,,,,,,,,,,,,,,,,,,,,,,,,,,,,,,,,,,,,,,,,,,,,,,,,,,,,,,,,,,,,,,,,,,,,,,,,,,,,,,,,,,,,,,,,,,,,,,,,,,,,,,,,,,,,,,,,,,,,,,,,,,,,,,,,,,,,,,,,,,,,,,,,,,,,,,,,,,,,,,,,,,,,,,,,,,,,,,,,,,,,,,,,,,,,,,,,,,,,,,,,,,,,,,,,,,,,,,,,,,,,,,,,,,,,,,,,,,,,,,,,,,,,,,,,,,,,,
96401,melon_sniper,1,9,300.0,1484.0,208,208,134,208,0,0,-54.0,8,,,,,,,,,428,13,,,1,1,,,6,6,2,2,2,2,,,6,6,,,1,1,4,4,,,4,4,1,1,2,2,1,1,6,6,,,9,9,2,2,7,7,2,2,8,8,8,8,,,2.0,44.125,4.416666666666667,4.416666666666667,12.0,1.4166666666666667,0.4583333333333333,12.0,15.041666666666666,4.416666666666667,2.1666666666666665,,12,12,51,6,6,6,2,2,2,1,1,2,2,3,3,4,4,,,,,,198,2,,,,,,,6,6,,,4,4,1,1,3.0,3,2,2,,,,8,,,,,,3.4166666666666665,2,9,3,3,7,7,19,19,6,6,7,7,1,1,,,2,2,5,5,,,4,4,1,1,,,1,1,3,3,7,7,1,1,8,8,,,,,14.083333333333334,4.5,19.208333333333332,10.5,10.5,1.0,4.5,4.833333333333333,10.125,5,1,5,5,13,4,4,5,,,1,1,6,6,5,5,1,1,7,7,,,3,,,,,9.625,4.0,17.208333333333332,8.5,4,12,1,2,2112,12,-1500,3,15,15,45,1,1,,,,,0.75,1,,,,,,,,,,,,,,,,,,,,,,,,,,,,,,,,,,,,,,,,,,,,,,,,,,,,,,,,,,,,,,,,,,,,,,,,,,,,,,,,,,,,,,,,,,,,,,,,,,,,,,,,,,,,,,,,,,,,,,,,,,,,,,,,,,,,,,,,,,,,,,,,,,,,,,,,,,,,,,,,,,,,,,,,,,,,,,,,,,,,,,,,,,,,,,,,,,,,,,,,,,,,,,,,,,,,,,,,,,,,,,,,,,,,,,,,,,,,,,,,,,,,,,,,,,,,,,,,,,,,,,,,,,,,,
96401,melon_sniper,1,10,1484.0,519.0,254,254,190,251,3,0,-143.0,10,-1476,42,,,,,-400,1,,,4,4,,,4,4,6,6,2,2,2,2,3,3,12,12,,,3,3,,,2,2,3,3,6,6,5,5,3,3,11,11,,,11,11,2,2,7,7,2,2,10,10,5,5,,,2.0416666666666665,45.208333333333336,6.0,7.625,10.125,1.6666666666666667,1.5,10.125,11.541666666666666,6.0,1.875,4,8,8,38,6,6,8,3,2,2,5,5,6,6,8,8,3,3,,,,,,,,2.0,3.625,2,4,,,7,7,3,3,14,14,4,4,3.0,3,9,6,,,,4,,,,,,10.708333333333334,,13,,,4,4,2,2,,,,,,,,,1,1,5,5,1,1,3,3,3,3,3,3,,,3,3,8,8,2,2,3,3,,,,,9.208333333333334,2.9166666666666665,4.458333333333333,3.7083333333333335,3.7083333333333335,1.0,2.9166666666666665,5.0,6.916666666666667,5,1,1,1,1,3,3,3,1,1,4,4,2,2,2,2,1,1,4,4,,,4,2,2,6,,5.916666666666667,1.9166666666666667,1.4583333333333333,0.7083333333333334,,,,,,,,,1,1,3,1,1,7,7,3,3,1.4166666666666667,1,1054,32,4,4,24,4,4,16,,,,,,,3,3,1,1,3,3,,,1,1,1,1,,30.333333333333332,6.125,,,0.2916666666666667,1,4,21,,,,1,,,,,,,1,1,1,1,1,1,,,2,2,,,,,,,,0.25,0.125,,,,,,1,,,,,,,,,0,14,0,3,0,4,0,1,,,1,1,,,,,,,,,1,1,,,,,,,,,,,,,,,,,,,,,,,,,,,,,,,,,,,,,,,,,,,,,,,,,,,,,,,,,,,,,,,,,,,,,,,,,,,,,,,,,,,,,,,,,,,,,,,,,,,,,,,,,,,,,,,,,,,,,,,,,,,,,,,,,,,,,,,,,,,,,,,,,,,,,,,,,,,,,,,,,,,,,,,,,
96401,melon_sniper,1,11,519.0,5295.0,293,293,205,290,0,3,-376.0,12,-1456,41,,,-150,15,-1200,3,2269,64,2,2,2,2,2,2,5,5,3,3,3,3,1,1,7,7,,,2,2,2,2,2,2,8,8,9,9,3,3,6,6,8,8,,,8,8,2,2,6,6,3,3,8,8,2,2,,1,3.0,36.5,7.041666666666667,12.166666666666666,7.333333333333333,0.5833333333333334,2.9583333333333335,7.333333333333333,10.416666666666666,7.041666666666667,2.9583333333333335,4,4,4,21,8,8,16,4,3,3,5,5,4,4,1,1,8,8,,,,,,,,6.0,11.125,6,14,,,2,2,3,3,10,10,3,3,3.0,3,7,7,,,,,,,-200,2,1,6.083333333333333,,,,,7,7,3,3,4,4,2,2,10,10,,,11,11,11,11,,,6,6,1,1,1,1,,,4,4,8,8,1,1,4,4,,,,,5.708333333333333,6.125,5.333333333333333,3.0,3.0,1.0,6.125,5.0,6.791666666666667,5,1,11,11,12,3,3,6,5,5,7,7,1,1,10,10,1,1,12,12,,,2,,,,,1.6666666666666667,1.0,5.333333333333333,3.0,1,2,3,6,318,2,-1000,2,,,,3,3,1,1,6,6,2.2916666666666665,3,378,13,4,4,24,,,,,,,,,,,,1,1,1,1,1,1,1,1,3,3,,36.5,7.333333333333333,,,1.0833333333333333,2,4,21,,,,2,6193,24,1,1,,,3,3,1,1,2,2,2,2,2,2,,,,,3,3,6,1.5,1.5,5.083333333333333,5.083333333333333,2.5416666666666665,,2.5416666666666665,2,2,,,,,,,,,,,,,,,,,,2,2,,,,,1,1,3,3,,,,,,,,,,,,,,,,,,,,,,,,,,,,,,,,,,,,,,,,,,,,,,,,,,,,1,,,,,,,,,,,,,,,,,,,,,,,,,,,,,,,,,,,,,,,,,,,,,,,,,,,,,,,,,,,,,,,,,,,,,,,,,,,,,,,,,,,,,,,,,,,,,,,,,,,,,,,,,,,,,,,,,,,,,,,
96401,melon_sniper,1,12,5295.0,10140.0,297,297,214,296,1,0,-376.0,12,-3311,88,,,,,,,2508,66,2,2,,,2,2,,,4,4,3,3,,,,,,,7,7,1,1,,,5,5,3,3,9,9,2,2,3,3,,,2,2,3,3,5,5,4,4,4,4,,,,,4.0,16.958333333333332,7.791666666666667,15.25,3.25,,3.75,3.25,12.541666666666666,7.791666666666667,4.125,6,1,1,5,7,7,13,4,4,4,7,7,,,,,3,3,,,,,,490,5,5.416666666666667,12.875,4,10,,,3,3,3,3,8,8,5,5,3.0,3,7,7,2,2,8,5,,,-700,7,,0.125,,,,,,,3,3,2,2,,,,,,,7,7,5,5,1,1,5,5,2,2,1,1,3,3,5,5,16,16,3,3,3,3,,,,,13.333333333333334,11.0,1.7083333333333333,0.7916666666666666,0.7916666666666666,1.0,11.0,7.083333333333333,12.666666666666666,8,1,11,11,13,,,,7,7,4,4,,,14,14,3,3,20,20,1,1,9,2,2,6,1,2.6666666666666665,1.0,1.7083333333333333,0.7916666666666666,1,3,,,,,,,3,3,9,,,,,5,5,1.0416666666666667,,,,3,3,18,,,,,,,,,,,,1,1,4,4,,,2,2,2,2,,16.958333333333332,3.25,,,2.0,,1,5,,,,2,5867,24,2,2,,,,,3,3,7,7,3,3,3,3,2,2,2,2,3,3,6,2.5833333333333335,2.875,5.083333333333333,5.083333333333333,2.5416666666666665,1.375,2.5416666666666665,3,2,2,,,,,367,6,0,1,,,,,,,1,1,13,13,,,3,3,2,2,5,5,2,2,1,1,2,2,2,2,5,5,2,2,1,1,2,2,2,2,,,,0.8333333333333334,,,,2,,,,,,,,,,,,,,,,,,,,,,,,,,,,,,,,,,,,,,,,,,,,,,,,,,,,,,,,,,,,,,,,,,,,,,,,,,,,,,,,,,,,,,,,,,,,,,,,,,,,,,,,,,,,,,,,,,,,,,,,,,,,,,,,,,,,,,,,,,,,,,,,,
96401,melon_sniper,1,13,10140.0,16031.0,292,292,232,292,0,0,-376.0,12,-2200,57,,,-40,4,,,2120,55,7,7,,,5,5,,,3,3,4,4,2,2,3,3,,,8,8,1,1,,,5,5,5,5,3,3,5,5,2,2,,,1,1,,,,,4,4,7,7,1,1,,,4.0,5.541666666666667,6.625,13.75,1.0,,4.625,1.0,9.708333333333334,6.625,6.375,9,1,1,6,4,4,6,4,3,3,6,6,,,,,6,6,,,,,,581,6,5.208333333333333,12.333333333333334,2,4,,,4,4,,,7,7,3,3,3.0,3,2,2,4,4,12,5,,,,,,0.5416666666666666,,1,,,,,,,,,,,,,,,4,4,11,11,,,3,3,4,4,2,2,,,5,5,18,18,3,3,,,,,,,12.166666666666666,10.458333333333334,,,,1.0,10.458333333333334,8.0,16.041666666666668,8,1,10,10,20,,,,2,2,10,10,,,12,12,1,1,15,15,3,3,4,,,,,16.041666666666668,10.458333333333334,,,10,20,,,1032,6,,,,,,,,1,1,7,7,,,252,9,,,,1,1,4,,,,,,,,,,,3,3,2,2,2,2,1,1,,5.541666666666667,1.0,,,2.0,,1,6,,,,2,4159,18,2,2,,,4,4,,,6,6,3,3,5,5,2,2,3,3,,,,3.0,3.25,6.0,6.0,3.0,2.0,3.0,3,,2,3,6,3,6,363,6,,,,,,,,,2,2,15,15,2,2,3,3,3,3,5,5,3,3,2,2,,,2,2,2,2,1,1,5,5,4,4,1,1,,,,2.0,,,,2,1,1,5,5,,,,,,,,,,,,,,,,,,,,,,,,,,,,,,,,,,,,,,,,,,,,,,,,,,,,,,,,,,,,,,,,,,,,,,,,,,,,,,,,,,,,,,,,,,,,,,,,,,,,,,,,,,,,,,,,,,,,,,,,,,,,,,,,,,,,,,,,,,,,,
96401,melon_sniper,1,14,16031.0,16396.0,296,296,193,281,0,15,-376.0,12,-2468,63,-400,5,-10,1,,,2666,68,,,,,1,1,,,5,5,3,3,,,,,,,,,5,5,,,9,9,9,9,7,7,7,7,3,3,5,5,5,5,3,3,2,2,3,3,5,5,3,3,6,,4.0,3.7083333333333335,6.125,9.708333333333334,2.7083333333333335,,5.416666666666667,2.7083333333333335,4.708333333333333,6.125,5.166666666666667,,5,5,5,9,9,14,4,4,4,7,7,2,2,4,4,2,2,6,,,,,953,10,3.0,6.583333333333333,3,8,,,9,9,3,3,8,8,4,4,3.0,3,3,3,,,,,,,,,2,0.2916666666666667,,,,,,,,,,,,,1,1,,,7,7,11,11,1,1,5,5,3,3,,,,,5,5,16,16,1,1,,,,,,,11.75,10.708333333333334,,,,1.0,10.708333333333334,8.0,25.0,8,1,11,11,31,,,,6,6,4,4,,,13,13,2,2,11,11,,,3,2,2,5,,24.291666666666668,10.0,,,10,30,,,,,,,,,,,,,,6,6,,,,,1,1,2,,,,,,,,,,2,2,1,1,3,3,1,1,2,2,1,1,,1.3333333333333333,0.3333333333333333,,,2.0,1,,,,,,2,,,2,2,,,3,3,,,3,3,3,3,1,1,1,1,1,1,3,3,9,3.0,3.75,6.5,6.5,2.1666666666666665,2.0,2.1666666666666665,3,3,2,,,,,,,,,,,,,,,1,1,7,7,2,2,3,3,3,3,3,3,2,2,,,,,2,2,2,2,2,2,2,2,2,2,3,3,,,,2.0,,,,2,1,1,1,1,,,,,,,,,,,,,,1,1,,,,,,,,,1.0,,,1.0,1.0,1.0,1,1,1,1,,,,,,,,,,,,,,,,,,,,,,,,,,,,,,,,,1,,,,,,,,,,,,,,,,,,,,,,,,,,,,,,,,,,,,,,,,,,,,,,,,,,,,,,,,,,,,,,1,1,,,,,,,,,,,,
96401,melon_sniper,1,15,16396.0,18308.0,298,298,208,298,0,0,-376.0,12,-669,17,,,-120,12,,,399,10,2,2,,,3,3,4,4,4,4,3,3,4,4,3,3,2,2,1,1,1,1,,,6,6,11,11,2,2,7,7,2,2,,,,,4,4,1,1,4,4,5,5,1,1,,,4.0,5.0,8.708333333333334,12.75,5.0,,3.6666666666666665,5.0,14.5,8.708333333333334,0.2916666666666667,1,5,5,5,8,8,11,4,4,4,3,3,4,4,2,2,2,2,,,,,,748,8,3.2083333333333335,7.25,2,5,,,,,,,,,4,4,0.125,,1,1,2,2,8,10,,,,,,1.7083333333333333,,2,,,,,,,,,,,8,8,,,7,7,18,18,1,1,10,10,2,2,2,2,,,5,5,18,18,5,5,,,,,,,10.75,9.291666666666666,,,,1.0,9.291666666666666,8.0,20.541666666666668,8,1,9,9,9,,,,,,10,10,,,13,13,3,3,9,9,1,1,4,,,,,16.625,5.375,,,,,,,957,5,,,,,,,,3,3,8,8,,,,,,,,10,10,40,,,,,,,,,1,1,3,3,1,1,2,2,4,4,,,,,,2.0,,,,,,,2,449,2,2,2,,,2,2,,,3,3,2,2,,,1,1,3,3,,,,3.0,2.25,,,,2.0,,3,,2,,,,,524,9,0,7,,,,,,,1,1,10,10,2,2,3,3,3,3,5,5,3,3,2,2,,,2,2,4,4,1,1,2,2,4,4,3,3,,,,2.0,,,,2,1,1,1,1,,,,,,,,,,,,,,,,,,,,,,,,1.0,,,0.3333333333333333,1.0,0.3333333333333333,,,,,,,,1,1,3,1,1,,,2.875,3,,,,,,,,,,,,,,,,,,,,,,,,,,,,,,,,,,,,,,,,,,,,,,,,,,,,,,,,,,,,,,,,,,,,,,,,,,,,,,,,,,,,,,,,,,,,,,,,
96401,melon_sniper,1,16,18308.0,20202.0,291,291,221,291,0,0,-376.0,12,-546,14,-160,2,-10,1,,,1727,44,5,5,,,10,10,1,1,4,4,2,2,8,8,,,3,3,1,1,2,2,,,9,9,11,11,7,7,8,8,3,3,,,5,5,2,2,6,6,2,2,8,8,2,2,,,4.0,5.0,8.416666666666666,14.208333333333334,5.0,,5.0,5.0,7.083333333333333,8.416666666666666,0.75,2,5,5,5,9,9,16,4,4,4,7,7,4,4,7,7,9,9,,,,,,1098,12,6.625,12.416666666666666,6,13,,,,,,,,,7,7,,,,,1,1,4,2,,,,,,1.7083333333333333,,1,,,,,,,,,,,1,1,,,4,4,7,7,1,1,4,4,3,3,1,1,,,5,5,12,12,4,4,1,1,,,,,14.333333333333334,9.291666666666666,,,,1.0,9.291666666666666,8.0,10.041666666666666,8,1,10,10,11,,,,,,6,6,,,3,3,1,1,6,6,,,6,2,2,3,,1.75,1.0,,,1,2,,,,,,,,,,,,1,1,11,11,,,,,,,,,,,,,,,,,,,2,2,3,3,4,4,2,2,4,4,,,,,,2.0,2,,,,,,2,,,2,2,,,4,4,,,6,6,3,3,1,1,,,,,,,,3.0,4.541666666666667,,,,2.0,,3,4,2,,,,,161,3,,,,,,,,,1,1,9,9,2,2,2,2,3,3,3,3,1,1,,,,,2,2,2,2,1,1,5,5,3,3,2,2,,,,2.0,,,,2,,,5,5,,,,,,,,,,,,,,,,,,,,,,,,1.3333333333333333,,,0.6666666666666666,1.3333333333333333,0.6666666666666666,,,,,,,,1,1,2,1,1,2,2,2.8333333333333335,1,,,1,1,2,1,1,3,,1.75,2.5,2.5,1.75,,,,,1,1,4,,1,1,,,,,,,,,,,,,,,,,,,,,,,,,,1,1,1,1,,,,,,,,,,,,,,,,,,,,,,,,,,,,,,,,,,,,,,,,,,,,
96401,melon_sniper,1,17,20202.0,23206.0,298,298,212,291,0,7,-376.0,12,-318,8,,,-10,1,,,278,7,2,2,,,6,6,,,4,4,3,3,3,3,,,2,2,,,1,1,,,8,8,13,13,4,4,8,8,2,2,1,1,4,4,3,3,6,6,4,4,8,8,2,2,,,4.0,5.5,8.666666666666666,15.791666666666666,5.5,,3.2083333333333335,5.5,13.208333333333334,8.666666666666666,1.8333333333333333,1,6,6,6,9,9,19,4,4,4,1,1,3,3,1,1,3,3,1,,,,,716,8,6.375,13.5,6,16,,,,,,,,,5,5,,,,,1,1,4,5,,,,,,0.5416666666666666,,,,,,,,,,,,,1,1,,,8,8,11,11,1,1,11,11,,,1,1,,,7,7,17,17,1,1,,,,,,1,9.291666666666666,10.458333333333334,,,,1.0,10.458333333333334,8.0,16.5,8,1,11,11,21,,,,,,4,4,,,14,14,3,3,14,14,1,1,1,,,,,15.041666666666666,9.0,,,9,19,,,606,3,,,,,,,,,,9,9,,,,,,,,,,,,,,,,,,,2,2,3,3,1,1,2,2,2,2,,,,,,2.0,,,,,,,2,,,2,2,,,4,4,,,4,4,3,3,4,4,1,1,2,2,,,,3.0,2.25,,,,2.0,,3,,2,,,,,107,2,,,,,,,,,2,2,10,10,2,2,4,4,3,3,6,6,3,3,2,2,,,2,2,5,5,1,1,4,4,3,3,1,1,,,,2.0,,,,2,1,1,1,1,,,,,,,,,,,,,,1,1,,,,,,,,,0.8333333333333334,,,0.4166666666666667,0.8333333333333334,0.4166666666666667,,,,,,,,1,1,2,2,2,,,1.0,1,,,,,,1,1,4,,3.0,3.0,3.0,3.0,1566,7,435,2,1,1,5,2,,,,,,,,,,,,,3,,,,,,,,,,,,,,,3,3,3,3,,,,,,,,,,,,,,,,,,,,,,,,,,,,,,,,,,,,,,,,,,,,
96401,melon_sniper,1,18,23206.0,25357.0,297,297,192,285,0,12,-376.0,12,-442,11,,,-60,6,,,160,4,2,2,,,1,1,2,2,3,3,3,3,1,1,,,,,1,1,4,4,,,13,13,10,10,1,1,7,7,5,5,,,5,5,3,3,5,5,4,4,8,8,12,12,,3,4.0,6.0,8.458333333333334,16.125,6.0,,3.2083333333333335,6.0,10.625,8.458333333333334,0.9583333333333334,1,6,6,6,8,8,12,4,4,4,6,6,,,2,2,6,6,1,,,-100,2,877,10,5.708333333333333,13.375,3,7,1,1,,,1,1,,,4,4,0.5833333333333334,1,,,5,5,19,1,,,,,1,0.75,,2,,,,,,,,,,,,,,,6,6,11,11,,,10,10,,,,,,,6,6,13,13,4,4,2,2,3,,,,11.041666666666666,10.375,,,,0.041666666666666664,10.375,8.0,23.375,8,,10,10,27,,,,1,1,9,9,,,7,7,,,12,12,,,2,3,3,8,,22.375,9.375,,,9,26,,,,,,,,,,,,2,2,5,5,,,,,,,,1,1,4,,,,,,,,,2,2,1,1,1,1,2,2,5,5,,,,,,2.0,,,,,,,2,,,2,2,,,4,4,,,2,2,3,3,3,3,1,1,2,2,,,,3.0,3.1666666666666665,,,,2.0,,3,,2,,,,,106,2,,,,,,,,,1,1,5,5,2,2,2,2,3,3,2,2,3,3,2,2,,,2,2,2,2,2,2,4,4,3,3,3,3,,,,2.0,,,,2,1,1,2,2,,,,,,,,,,,,,,,,,,,,,,2,,,,,,,,,,,,,,,,,,1,1,,,1.0,1,1,1,2,2,5,,,,,3.125,4.708333333333333,4.708333333333333,3.125,1986,9,,,1,1,2,,,,1,1,0.8333333333333334,,,,1,,,,1,,,,,,,,,,,,,,,2,2,2,2,,,,,,,,,,,,,,,,,,,,1,1,,,,,,,,,,,,,,,,,,,,,,,
96401,melon_sniper,1,19,25357.0,29460.0,297,297,185,285,0,12,-376.0,12,-449,11,,,-110,11,,,1105,27,,,,,1,1,1,1,3,3,3,3,2,2,2,2,,,,,1,1,,,9,9,10,10,6,6,5,5,1,1,,,3,3,4,4,3,3,4,4,8,8,12,12,1,,4.0,6.0,7.958333333333333,12.333333333333334,6.0,,2.9166666666666665,6.0,12.333333333333334,7.958333333333333,1.25,2,6,6,6,8,8,13,4,4,4,3,3,3,3,4,4,7,7,,,,,,687,8,3.5,7.875,3,8,,,,,,,,,4,4,1.0,1,,,1,1,4,4,,,,,,2.2083333333333335,,3,,,,,,,,,,,7,7,,,6,6,17,17,,,5,5,,,,,,,6,6,11,11,3,3,4,4,3,,3,,10.0,9.791666666666666,,,,,9.791666666666666,8.0,21.041666666666668,8,,9,9,12,,,,1,1,9,9,,,4,4,,,8,8,,,2,1,1,5,,17.875,6.625,,,2,5,,,1670,8,,,,,,,,4,4,4,4,,,,,,,,8,8,32,,,,,,,,,2,2,4,4,2,2,2,2,4,4,,,,,,2.0,,,,,,,2,,,2,2,,,2,2,,,4,4,3,3,2,2,3,3,2,2,,,,3.0,2.7916666666666665,,,,2.0,,3,,2,,,,,,,0,5,,,,,,,,,5,5,2,2,2,2,3,3,4,4,3,3,2,2,,,1,1,2,2,2,2,5,5,1,1,4,4,,,,2.0,,,,2,1,1,2,2,,,,,,,,,,,,,,,,,,,,,,,,,,,,,,,,,,,,,,,,,,1,1,0.7916666666666666,,1,1,3,3,8,1,1,3,5,1.5,4.333333333333333,4.333333333333333,1.5,450,2,1126,5,1,1,3,,,,,,,,,,,,,,,0,3,,,,,,,,,,,,,,,,,,,,,,1,1,,,,,,,,,,,,,3,3,1,1,,,,,,,,,,,,,,,,,,,,,
96401,melon_sniper,1,20,29460.0,34166.0,291,291,164,264,0,27,-376.0,12,-448,11,,,-30,3,,,1100,27,1,1,,,1,1,,,4,4,2,2,,,1,1,,,,,4,4,,,12,12,6,6,1,1,8,8,6,6,,,6,6,4,4,4,4,4,4,8,8,9,9,2,,4.0,9.25,8.916666666666666,13.375,6.0,,4.291666666666667,6.0,9.041666666666666,8.916666666666666,1.0833333333333333,,6,6,11,10,10,16,4,4,4,4,4,1,1,3,3,2,2,6,,,,,924,11,5.958333333333333,10.416666666666666,5,11,,,2,2,1,1,,,1,1,1.0,1,,,2,2,8,,,,,,,1.875,,,,,,,,,,,,,4,4,,,6,6,13,13,,,13,13,,,,,,,7,7,12,12,4,4,1,1,,,4,4,12.083333333333334,10.125,,,,,10.125,8.0,12.5,8,,12,12,14,,,,,,8,8,,,8,8,,,11,11,,,1,3,3,7,,3.7916666666666665,1.4166666666666667,,,1,3,,,1038,5,,,,,,,,,,4,4,,,,,,,,1,1,4,,,,,,,,,2,2,1,1,1,1,2,2,4,4,,,,,,2.0,,,,,,,2,,,2,2,,,2,2,,,1,1,3,3,3,3,,,3,3,,,,3.0,2.5,,,,2.0,,3,,2,,,,,,,,,,,,,,,2,2,4,4,2,2,2,2,3,3,4,4,3,3,2,2,,,2,2,1,1,2,2,5,5,,,,,,,,2.0,,,,2,1,1,2,2,,,,,,,,,,,,,,,,,,,,,,6,,,,,,,,,,,,,,,,,,3,3,,,,,1,1,,,,1,1,4,,2.0,2.0,2.0,2.0,1365,6,1133,5,1,1,4,2,,,,,,2,2,11,,,,,3,,,,,,,,,,,,,,,2,2,2,2,,,,,,,,,,,,,,,,,,,,1,1,,,,,,,,,,,,,,,,,,,,,,,
96401,melon_sniper,1,21,34166.0,39741.0,298,298,179,268,0,30,-376.0,12,-451,11,,,,,,,492,12,3,3,,,,,1,1,4,4,3,3,,,1,1,,,1,1,,,,,10,10,10,10,5,5,5,5,2,2,,,5,5,4,4,6,6,4,4,7,7,9,9,3,,4.0,13.041666666666666,9.625,16.708333333333332,6.0,,2.875,6.0,13.75,9.625,0.375,1,6,6,16,9,9,18,4,4,4,2,2,2,2,2,2,4,4,5,-40,2,,,412,5,5.625,12.708333333333334,5,14,,,1,1,1,1,,,1,1,1.0,1,,,1,1,4,1,,,,,1,0.25,,,1,1,,,1,1,,,,,,,,,5,5,12,12,,,10,10,,,,,,,8,8,18,18,1,1,,,,,4,6,9.666666666666666,11.5,0.25,0.25,0.25,,11.5,8.0,16.458333333333332,8,,11,11,18,1,1,1,,,6,6,1,1,3,3,,,15,15,,,,1,1,3,,12.458333333333334,7.5,,,7,14,,,3697,18,,,,,,,,1,1,6,6,,,,,,,,1,1,4,,,,,,,,,2,2,2,2,1,1,2,2,3,3,,,,,,2.0,,,,,,,2,,,2,2,,,2,2,,,4,4,3,3,2,2,1,1,1,1,,,,3.0,2.5,,,,2.0,,3,,2,,,,,,,,,,,,,,,2,2,7,7,2,2,3,3,3,3,4,4,3,3,2,2,,,2,2,5,5,2,2,3,3,2,2,3,3,,,,2.0,,,,2,1,1,1,1,,,,,,,,,,,,,,,,,,,,,,,,,,,,,,,,,,,,,,,,3,3,,,,,1,1,3,3,6,,,,,3.25,4.5,4.5,3.25,1841,8,,,1,1,4,1,,,,,,,,,4,,1,1,6,,,,,,,,,,,,,,,2,2,2,2,,,,,,,,,,,,,,,,,,,,1,1,,,,,,,,,,,,,,,,,,,,,,,
96401,melon_sniper,1,22,39741.0,43357.0,298,298,192,286,0,12,-376.0,12,-462,11,,,-40,4,,,336,8,2,2,,,1,1,,,4,4,3,3,,,,,,,3,3,1,1,,,9,9,6,6,2,2,5,5,4,4,,,6,6,3,3,4,4,4,4,3,3,9,9,3,1,4.0,18.833333333333332,8.0,16.166666666666668,6.0,,3.5416666666666665,6.0,9.458333333333334,8.0,1.5416666666666667,3,6,6,21,6,6,12,4,4,4,3,3,4,4,5,5,2,2,1,,,,,809,10,7.583333333333333,15.75,5,11,,,1,1,1,1,,,5,5,1.0,1,,,4,4,15,,,,,,,,,,,,,,1,1,,,1,1,,,,,2,2,11,11,,,13,13,,,,,,,8,8,22,22,4,4,,,,2,,1,9.791666666666666,11.0,1.0,1.0,1.0,,11.0,8.0,23.708333333333332,8,,11,11,29,1,1,1,1,1,6,6,1,1,11,11,,,13,13,,,,3,3,9,,23.708333333333332,11.0,,,11,29,,,1017,5,,,,,,,,,,7,7,,,,,,,,,,,1,1,1,1,,,,,2,2,3,3,1,1,2,2,2,2,0.4583333333333333,,,0.4583333333333333,0.4583333333333333,2.0,,,,1,1,1,2,,,2,2,1,1,3,3,,,4,4,3,3,4,4,2,2,2,2,,,,3.0,3.875,,,,2.0,,3,2,2,,,,,,,,,,,,,,,1,1,8,8,2,2,3,3,3,3,3,3,2,2,1,1,,,2,2,,,2,2,1,1,3,3,1,1,2,2,,2.0,,,,2,1,1,2,2,,,,,,,,,,,,,,,,,,,,,,,,,,,,,,,,,,,,,,,,1,1,,,,,1,1,5,5,11,1,1,4,,1.7083333333333333,3.875,3.875,1.7083333333333333,927,4,1405,6,1,1,4,,,,,,,2,2,5,2,,,,2,0,2,,,,3.0,3.0,2.0,2.0,,2,3,2,3,,,,,,,,,,1,1,,,0,2,,,,,,,,,2,2,,,,,,,,,,,,,,,,,,,,,,,
96401,melon_sniper,1,23,43357.0,49980.0,291,291,178,279,0,12,-376.0,12,-470,11,,,-90,9,,,723,17,2,2,,,,,6,6,3,3,4,4,1,1,2,2,,,,,3,3,,,9,9,7,7,2,2,4,4,2,2,,,6,6,3,3,5,5,4,4,5,5,8,8,,,4.0,24.208333333333332,6.833333333333333,12.875,6.0,,3.75,6.0,11.0,6.833333333333333,2.1666666666666665,1,6,6,27,8,8,16,4,4,4,5,5,1,1,3,3,6,6,2,,,,,945,12,4.5,10.541666666666666,4,12,,,1,1,,,1,1,3,3,1.0,1,,,1,1,4,2,,,,,,1.2083333333333333,,2,,,1,1,1,1,,,1,1,6,6,,,7,7,17,17,,,7,7,,,,,,,6,6,12,12,3,3,3,3,3,,,1,9.166666666666666,9.916666666666666,1.4166666666666667,1.0,1.0,,9.916666666666666,6.083333333333333,22.666666666666668,6,,10,10,18,1,1,2,,,9,9,,,8,8,,,6,6,,,,1,1,3,,20.208333333333332,7.458333333333333,1.4166666666666667,1.0,4,12,1,2,2381,12,,,,,,,,3,3,6,6,,,,,,,,7,7,28,,,1,1,,,,,2,2,1,1,1,1,2,2,6,6,1.0,,,1.0,1.0,2.0,,,,1,1,1,2,,,2,2,,,,,,,3,3,3,3,4,4,,,2,2,,,,3.0,2.375,,,,2.0,,3,,2,,,,,,,0,4,,,,,0,2,1,1,7,7,2,2,3,3,3,3,3,3,3,3,2,2,,,1,1,1,1,1,1,2,2,2,2,1,1,2,2,,2.0,,,,2,1,1,3,3,,,,,,,,,,,,,,,,,,,,,,,,,,,,,,,,,,,,,,,,,,,,,,,,3,3,6,1,1,4,,1.7916666666666667,3.5833333333333335,3.5833333333333335,1.7916666666666667,1396,6,2114,9,1,1,4,,,,1,1,1.7916666666666667,,,,,,,,5,,,1,1,2,2.5833333333333335,2.5833333333333335,1.7916666666666667,1.7916666666666667,1,1,1,1,1,,,,,,,,,,,,,,,,,,,,,,,,2,2,,,,,,,,,1,,,,,,,,,,,,,,
96401,melon_sniper,1,24,49980.0,55250.0,292,292,192,292,0,0,-376.0,12,-473,11,,,-130,13,,,1204,28,3,3,,,1,1,7,7,3,3,3,3,4,4,5,5,,,6,6,4,4,,,7,7,11,11,5,5,5,5,1,1,,,6,6,3,3,3,3,4,4,6,6,7,7,,,4.0,23.458333333333332,8.375,13.75,4.916666666666667,,3.5,4.916666666666667,11.333333333333334,8.375,1.7083333333333333,4,3,3,15,8,8,8,4,4,4,5,5,3,3,4,4,,,,,,,,689,9,3.625,9.0,1,1,,,2,2,1,1,,,2,2,1.0,1,,,4,4,15,5,,,,,,1.9583333333333333,,2,,,,,1,1,,,,,6,6,,,7,7,12,12,,,8,8,,,,,,,2,2,9,9,,,3,3,,,,,10.583333333333334,10.666666666666666,1.0416666666666667,0.5,0.5,,10.666666666666666,4.083333333333333,15.083333333333334,4,,12,12,12,,,,1,1,9,9,,,15,15,,,3,3,,,6,3,3,9,,6.541666666666667,2.125,1.0416666666666667,0.5,,,,,594,3,,,1,1,3,,,5,5,4,4,,,,,3,3,18,4,4,16,,,1,1,1,1,,,2,2,2,2,,,2,2,3,3,1.6666666666666667,20.875,3.9166666666666665,1.0,1.0,2.0,,2,12,1,1,2,2,,,2,2,,,4,4,,,2,2,3,3,1,1,2,2,2,2,,,,3.0,2.875,,,,2.0,,3,,2,,,,,,,0,11,0,3,0,5,0,4,1,1,7,7,2,2,5,5,3,3,4,4,3,3,2,2,,,2,2,,,1,1,2,2,4,4,,,2,2,1.6666666666666667,2.0,1.0,1,2,2,2,2,1,1,,,,,,,,,,,,,,,,,,,,,,,,,,,,,,,,,,,,,,,,,,,,,,,,3,3,6,,,,,0.875,1.75,1.75,0.875,1870,8,1892,8,1,1,3,,,,1,1,2.7916666666666665,2,2,5,,,,,,0,6,1,1,2,3.1666666666666665,3.1666666666666665,1.5833333333333333,1.5833333333333333,2,1,2,1,2,,,,,,,,,,,,,,0,3,,,,,,,,,1,1,,,,,,,,,,,,,,,,,,,,,,,
96401,melon_sniper,1,25,55250.0,62041.0,292,292,188,274,0,18,-376.0,12,-481,11,,,-40,4,,,866,20,1,1,,,1,1,,,3,3,3,3,3,3,2,2,,,,,4,4,,,11,11,12,12,4,4,7,7,5,5,,,3,3,4,4,1,1,2,2,5,5,5,5,,,4.0,12.166666666666666,9.791666666666666,12.5,2.4583333333333335,,4.583333333333333,2.4583333333333335,9.708333333333334,9.791666666666666,3.2916666666666665,3,1,1,4,12,12,16,4,4,4,4,4,,,2,2,8,8,7,,,,,525,7,4.0,6.708333333333333,4,8,,,2,2,1,1,1,1,3,3,1.0,1,,,,,,1,,,,,,1.1666666666666667,,2,,,,,,,,,,,2,2,,,11,11,14,14,,,12,12,,,,,,,4,4,9,9,,,,,1,,6,,9.291666666666666,12.875,,,,,12.875,4.0,16.833333333333332,4,,14,14,20,,,,,,6,6,,,7,7,,,1,1,,,,1,1,1,,9.958333333333334,6.0,,,6,12,,,1791,9,,,,,,,,,,12,12,,,,,2,2,12,,,,,,1,1,1,1,1,1,2,2,3,3,2,2,1,1,3,3,0.9583333333333334,8.75,1.4583333333333333,0.4583333333333333,0.4583333333333333,2.0,3,,,,,,2,4025,18,2,2,1,1,4,4,,,1,1,3,3,6,6,2,2,2,2,,,,3.0,4.625,,,,2.0,,3,4,2,,,,,,,,,,,,,,,1,1,13,13,2,2,4,4,3,3,5,5,1,1,,,,,2,2,1,1,2,2,4,4,1,1,3,3,,,0.9583333333333334,2.0,0.4583333333333333,,,2,,,2,2,1,1,3,,,,,,,,,,,,,,,,,,,,,,,,,,,,,,,,,,,,,3,3,,,,,,,1,1,2,1,1,4,,0.5833333333333334,1.1666666666666667,1.1666666666666667,0.5833333333333334,,,481,2,1,1,4,,,,2,2,1.9583333333333333,,,,4,,,,,,,1,1,2,1.25,1.25,0.625,0.625,,,,,,,,,,,,,,,,,,,,,,,,,,,,,3,3,,,,,,,,,,,,,,,,,,,,,,,
96401,melon_sniper,1,26,62041.0,67431.0,297,297,198,284,0,13,-376.0,12,-352,8,,,,,,,176,4,1,1,,,,,6,6,3,3,4,4,,,1,1,,,,,,,,,9,9,11,11,3,3,7,7,4,4,,,1,1,2,2,1,1,3,3,3,3,4,4,,,4.0,4.791666666666667,11.5,17.583333333333332,1.0,,3.6666666666666665,1.0,11.416666666666666,11.5,2.3333333333333335,1,1,1,5,11,11,20,4,3,3,5,5,,,4,4,4,4,1,-140,7,,,369,5,7.5,13.583333333333334,7,16,,,1,1,1,1,1,1,3,3,1.0,1,,,1,1,3,4,,,,,,1.2083333333333333,,1,2,2,4,4,2,2,2,2,,,,,,,9,9,14,14,,,13,13,,,,,,,3,3,11,11,,,5,5,,,4,,8.125,14.0,1.0416666666666667,1.0416666666666667,1.0416666666666667,,14.0,3.0416666666666665,26.291666666666668,3,,14,14,32,2,2,2,1,1,3,3,1,1,26,26,,,3,3,,,,3,3,7,,24.291666666666668,12.0,,,12,30,,,203,1,,,,,,,,,,3,3,,,132,3,,,,,,,3,3,3,3,3,3,,,2,2,5,5,,,2,2,3,3,1.1666666666666667,,,1.1666666666666667,1.1666666666666667,2.0,1,,,3,3,3,2,2499,12,2,2,2,2,2,2,,,4,4,3,3,1,1,1,1,4,4,1,1,2,3.0,3.2916666666666665,1.6666666666666667,1.6666666666666667,0.8333333333333334,2.0,0.8333333333333334,3,1,2,,,,,,,,,,,,,,,,,8,8,2,2,3,3,3,3,4,4,2,2,2,2,,,2,2,2,2,1,1,3,3,4,4,1,1,,,,2.0,,,,2,1,1,1,1,,,,,,,,,,,,,,,,,,,,,,6,,,,,,,,,,,,,,,,,,,,,,,,,,3,3,6,1,1,4,,0.8333333333333334,1.6666666666666667,1.6666666666666667,0.8333333333333334,1894,8,985,4,1,1,4,2,,,1,1,0.7083333333333334,2,2,2,,,1,1,,,,,,,2.0,2.0,2.0,2.0,,2,2,2,2,,,,,,,,,,,,,,,,1,1,,,,,,,3,3,,,,,,,,,,,,,,,,,,,,,,,
96401,melon_sniper,1,27,67431.0,72940.0,298,298,164,250,0,48,-376.0,12,-360,8,,,,,,,90,2,1,1,,,2,2,9,9,4,4,3,3,5,5,5,5,,,1,1,,,,,11,11,7,7,4,4,3,3,9,9,,,1,1,4,4,2,2,4,4,7,7,6,6,1,7,4.0,5.083333333333333,9.916666666666666,20.833333333333332,1.0,,2.7916666666666665,1.0,10.916666666666666,9.916666666666666,2.0833333333333335,5,,,,8,8,19,4,4,4,6,6,,,1,1,6,6,4,,,,,794,11,9.916666666666666,20.833333333333332,8,19,,,1,1,1,1,1,1,3,3,1.0,1,,,3,3,12,1,,,,,,4.0,,7,,,2,2,2,2,1,1,,,,,,,5,5,14,14,,,2,2,,,,,,,3,3,6,6,1,1,6,6,,9,6,,9.875,11.0,2.0,2.0,2.0,,11.0,3.0,26.5,3,,8,8,22,2,2,2,,,2,2,,,5,5,,,3,3,,,,1,1,1,,26.5,11.0,,,8,22,,,1839,9,,,,,,,,2,2,,,,,,,1,1,6,6,6,24,,,2,2,2,2,,,2,2,2,2,2,2,2,2,1,1,3.0,5.083333333333333,1.0,3.0,3.0,2.0,,,,3,3,3,2,,,2,2,2,2,3,3,,,4,4,3,3,1,1,,,,,1,1,2,3.0,2.0833333333333335,0.75,0.75,0.375,2.0,0.375,3,,2,,,,,124,2,0,3,,,,,,,,,7,7,2,2,3,3,3,3,4,4,3,3,2,2,,,2,2,2,2,2,2,2,2,4,4,1,1,1,1,,2.0,,,,2,1,1,2,2,,,,,,,,,,,,,,,,,,,,,,14,,,,,,,,,,,,,,,,,,,,,,,,,,,,,,,,6,,,,,1898,8,1500,6,1,1,3,,,,,,,,,,,,,,,,,,,,2.0,2.0,2.0,2.0,,2,2,2,2,,,,,,,,,,,,,,,,1,1,,,,,,,2,2,,,,,,,,,1,,,,,,,,,,,,,,
96401,melon_sniper,1,28,72940.0,80524.0,292,292,172,261,1,30,-376.0,12,-19771,438,,,,,,,21689,480,7,7,,,7,7,13,13,3,3,3,3,2,2,5,5,1,1,7,7,,,,,7,7,2,2,6,6,3,3,4,4,,,,,3,3,,,4,4,4,4,,,,4,4.0,,5.833333333333333,14.833333333333334,,,3.2916666666666665,,7.5,5.833333333333333,7.166666666666667,9,,,,4,4,11,4,4,4,6,6,,,,,1,1,,,,,,976,14,5.833333333333333,14.833333333333334,4,11,,,1,1,1,1,1,1,5,5,1.0,1,,,4,4,15,2,,,,,3,9.666666666666666,,13,,,,,2,2,2,2,,,,,,,2,2,8,8,,,3,3,,,,,,,3,3,7,7,1,1,7,7,3,,,12,7.208333333333333,5.333333333333333,2.875,2.0,2.0,,5.333333333333333,3.0,15.166666666666666,3,,2,2,6,2,2,4,1,1,2,2,3,3,1,1,,,6,6,,,,3,3,6,,15.166666666666666,5.333333333333333,2.875,2.0,2,6,2,4,1036,5,,,,,,,,16,16,1,1,,,,,,,,6,6,24,,,2,2,2,2,1,1,2,2,2,2,,,2,2,2,2,4.041666666666667,,,3.0,3.0,2.0,,,,3,3,5,2,1185,6,2,2,1,1,,,,,4,4,3,3,3,3,,,3,3,1,1,2,3.0,3.1666666666666665,0.4166666666666667,0.4166666666666667,0.20833333333333334,2.0,0.20833333333333334,3,,2,,,,,126,2,,,,,,,,,,,7,7,2,2,2,2,3,3,2,2,4,3,2,2,,,2,2,5,5,2,2,1,1,2,2,1,1,1,1,4.041666666666667,2.0,3.0,3,5,2,1,1,1,1,,,,,,,,,,,,,,,,,,,,,,,,,,,,,,,,,,,,,,,,,,,,,,1,1,3,3,6,1,1,3,,0.625,1.25,1.25,0.625,1431,6,1288,5,1,1,3,1,,,,,,2,2,4,3,,,,4,,,2,2,5,1.5,1.5,0.625,0.625,,,,,,,,,,,,,,,,,,,,,1,1,1,1,,,1,1,,,,,,,3,3,,,,,,,,,,,,,,,,,
96401,melon_sniper,1,29,80524.0,90258.0,279,279,209,269,0,10,-376.0,12,,,,,,,,,3251,72,15,15,,,18,18,16,16,4,4,3,3,6,6,22,22,1,1,9,9,,,,,2,2,,,11,11,1,1,2,2,,,,,,,,,3,3,4,4,,,,5,4.0,,2.652173913043478,7.739130434782608,,,4.304347826086956,,5.434782608695652,2.652173913043478,11.347826086956522,,,,,,,,,3,3,6,6,,,,,,,1,,,,,1067,16,2.652173913043478,7.739130434782608,,,,,3,3,1,1,1,1,5,5,1.0,,,,3,3,9,,,,,,,16.565217391304348,,,,,,,,,,,,,,,,,,,,,,,,,,,,,,,,,,,,,18,18,4,,,,1.7391304347826086,0.782608695652174,1.6521739130434783,0.8260869565217391,0.8260869565217391,,0.782608695652174,0.13043478260869565,2.347826086956522,,,,,,,,,5,5,,,,,,,,,,,,,,,,,,2.347826086956522,0.782608695652174,1.6521739130434783,0.8260869565217391,,,,,1223,6,,,2,2,4,,,11,11,,,,,392,8,,,,2,2,6,,,1,1,,,,,,,4,4,,,,,3,3,3.869565217391304,,,2.0434782608695654,2.0434782608695654,2.0,,,,,,,,,,2,2,1,1,1,1,,,8,8,,,6,6,2,2,1,1,1,1,2,3.0,3.4782608695652173,0.5217391304347826,0.5217391304347826,0.2608695652173913,2.0,0.2608695652173913,,,,,,,,252,4,,,,,,,,,,,11,11,2,2,3,3,3,3,4,4,1,1,2,2,,,,,5,5,,,,,,,,,,,3.869565217391304,0.08695652173913043,2.0434782608695654,,,,,,,,2,2,4,,,,,,,,,,,,,,,,,,,,,,,,,,,,,,,,,,,,,,,1,1,1.8695652173913044,,,,,,,1,1,4,,,,,,2389,10,1536,6,1,1,3,,,,3,3,1.6956521739130435,,,,,,,,,,,,,,,,,,,,,,,,,,,,,,,,,,,,,,1,1,,,,,11,11,,,,,,,11,11,,,,,,,,,,,,,,,,,
96401,pass,0,0,3000.0,824.0,116,116,44,86,0,30,-7.0,4,-941,33,-960,12,-80,8,-800,2,612,21,5,5,2,2,7,7,2,2,1,1,1,1,1,1,2,2,4,4,1,1,7,7,2,2,7,7,6,6,3,3,1,1,4,4,8,8,8,8,2,2,3,3,2,2,2,2,5,5,18,12,1.2916666666666667,3.2916666666666665,4.541666666666667,4.541666666666667,3.2916666666666665,0.5,0.375,3.2916666666666665,0.625,4.541666666666667,15.375,8,8,8,8,7,7,7,2,,,,,,,,,,,,,,,,,,,,,,,,,,,,,,,,,,,,,,,,,,,,,,,,,,,,,,,,,,,,,,,,,,,,,,,,,,,,,,,,,,,,,,,,,,,,,,,,,,,,,,,,,,,,,,,,,,,,,,,,,,,,,,,,,,,,,,,,,,,,,,,,,,,,,,,,,,,,,,,,,,,,,,,,,,,,,,,,,,,,,,,,,,,,,,,,,,,,,,,,,,,,,,,,,,,,,,,,,,,,,,,,,,,,,,,,,,,,,,,,,,,,,,,,,,,,,,,,,,,,,,,,,,,,,,,,,,,,,,,,,,,,,,,,,,,,,,,,,,,,,,,,,,,,,,,,,,,,,,,,,,,,,,,,,,,,,,,,,,,,,,,,,,,,,,,,,,,,,,,,,,,,,,,,,,,,,,,,,,,,,,,,,,,,,,,,,,,,,,,,,,,,,,,,,,,,,,,
96401,pass,0,1,824.0,759.0,116,116,77,109,0,7,-7.0,4,-348,12,,,,,,,290,10,5,5,,,1,1,1,1,1,1,1,1,,,2,2,1,1,,,1,1,,,8,8,3,3,,,3,3,10,10,4,4,12,12,2,2,13,13,2,2,5,5,6,6,5,,2.0,10.458333333333334,7.458333333333333,7.458333333333333,10.458333333333334,,0.9583333333333334,10.458333333333334,11.583333333333334,7.458333333333333,5.083333333333333,3,12,12,12,8,8,8,2,2,2,2,2,11,11,7,7,6,6,2,,,,,,,,,,,,,,,,,,,,,,,,,,,,,,,,,,,,,,,,,,,,,,,,,,,,,,,,,,,,,,,,,,,,,,,,,,,,,,,,,,,,,,,,,,,,,,,,,,,,,,,,,,,,,,,,,,,,,,,,,,,,,,,,,,,,,,,,,,,,,,,,,,,,,,,,,,,,,,,,,,,,,,,,,,,,,,,,,,,,,,,,,,,,,,,,,,,,,,,,,,,,,,,,,,,,,,,,,,,,,,,,,,,,,,,,,,,,,,,,,,,,,,,,,,,,,,,,,,,,,,,,,,,,,,,,,,,,,,,,,,,,,,,,,,,,,,,,,,,,,,,,,,,,,,,,,,,,,,,,,,,,,,,,,,,,,,,,,,,,,,,,,,,,,,,,,,,,,,,,,,,,,,,,,,,,,,,,,,,,,,,,,,,,,,,,,,,,,,,,,,,,
96401,pass,0,2,759.0,314.0,116,116,47,74,0,42,-7.0,4,-348,12,,,,,,,290,10,2,2,,,2,2,1,1,1,1,1,1,,,2,2,1,1,,,,,,,8,8,9,9,,,2,2,5,5,,,12,12,2,2,3,3,2,2,5,5,6,6,42,,2.0,12.0,8.0,12.916666666666666,12.0,,0.5833333333333334,12.0,9.333333333333334,8.0,3.0,3,12,12,12,8,8,15,2,2,2,1,1,2,2,3,3,2,2,,-380,19,-200,4,200,2,7.0,11.916666666666666,7,14,,,,,,,,,,,,,,,,,,,,,,,,,,,,,,,,,,,,,,,,,,,,,,,,,,,,,,,,,,,,,,,,,,,,,,,,,,,,,,,,,,,,,,,,,,,,,,,,,,,,,,,,,,,,,,,,,,,,,,,,,,,,,,,,,,,,,,,,,,,,,,,,,,,,,,,,,,,,,,,,,,,,,,,,,,,,,,,,,,,,,,,,,,,,,,,,,,,,,,,,,,,,,,,,,,,,,,,,,,,,,,,,,,,,,,,,,,,,,,,,,,,,,,,,,,,,,,,,,,,,,,,,,,,,,,,,,,,,,,,,,,,,,,,,,,,,,,,,,,,,,,,,,,,,,,,,,,,,,,,,,,,,,,,,,,,,,,,,,,,,,,,,,,,,,,,,,,,,,,,,,,,,,,,,,,,,,,,,,,,,,,,,,,,,,,,,,,
96401,pass,0,3,314.0,446.0,116,116,63,96,0,20,-7.0,4,-60,2,,,,,,,,,,,,,,,1,1,1,1,1,1,,,2,2,1,1,,,,,,,8,8,4,4,,,3,3,8,8,,,12,12,2,2,6,6,2,2,3,3,6,6,20,,2.0,12.0,8.0,20.041666666666668,12.0,,0.875,12.0,11.375,8.0,0.5833333333333334,,12,12,12,8,8,23,2,2,2,3,3,4,4,8,8,2,2,,,,,,199,2,8.0,20.041666666666668,8,23,3,3,7,7,3,3,3,3,1,1,2.4166666666666665,3,,,,,,,,,,,,,,,,,,,,,,,,,,,,,,,,,,,,,,,,,,,,,,,,,,,,,,,,,,,,,,,,,,,,,,,,,,,,,,,,,,,,,,,,,,,,,,,,,,,,,,,,,,,,,,,,,,,,,,,,,,,,,,,,,,,,,,,,,,,,,,,,,,,,,,,,,,,,,,,,,,,,,,,,,,,,,,,,,,,,,,,,,,,,,,,,,,,,,,,,,,,,,,,,,,,,,,,,,,,,,,,,,,,,,,,,,,,,,,,,,,,,,,,,,,,,,,,,,,,,,,,,,,,,,,,,,,,,,,,,,,,,,,,,,,,,,,,,,,,,,,,,,,,,,,,,,,,,,,,,,,,,,,,,,,,,,,,,,,,,,,,,,,,,,,,,,,,,,,,,,,,,,,,,,,,,,,,,,,,,,,
96401,pass,0,4,446.0,505.0,116,116,66,114,0,2,-7.0,4,-372,12,,,-70,7,,,310,10,2,2,,,2,2,3,3,1,1,1,1,,,2,2,,,,,7,7,,,15,15,6,6,,,4,4,5,5,,,10,10,2,2,4,4,2,2,1,1,9,9,2,,2.0,12.0,7.208333333333333,14.083333333333334,12.0,,0.6666666666666666,12.0,15.041666666666666,7.208333333333333,0.7916666666666666,,12,12,12,8,8,10,2,2,2,4,4,3,3,11,11,2,2,,,,,,198,2,3.625,10.5,1,3,,,4,4,2,2,2,2,,,3.0,3,1,1,7,7,28,3,,,,,,,,,,,,,,,,,,,,,,,,,,,,,,,,,,,,,,,,,,,,,,,,,,,,,,,,,,,,,,,,,,,,,,,,,,,,,,,,,,,,,,,,,,,,,,,,,,,,,,,,,,,,,,,,,,,,,,,,,,,,,,,,,,,,,,,,,,,,,,,,,,,,,,,,,,,,,,,,,,,,,,,,,,,,,,,,,,,,,,,,,,,,,,,,,,,,,,,,,,,,,,,,,,,,,,,,,,,,,,,,,,,,,,,,,,,,,,,,,,,,,,,,,,,,,,,,,,,,,,,,,,,,,,,,,,,,,,,,,,,,,,,,,,,,,,,,,,,,,,,,,,,,,,,,,,,,,,,,,,,,,,,,,,,,,,,,,,,,,,,,,,,,,,,,,,,,,,,,,,,,,,,,,,,,,,,,
96401,pass,0,5,505.0,359.0,116,116,66,98,0,18,-7.0,4,-174,6,,,-20,2,,,957,32,,,1,1,,,,,1,1,1,1,3,3,2,2,,,,,,,,,8,8,7,7,,,6,6,6,6,,,12,12,2,2,6,6,2,2,4,4,5,5,2,,2.0,12.0,7.458333333333333,8.416666666666666,12.0,0.5,0.7083333333333334,12.0,13.625,7.458333333333333,0.041666666666666664,,12,12,12,7,7,7,2,2,2,1,1,9,9,5,5,,,9,,,,,198,2,0.4583333333333333,1.4166666666666667,,,,,4,4,3,3,4,4,2,2,3.0,3,1,1,1,1,4,,-1000.0,1,-100,1,7,1.0416666666666667,1,25,,,,,,,,,,,,,,,,,,,,,,,,,,,,,,,,,,,,,,,,,,,,,,,,,,,,,,,,,,,,,,,,,,,,,,,,,,,,,,,,,,,,,,,,,,,,,,,,,,,,,,,,,,,,,,,,,,,,,,,,,,,,,,,,,,,,,,,,,,,,,,,,,,,,,,,,,,,,,,,,,,,,,,,,,,,,,,,,,,,,,,,,,,,,,,,,,,,,,,,,,,,,,,,,,,,,,,,,,,,,,,,,,,,,,,,,,,,,,,,,,,,,,,,,,,,,,,,,,,,,,,,,,,,,,,,,,,,,,,,,,,,,,,,,,,,,,,,,,,,,,,,,,,,,,,,,,,,,,,,,,,,,,,,,,,,,,,,,,,,,,,,,,,,,,,,,,,,,,,,,,,,,,,,,
96401,pass,0,6,359.0,307.0,208,208,92,161,0,47,-54.0,8,,,,,-10,1,,,116,4,,,,,,,,,2,2,2,2,,,1,1,,,,,,,,,7,7,4,4,2,2,4,4,6,6,,,12,12,2,2,4,4,2,2,4,4,5,5,8,,2.0,16.041666666666668,7.0,11.625,12.0,1.0,1.5416666666666667,12.0,10.541666666666666,7.0,,,12,12,20,7,7,14,2,2,2,1,1,4,4,3,3,3,3,,,,,,196,2,7.0,11.625,7,14,,,5,5,3,3,5,5,1,1,3.0,3,1,1,,,,,,,-300,3,4,13.208333333333334,1,5,15,15,3,3,15,15,12,12,8,8,2,2,1,1,2,2,2,2,1,1,,,2,2,,,2,2,2,2,1,1,2,2,2,2,,31,,4,0.8333333333333334,1.0,9.166666666666666,9.166666666666666,9.166666666666666,0.6666666666666666,1.0,0.9583333333333334,1.0,2,1,2,2,2,15,15,15,,,,,3,3,1,1,,,,,,,,,,,,,,,,,,,,,,,,,,,,,,,,,,,,,,,,,,,,,,,,,,,,,,,,,,,,,,,,,,,,,,,,,,,,,,,,,,,,,,,,,,,,,,,,,,,,,,,,,,,,,,,,,,,,,,,,,,,,,,,,,,,,,,,,,,,,,,,,,,,,,,,,,,,,,,,,,,,,,,,,,,,,,,,,,,,,,,,,,,,,,,,,,,,,,,,,,,,,,,,,,,,,,,,,,,,,,,,,,,,,,,,,,,,,,,,,,,,,,,,,,,,,,,,,,,,,,,,,,,,,,,,,,,,,,,,,,,,,,,,,,,,,,,,,,,,,,,,
96401,pass,0,7,307.0,379.0,208,208,142,196,0,12,-54.0,8,-60,2,,,-10,1,,,,,,,,,,,,,2,2,2,2,,,,,,,,,,,,,7,7,3,3,1,1,4,4,7,7,,,12,12,2,2,5,5,2,2,4,4,8,8,,,2.0,25.25,7.0,18.375,12.0,1.0,0.375,12.0,11.541666666666666,7.0,,,12,12,32,7,7,21,2,2,2,2,2,9,9,6,6,3,3,2,,,,,196,2,7.0,18.375,7,21,,,4,4,3,3,5,5,2,2,3.0,3,1,1,,,,,,,,,4,2.5,1,1,1,1,10,10,14,14,8,8,15,15,1,1,,,3,3,2,2,1,1,2,2,1,1,2,2,2,2,4,4,6,6,4,4,,,,3,,3,14.75,2.75,15.666666666666666,15.666666666666666,15.666666666666666,1.0,2.75,3.0833333333333335,2.75,4,1,3,3,3,16,16,16,1,1,2,2,15,15,2,2,1,1,1,1,2,2,3,,,,,,,,,,,,,,,,,,,,,,,,,,,,,,,,,,,,,,,,,,,,,,,,,,,,,,,,,,,,,,,,,,,,,,,,,,,,,,,,,,,,,,,,,,,,,,,,,,,,,,,,,,,,,,,,,,,,,,,,,,,,,,,,,,,,,,,,,,,,,,,,,,,,,,,,,,,,,,,,,,,,,,,,,,,,,,,,,,,,,,,,,,,,,,,,,,,,,,,,,,,,,,,,,,,,,,,,,,,,,,,,,,,,,,,,,,,,,,,,,,,,,,,,,,,,,,,,,,,,,,,,,,,,,,,,,,,,,,,,,,,,,,,,,,,,,,,,
96401,pass,0,8,379.0,306.0,208,208,136,199,0,9,-54.0,8,-124,4,,,-90,9,,,,,4,4,,,3,3,,,2,2,2,2,,,,,,,4,4,2,2,,,9,9,2,2,3,3,,,3,3,,,10,10,2,2,10,10,2,2,1,1,4,4,9,,2.0,34.166666666666664,4.666666666666667,12.125,12.0,1.0,1.4583333333333333,12.0,14.666666666666666,4.666666666666667,2.3333333333333335,5,12,12,42,2,2,2,2,2,2,4,4,3,3,9,9,1,1,,,,,,195,2,3.5833333333333335,11.041666666666666,,,,,4,4,2,2,6,6,1,1,3.0,3,1,1,7,7,28,3,,,,,,0.2916666666666667,1,,,,14,14,16,16,14,14,15,15,1,1,,,4,4,3,3,1,1,2,2,1,1,,,,,3,3,5,5,1,1,,,,,,,10.25,3.7083333333333335,26.125,16.0,16.0,1.0,3.7083333333333335,4.0,5.125,4,1,4,4,6,16,16,31,1,1,,,1,1,4,4,2,2,6,6,,,2,2,2,12,,3.4166666666666665,2.0,25.125,15.0,2,4,15,30,,,,,,,,,,,,,,,,,,,,,,,,,,,,,,,,,,,,,,,,,,,,,,,,,,,,,,,,,,,,,,,,,,,,,,,,,,,,,,,,,,,,,,,,,,,,,,,,,,,,,,,,,,,,,,,,,,,,,,,,,,,,,,,,,,,,,,,,,,,,,,,,,,,,,,,,,,,,,,,,,,,,,,,,,,,,,,,,,,,,,,,,,,,,,,,,,,,,,,,,,,,,,,,,,,,,,,,,,,,,,,,,,,,,,,,,,,,,,,,,,,,,,,,,,,,,,,,,,,,,,,,,,,,,,,,,,,,,,,,,,,,,
96401,pass,0,9,306.0,2508.0,208,208,123,206,0,2,-54.0,8,,,,,,,,,746,24,2,2,,,2,2,5,5,2,2,2,2,3,3,2,2,,,1,1,1,1,,,1,1,1,1,,,,,3,3,,,12,12,2,2,7,7,2,2,4,4,3,3,,,2.0,46.375,2.625,2.625,12.0,1.0,0.5416666666666666,12.0,12.0,2.625,3.25,1,12,12,54,3,3,3,2,2,2,1,1,10,10,4,4,3,3,,,,,,194,2,,,,,,,3,3,1,1,4,4,1,1,3.0,3,1,1,,,,4,,,-1300,13,,0.8333333333333334,1,3,,,,,15,15,1,1,8,8,2,2,,,5,5,5,5,,,2,2,2,2,2,2,6,6,8,8,7,7,4,4,6,6,2,,,,15.375,5.375,17.833333333333332,9.041666666666666,9.041666666666666,1.0,5.375,6.166666666666667,8.833333333333334,10,1,6,6,11,1,1,2,1,1,2,2,,,1,1,,,6,6,,,4,,,,,6.458333333333333,3.0,17.833333333333332,9.041666666666666,3,8,1,2,2616,12,,,15,15,44,4,4,1,1,4,4,2.5833333333333335,4,,,,,,,,,,,,,,,,,,,,,,,,,,,,,,,,,,,,,,,,,,,,,,,,,,,,,,,,,,,,,,,,,,,,,,,,,,,,,,,,,,,,,,,,,,,,,,,,,,,,,,,3,3,,,,,3,3,2,2,1,1,5,5,,,,1.125,,,,3,,,,,,,,,,,,,,,,,,,,,,,,,,,,,,,,,,,,,,,,,,,,,,,,,,,,,,,,,,,,,,,,,,,,,,,,,,,,,,,,,,,,,,,,,,,,,,,,,,,,,,,,,,,,,,,,,,,,,,,,,,,,,,,,,,,,,,,,,,,,,,,,,
96401,pass,0,10,2508.0,1391.0,253,253,171,242,0,11,-143.0,10,-440,14,,,,,-1600,4,124,4,6,6,,,1,1,2,2,3,3,2,2,,,8,8,,,5,5,2,2,1,1,5,5,2,2,5,5,2,2,6,6,,,11,11,2,2,8,8,3,3,5,5,7,7,,4,2.4166666666666665,48.875,3.875,5.541666666666667,10.666666666666666,0.5833333333333334,1.9583333333333333,10.666666666666666,14.375,3.875,1.4583333333333333,5,6,6,29,5,5,7,3,2,2,3,3,3,3,8,8,1,1,,,,,,,,2.0,3.6666666666666665,2,4,,,3,3,2,2,10,10,5,5,3.0,3,5,5,,,,3,,,,,,1.8333333333333333,,,,,,,1,1,,,,,2,2,,,8,8,7,7,1,1,4,4,1,1,2,2,4,4,9,9,7,7,4,4,8,8,7,,,,11.125,5.875,1.0416666666666667,0.5,0.5,1.0,5.875,11.791666666666666,9.583333333333334,14,1,6,6,9,,,,,,2,2,,,11,11,3,3,12,12,,,6,1,1,3,,6.416666666666667,2.7083333333333335,1.0416666666666667,0.5,2,5,,,,,,,1,1,3,,,1,1,7,7,3.7916666666666665,3,942,24,6,6,36,2,2,8,,,,,,,,,,,,,,,,,,,,32.958333333333336,6.666666666666667,,,,,2,10,,,,,,,,,,,,,1,1,,,,,,,1,1,1,1,,,,,0.125,,,,0.20833333333333334,,,,1,,,,,,,,,,,,,,,,,,,,,,,,,,,,,1,1,,,,,,,2,2,2,2,1,1,1,1,,,,3.0,,,,3,,,,,,,,,,,,,,,,,,,,,,,,,,,,,,,,,,,,,,,,,,,,,,,,,,,,,,,,,,,,,,,,,,,,,,,,,,,,,,,,,,,,,,,,,,,,,,,,,,,,,,,,,,,,,,,,,,,,,,,,,,,,,,,,,,,,,,,,,,,,,,,,,
96401,pass,0,11,1391.0,8229.0,298,298,225,298,0,0,-376.0,12,-264,8,,,-70,7,-1200,3,64,2,5,5,3,3,3,3,1,1,3,3,3,3,5,5,7,7,,,7,7,4,4,2,2,9,9,11,11,4,4,9,9,12,12,,,6,6,4,4,2,2,4,4,7,7,2,2,,,3.25,24.708333333333332,6.458333333333333,9.625,4.916666666666667,1.2916666666666667,1.75,4.916666666666667,11.583333333333334,6.458333333333333,3.0833333333333335,3,1,1,5,9,9,14,5,3,3,6,6,,,1,1,11,11,,,,,,194,2,3.0,6.166666666666667,3,8,,,4,4,2,2,12,12,7,7,3.0,3,6,6,,,,2,,,,,,0.041666666666666664,1,,,,,,,,,,,,1,1,,,6,6,7,7,,,15,15,1,1,1,1,,,7,7,12,12,7,7,3,3,,,,,12.833333333333334,5.958333333333333,,,,1.0,5.958333333333333,14.0,10.083333333333334,14,1,6,6,10,,,,3,3,2,2,,,9,9,2,2,14,14,,,8,1,1,3,,7.541666666666667,3.4166666666666665,,,3,7,,,683,3,-500,1,,,,,,,,3,3,2.9166666666666665,2,874,23,5,5,30,1,1,4,,,,,,,1,1,,,,,,,,,,,,24.708333333333332,4.916666666666667,,,,1,1,5,,,,,7433,29,,,,,,,1,1,,,,,,,2,2,7,7,,,,,0.75,3.0,3.0,3.0,1.0833333333333333,3.0,,1,2,3,3,3,3,,,,,,,,,,,,,,,1,1,3,3,,,,,,,1,1,,,1,1,2,2,2,2,4,4,4,4,2,2,,,,3.0,,,,3,,,1,1,,,,,,,,,,,,,,,,,,,,,,,,,,,,,,,,,,,,,,,,,,,,,,,,,,,,,,,,,,,,,,,,,,,,,,,,,,,,,,,,,,,,,,,,,,,,,,,,,,,,,,,,,,,,,,,,,,,,,,,,,,,,,,,,,,1,1,,,,,,,,,,
96401,pass,0,12,8229.0,17220.0,297,297,229,297,0,0,-376.0,12,-545,16,,,-50,5,,,,,1,1,,,4,4,1,1,4,4,3,3,2,2,6,6,,,3,3,2,2,1,1,9,9,11,11,4,4,7,7,10,10,,,1,1,4,4,1,1,6,6,8,8,,,,,5.291666666666667,4.833333333333333,9.166666666666666,14.375,0.9583333333333334,0.7083333333333334,3.875,0.9583333333333334,12.25,9.166666666666666,2.875,4,,,,9,9,13,6,5,5,8,8,,,1,1,5,5,,,,,,480,5,4.375,9.583333333333334,3,7,,,3,3,1,1,11,11,9,9,3.0,3,5,5,2,2,8,6,,,,,,0.5,,1,,,,,,,,,,,,,,,11,11,5,5,1,1,7,7,2,2,2,2,,,8,8,9,9,5,5,4,4,,,,,11.916666666666666,5.5,,,,1.0,5.5,14.0,11.083333333333334,14,1,5,5,11,,,,5,5,5,5,,,14,14,3,3,16,16,,,7,2,2,5,,10.083333333333334,4.5,,,4,10,,,701,3,,,,,,,,,,10,10,1.5,,,,1,1,6,1,1,4,,,,,,,,,,,,,,,,,,,,4.833333333333333,0.9583333333333334,,,,,,,,,,,8781,37,,,,,,,2,2,,,,,,,4,4,6,6,3,3,7,0.16666666666666666,1.625,5.708333333333333,5.708333333333333,2.4166666666666665,2.3333333333333335,2.4166666666666665,1,2,3,,,,,,,,,,,,,,,,,1,1,2,2,6,6,,,,,,,2,2,,,3,3,3,3,1,1,5,5,4,4,2,2,,,,3.0,,,,3,,,3,3,,,,,,,,,,,,,,,,,,,,,,,,,,,,,,,,,,,,,,,,,,,,,,,,,,,,,,,,,,,,,,,,,,,,,,,,,,,,,,,,,,,,,,,,,,,,,,,,,,,,,,,,,,,,,,,,,,,,,,,,,,,,,,,,,,1,1,,,,,,,,,,
96401,pass,0,13,17220.0,20306.0,298,298,214,292,0,6,-376.0,12,-1874,52,,,-30,3,,,1909,53,2,2,,,4,4,2,2,4,4,3,3,2,2,1,1,,,3,3,4,4,,,12,12,11,11,7,7,4,4,6,6,,,,,5,5,,,6,6,10,10,,,,,6.0,,10.708333333333334,16.958333333333332,,,3.9166666666666665,,9.791666666666666,10.708333333333334,2.2916666666666665,1,,,,12,12,20,6,6,6,9,9,,,,,11,11,1,,,,,475,5,6.875,13.125,6,14,,,4,4,3,3,8,8,12,12,3.0,3,2,2,1,1,3,,,,,,2,1.1666666666666667,,1,,,,,,,,,,,2,2,,,10,10,7,7,1,1,7,7,2,2,1,1,,,8,8,11,11,7,7,,,,,,,13.583333333333334,4.833333333333333,,,,1.0,4.833333333333333,14.0,10.791666666666666,14,1,5,5,10,,,,4,4,2,2,,,3,3,1,1,13,13,1,1,6,,,,,10.125,4.166666666666667,,,3,8,,,1209,5,,,,,,,,1,1,9,9,,,,,,,,2,2,8,,,,,,,1,1,,,,,,,,,,,,,,,,,,,,,,,,1323,6,,,,,,,,,,,1,1,,,2,2,10,10,,,,1.0,2.0833333333333335,3.0,3.0,3.0,3.0,3.0,1,,3,3,3,3,3,450,7,,,,,,,,,,,2,2,3,3,7,7,1,1,,,1,1,3,3,,,3,3,7,7,3,3,1,1,2,2,4,4,,,,3.0,,,,3,1,1,4,4,,,,,,,,,,,,,,,,,,,,,,,,,,,,,,,,,,,,,,,,,,,,,,,,,,,,,,2,,,,,,,,,,,,1,,,,,,,,,,,,,,,,,,,,,,,,,,,,,,,,,,,,,,,,,,,,,,,,,,,,,,,,,,,,,,,,2,2,,,,,,,,,,
96401,pass,0,14,20306.0,20738.0,298,298,211,295,0,3,-376.0,12,-868,24,,,-40,4,,,874,24,1,1,,,3,3,,,2,2,3,3,,,1,1,,,3,3,1,1,,,13,13,12,12,5,5,11,11,5,5,,,,,6,6,,,6,6,5,5,,,,,6.0,,11.5,19.458333333333332,,,3.8333333333333335,,13.875,11.5,1.5,2,,,,11,11,21,6,6,6,11,11,,,,,8,8,2,,,,,842,9,7.25,15.208333333333334,6,16,,,4,4,3,3,7,7,11,11,3.0,3,3,3,2,2,8,1,,,,,1,0.375,,,,,,,,,,,,,3,3,,,7,7,6,6,1,1,11,11,1,1,1,1,,,9,9,8,8,6,6,1,1,,,,,12.5,5.625,,,,1.0,5.625,14.0,9.083333333333334,14,1,6,6,8,,,,2,2,1,1,,,10,10,4,4,17,17,,,7,2,2,6,,5.333333333333333,1.875,,,1,3,,,,,,,,,,,,,,13,13,,,,,,,,2,2,8,,,,,,,1,1,,,,,,,,,,,,,,,,,,,,,,,,,,,,,,,,,,,,1,1,,,1,1,8,8,3,3,8,1.0,2.875,4.583333333333333,4.583333333333333,1.8333333333333333,3.0,1.8333333333333333,1,,3,,,,,,,,,,,,,,,,,2,2,3,3,9,9,1,1,2,2,1,1,3,3,,,3,3,2,2,2,2,1,1,5,5,2,2,,,,3.0,,,,3,1,1,4,4,,,,,,,,,,,,,,1,1,,,,,,,,,1.0,,,1.0,1.0,1.0,1,1,1,1,,,,,,,,,,,,,,,,,,,,,,,,,,,,,,,,,,1,1,,,,,,,,,,,,,,,,,,,,,,,,,,,,,,,,,,,,,,,,,,,,,,,,,,,,,,,,,,,,,,1,1,,,,,,,,,,
96401,pass,0,15,20738.0,23368.0,298,298,224,298,0,0,-376.0,12,-1081,30,,,-50,5,,,1339,37,9,9,,,5,5,1,1,3,3,3,3,7,7,2,2,4,4,3,3,3,3,,,14,14,22,22,4,4,9,9,5,5,,,,,4,4,,,6,6,13,13,,,,,6.0,,11.375,20.541666666666668,,,3.7916666666666665,,10.583333333333334,11.375,1.625,3,,,,10,10,18,6,5,5,7,7,,,,,9,9,,,,,,735,8,8.791666666666666,17.958333333333332,6,14,,,,,,,1,1,3,3,0.125,,,,4,4,16,1,,,,,,0.25,,,,,,,,,,,,,1,1,,,7,7,6,6,1,1,8,8,1,1,2,2,,,7,7,11,11,2,2,,,,,,,13.166666666666666,5.75,,,,1.0,5.75,14.0,8.208333333333334,14,1,6,6,8,,,,,,3,3,,,12,12,1,1,20,20,1,1,8,,,,,4.875,2.4166666666666665,,,2,4,,,1542,6,,,,,,,,2,2,10,10,,,,,,,,1,1,4,,,,,,,,,,,,,,,,,,,,,,,,,,,,,,,,,,,,,,,,,,1,1,1,1,,,3,3,8,8,,,,1.0,2.0833333333333335,,,,3.0,,1,,3,,,,,521,8,,,,,,,,,,,2,2,3,3,7,7,1,1,1,1,1,1,3,3,,,3,3,4,4,2,2,3,3,5,5,3,3,,,,3.0,,,,3,1,1,1,1,,,,,,,,,,,,,,,,,,,,,,,,1.75,,,0.5833333333333334,1.75,0.5833333333333334,,,,,,,,1,1,3,2,2,,,2.875,3,,,,,,,,,,,,,,,,,,,,,,,,,,,,,,,,,,,,,,,,,,,,,,,,,,,,,,,,,,,,,,,,,,,,,,,,,,,,,,,,,,,,,,,,,,,,,,,,
96401,pass,0,16,23368.0,24081.0,298,298,215,296,0,2,-376.0,12,-437,12,-80,1,-30,3,,,807,22,2,2,,,5,5,,,3,3,3,3,7,7,,,3,3,1,1,4,4,,,13,13,19,19,7,7,10,10,5,5,,,,,6,6,,,5,5,6,6,,,,1,6.0,,10.75,18.833333333333332,,,5.125,,9.708333333333334,10.75,2.4583333333333335,3,,,,12,12,20,6,6,6,4,4,,,,,8,8,,,,,,633,7,6.166666666666667,14.25,5,13,,,,,,,,,7,7,,,,,2,2,8,1,,,,,,,,,,,,,,,,,,,,,,,7,7,5,5,1,1,14,14,1,1,3,3,,,11,11,11,11,10,10,,,,,,1,11.333333333333334,6.0,,,,1.0,6.0,14.0,11.25,14,1,6,6,13,,,,,,2,2,,,7,7,2,2,18,18,,,4,2,2,5,,10.25,5.0,,,5,12,,,,,,,,,,,,,,12,12,,,,,,,,,,,,,,,,,,,,,,,,,,,,,,,,,,,1,,,,,,,,,,,,,,,,,2,2,1,1,,,1,1,8,8,,,,1.0,1.75,,,,3.0,,1,,3,,,,,196,3,,,,,,,,,,,2,2,3,3,7,7,1,1,1,1,1,1,3,3,,,3,3,4,4,3,3,1,1,9,9,3,3,,,,3.0,,,,3,1,1,3,3,,,,,,,,,,,,,,,,,,,,,,,,1.0,,,0.5,1.0,0.5,,,,,,,,1,1,2,1,1,2,2,2.7916666666666665,1,1,1,2,2,4,,,,,1.2083333333333333,2.4166666666666665,2.4166666666666665,1.2083333333333333,,,,,,,,,,,,,,,,,,,,,,,,,,,,,,,,,,,,,,,,,,,,,,,,,,,,,,,,,,,,,,,,,,,,,,,,,,,,,,,,,,,
96401,pass,0,17,24081.0,26707.0,298,298,201,287,0,11,-376.0,12,-259,7,-80,1,-60,6,,,222,6,7,7,,,5,5,3,3,4,4,3,3,6,6,,,3,3,1,1,5,5,,,15,15,12,12,7,7,9,9,7,7,,,,,4,4,,,6,6,8,8,,,,3,6.0,,12.5,19.375,,,3.1666666666666665,,11.041666666666666,12.5,2.5416666666666665,3,,,,13,13,18,6,6,6,8,8,,,,,3,3,3,,,,,799,9,6.25,13.125,4,9,,,,,,,,,4,4,,,,,4,4,15,2,,,,,,0.6666666666666666,,1,,,,,,,,,,,,,,,4,4,6,6,1,1,7,7,1,1,1,1,,,10,10,14,14,9,9,2,2,,,,2,12.666666666666666,4.625,,,,1.0,4.625,14.0,11.166666666666666,14,1,4,4,11,,,,,,1,1,,,6,6,4,4,17,17,,,4,,,,,11.166666666666666,4.625,,,4,11,,,1358,5,,,,,,,,,,12,12,,,,,,,,2,2,8,,,,,,,,,,,,,,,,,,,,,,,,,,,,,,,,,,,,,,,,,,2,2,1,1,,,2,2,6,6,,,,1.0,1.9166666666666667,,,,3.0,,1,,3,,,,,132,2,,,,,,,,,,,1,1,3,3,7,7,1,1,2,2,1,1,3,3,,,3,3,2,2,3,3,4,4,3,3,2,2,,,,3.0,,,,3,1,1,2,2,,,,,,,,1,1,1,1,1,1,1,1,1,1,,,1,1,,0.7083333333333334,1.0,0.7083333333333334,0.7083333333333334,0.5,1.0,0.5,,,,,1,1,1,1,1,2,1,1,1,1,0.9583333333333334,,,,1,1,2,,,,,1.625,2.25,2.25,1.625,,,890,4,,,,2,,,,,,,,,,1,,,,,,,,,,,,,,,,,,1,1,1,1,,,,,,,,,,,,,,,,,,,,,,,,,,,,,,,,,1,1,,,,,,,,,,
96401,pass,0,18,26707.0,27972.0,297,297,192,286,0,11,-376.0,12,-336,9,,,-40,4,,,830,22,1,1,,,4,4,1,1,2,2,4,4,4,4,2,2,3,3,1,1,3,3,,,15,15,14,14,4,4,11,11,7,7,,,,,5,5,,,6,6,10,10,,,,,6.0,,13.708333333333334,20.708333333333332,,,3.875,,12.0,13.708333333333334,2.2916666666666665,1,,,,15,15,25,6,6,6,7,7,,,,,4,4,5,,,-100,2,697,8,7.458333333333333,14.458333333333334,7,17,,,,,,,,,6,6,,,,,1,1,4,1,,,,,,0.75,,1,,,,,,,,,,,3,3,1,1,3,3,7,7,1,1,5,5,1,1,,,,,12,12,13,13,9,9,1,1,2,,,1,12.041666666666666,3.75,,,,0.625,3.75,14.0,8.375,14,1,4,4,6,,,,,,1,1,,,4,4,,,13,13,,,3,3,3,11,,7.083333333333333,2.4583333333333335,,,1,3,,,,,,,,,,,,2,2,7,7,,,,,,,,3,3,12,,,,,,,,,,,,,,,,,,,,,,,,,,,,,,,,,,,,,,,,,,2,2,1,1,,,2,2,8,8,,,,1.0,2.7916666666666665,,,,3.0,,1,,3,,,,,133,2,,,,,,,,,,,2,2,3,3,9,9,1,1,2,2,1,1,3,3,,,3,3,5,5,3,3,1,1,4,4,2,2,,,,3.0,,,,3,1,1,2,2,,,,,,,,,,3,3,,,,,7,7,,,1,1,,1.0,,1.0,1.0,,,,,,,,1,1,1,,,,2,2,,,,,,,2,2,4,,,,,2.0833333333333335,3.1666666666666665,3.1666666666666665,2.0833333333333335,,,457,2,1,1,5,,1,1,1,1,0.875,1,1,6,,,1,1,3,,,,,,,,,,,,,,,1,1,1,1,,,,,,,,,,,,,,,,,,,,,,,,,,,,,,,,,,,1,1,,,,,,,,
96401,pass,0,19,27972.0,34709.0,297,297,185,281,0,16,-376.0,12,-380,10,,,-50,5,,,610,16,1,1,,,,,,,3,3,3,3,,,,,,,2,2,3,3,,,16,16,15,15,6,6,9,9,15,15,,,,,6,6,,,6,6,12,12,,,,,6.0,,14.583333333333334,24.541666666666668,,,3.1666666666666665,,13.041666666666666,14.583333333333334,1.4166666666666667,1,,,,15,15,27,6,6,6,7,7,,,,,7,7,8,,,,,,,10.5,20.458333333333332,9,21,,,,,,,,,4,4,,,,,3,3,12,2,,,,,,0.4166666666666667,,,,,,,,,,,,,2,2,,,8,8,6,6,1,1,4,4,,,,,,,13,13,10,10,5,5,,,,,6,,11.208333333333334,4.583333333333333,,,,1.0,4.583333333333333,14.0,5.625,14,1,5,5,5,,,,,,5,5,,,4,4,1,1,18,18,,,1,2,2,11,,1.5416666666666667,0.5,,,,,,,4866,17,,,,,,,,1,1,12,12,,,,,,,,1,1,4,,,,,,,,,,,,,,,,,,,,,,,,,,,,,,,,,,,,,,,,,,1,1,1,1,,,1,1,6,6,,,,1.0,2.6666666666666665,,,,3.0,,1,,3,,,,,,,,,,,,,,,,,,,3,3,6,6,1,1,1,1,1,1,3,3,,,3,3,2,2,3,3,1,1,2,2,3,3,,,,3.0,,,,3,1,1,,,,,,,,,,,,3,3,1,1,,,4,4,,,3,3,,1.0,,1.0,1.0,,,,,,,,1,1,1,,,,4,4,,,,,1,1,4,4,9,,,,2,6.208333333333333,9.083333333333334,9.083333333333334,6.208333333333333,1126,5,941,4,,,,,,,,,,1,1,6,,,1,1,,,,,,,4.0,4.0,3.0,3.0,,3,4,3,4,4,4,4,4,,,,,,,,,,,,,,,,,,,,,,,,,,,,,,,,,,,,,3,3,,,,,,
96401,pass,0,20,34709.0,42598.0,293,293,197,285,0,8,-376.0,12,-390,10,,,-40,4,,,624,16,1,1,,,3,3,,,3,3,3,3,1,1,,,,,3,3,2,2,,,15,15,17,17,4,4,8,8,13,13,,,,,4,4,,,6,6,7,7,,,,1,6.0,,14.458333333333334,27.25,,,3.625,,11.625,14.458333333333334,1.5416666666666667,3,,,,13,13,25,6,5,5,10,10,,,,,7,7,4,,,,,1021,12,10.625,23.416666666666668,8,20,,,,,,,,,5,5,,,,,4,4,16,2,,,,,,,,,,,,,,,,,,,,,,,5,5,5,5,,,5,5,,,,,,,13,13,10,10,3,3,,,,,,3,12.041666666666666,5.0,,,,1.0,5.0,14.0,6.75,14,1,5,5,8,,,,,,4,4,,,7,7,,,24,24,,,3,4,4,12,,4.75,3.0,,,3,6,,,4906,17,,,,,,,,,,13,13,,,,,,,,,,,,,,,,,,,,,,,,,,,,,,,,,,,,,,,,,,,,,,,,,,,,,,1,1,,,2,2,5,5,,,,1.0,2.5,,,,3.0,,1,,3,,,,,,,,,,,,,,,,,1,1,3,3,10,10,1,1,2,2,1,1,3,3,,,3,3,4,4,3,3,2,2,3,3,2,2,,,,3.0,,,,3,2,2,1,1,,,,,,,,,,4,4,,,,,4,4,,,1,1,,1.0,,1.0,1.0,,,,,,,,1,1,1,,,,6,6,,,,,,,1,1,2,,,,,9.375,9.75,9.75,9.375,,,2144,9,,,,,,,,,,2,2,9,,,,,,,,1,1,2,2.75,2.75,2.375,2.375,,2,2,2,2,9,9,9,9,,,,,,,,,,,,,,,,,,,,,,,,,,,,,,,,,,,2,2,1,1,,,,,,
96401,pass,0,21,42598.0,50138.0,298,298,204,294,0,4,-376.0,12,-397,10,,,-30,3,,,759,19,1,1,,,1,1,,,3,3,3,3,4,4,,,,,1,1,4,4,,,14,14,13,13,5,5,8,8,14,14,,,,,4,4,,,6,6,8,8,,,,,6.0,,12.875,24.583333333333332,,,3.0416666666666665,,11.125,12.875,2.6666666666666665,3,,,,12,12,21,6,6,6,9,9,,,,,7,7,1,,,,,417,5,9.208333333333334,20.916666666666668,6,15,,,,,,,,,11,11,,,,,5,5,18,5,,,,,,,,,,,,,,,,,,,,,,,8,8,5,5,1,1,2,2,,,,,,,11,11,10,10,7,7,,,,,,1,10.833333333333334,5.0,,,,1.0,5.0,14.0,10.791666666666666,14,1,5,5,13,,,,,,3,3,,,12,12,1,1,17,17,,,3,2,2,6,,10.791666666666666,5.0,,,5,13,,,6182,21,,,,,,,,,,14,14,,,,,,,,,,,1,1,1,1,,,,,,,,,,,,,,,0.4583333333333333,,,0.4583333333333333,0.4583333333333333,,,,,1,1,1,,,,,,,,,,,,1,1,1,1,,,1,1,5,5,,,,1.0,2.6666666666666665,,,,3.0,,1,,3,,,,,,,,,,,0,2,,,,,2,2,3,3,8,8,1,1,1,1,1,1,3,3,,,3,3,6,6,,,1,1,1,1,4,4,,,,3.0,,,,3,1,1,,,,,,,,,,,,5,5,1,1,,,3,3,,,2,2,,1.0,,1.0,1.0,,,,,,,,1,1,1,,,,,,,,,,1,1,8,8,19,,,,,8.916666666666666,14.0,14.0,8.916666666666666,,,985,4,1,1,4,2,,,,,,1,1,3,,,,,,,,2,2,5,6.5,6.5,2.8333333333333335,2.8333333333333335,,1,2,1,2,5,5,5,5,,,,,,,,,,,,,,2,2,,,,,,,,,,,,,,,,,,,,,,2,2,1,1,,,,
96401,pass,0,22,50138.0,59451.0,292,292,199,292,0,0,-376.0,12,-400,10,,,-70,7,,,600,15,7,7,,,3,3,,,3,3,3,3,1,1,,,,,,,3,3,,,12,12,10,10,3,3,11,11,17,17,,,,,5,5,,,6,6,10,10,,,,,6.0,,12.125,21.416666666666668,,,3.7083333333333335,,9.708333333333334,12.125,2.875,3,,,,12,12,20,6,6,6,8,8,,,,,12,12,,,,,,657,8,6.75,16.041666666666668,5,13,,,,,,,,,8,8,,,,,3,3,12,3,,,,,,0.25,,,,,,,,,,,,,3,3,,,8,8,8,8,,,6,6,,,,,,,9,9,7,7,16,16,,,,,,,14.75,4.75,,,,1.0,4.75,14.0,10.958333333333334,14,1,5,5,9,,,,,,5,5,,,1,1,,,5,5,,,7,4,4,11,,9.916666666666666,3.7083333333333335,,,2,6,,,2078,7,,,,,,,,1,1,8,8,,,,,,,,3,3,12,,,1,1,,,,,,,,,,,,,,,1.0,,,1.0,1.0,,,,,1,1,1,,,,,,1,1,,,,,3,3,1,1,,,2,2,8,8,,,,1.0,2.5833333333333335,,,,3.0,,1,,3,,,,,,,0,6,,,,,,,,,1,1,3,3,6,6,1,1,1,1,1,1,3,3,,,3,3,4,4,3,3,3,3,4,4,1,1,,,,3.0,,,,3,1,1,2,2,,,,,,,,,,2,2,,,,,5,5,,,1,1,,1.0,,1.0,1.0,,,,,,,,1,1,1,,,,1,1,,,,,1,1,5,5,13,,,,,4.208333333333333,11.708333333333334,11.708333333333334,4.208333333333333,896,4,5928,24,,,,,,,,,,2,2,6,,,1,1,,,,1,1,2,1.5833333333333333,1.5833333333333333,0.7916666666666666,0.7916666666666666,,,,,,1,3,1,3,,,,,,,,,,,,,,2,2,,,,,,,,,,,,,,,,,,,,1,1,2,2,,,,,,
96401,pass,0,23,59451.0,68852.0,293,293,209,290,0,3,-376.0,12,-410,10,,,-60,6,,,738,18,1,1,,,6,6,2,2,3,3,3,3,3,3,4,4,4,4,1,1,5,5,,,15,15,19,19,4,4,6,6,12,12,,,,,2,2,,,6,6,12,12,,,,,6.0,,12.333333333333334,19.958333333333332,,,3.1666666666666665,,11.708333333333334,12.333333333333334,2.6666666666666665,1,,,,14,14,22,6,6,6,8,8,,,,,15,15,,,,,,644,8,7.541666666666667,15.166666666666666,6,14,,,,,,,,,5,5,,,,,3,3,12,3,,,,,,0.75,,3,,,,,,,,,,,,,,,6,6,5,5,1,1,5,5,,,,,,,9,9,8,8,8,8,6,6,,,,1,12.375,4.333333333333333,,,,1.0,4.333333333333333,12.25,7.083333333333333,12,1,3,3,3,,,,,,1,1,,,7,7,1,1,9,9,,,3,2,2,4,,4.083333333333333,1.3333333333333333,,,,,,,5134,17,,,,,,,,5,5,5,5,,,,,,,,2,2,8,,,1,1,1,1,,,,,,,,,,,,,1.3333333333333333,,,1.0,1.0,,,,,1,1,2,,,,,,,,,,,,2,2,1,1,,,2,2,11,11,,,,1.0,2.6666666666666665,,,,3.0,,1,,3,,,,,,,,,,,,,,,,,2,2,3,3,5,5,1,1,1,1,1,1,3,3,,,3,3,2,2,2,2,3,3,1,1,2,2,,,1.3333333333333333,3.0,1.0,1,2,3,1,1,1,1,,,,,,,,,,3,3,1,1,,,6,6,,,2,2,,1.0,,1.8333333333333333,1.0,,,,,,,,1,1,2,,,,1,1,,,,,,,1,1,2,,,,,7.625,8.208333333333334,8.208333333333334,7.625,,,3731,15,,,,2,,,1,1,1.6666666666666667,1,1,3,,,,,,,,,,,4.0,4.0,3.0,3.0,1,3,4,3,4,7,7,7,7,,,,,,,,,,,,,,,,,,,,,,,,,,,,,,,,,,,,,,,,,,,,
96401,pass,0,24,68852.0,72061.0,298,298,206,296,0,2,-376.0,12,-420,10,,,-60,6,,,840,20,1,1,,,2,2,1,1,3,3,2,2,2,2,1,1,,,,,2,2,,,11,11,20,20,4,4,14,14,20,20,,,,,5,5,,,6,6,11,11,,,,,6.0,,14.0,22.75,,,3.375,,12.708333333333334,14.0,1.5833333333333333,2,,,,14,14,24,6,6,6,4,4,,,,,9,9,1,,,,,553,7,7.958333333333333,16.708333333333332,7,17,,,,,,,,,11,11,,,,,2,2,8,7,,,,,,1.5416666666666667,,,,,,,,,,,,,6,6,,,6,6,9,9,,,5,5,,,,,,,9,9,7,7,5,5,1,1,,,,,8.208333333333334,5.541666666666667,,,,1.0,5.541666666666667,10.083333333333334,7.0,10,1,9,9,12,,,,,,5,5,,,13,13,,,7,7,,,2,3,3,8,,4.458333333333333,3.0,,,3,6,,,2162,7,,,,,,,,,,11,11,,,,,,,,,,,,,1,1,,,,,,,,,,,,,,,0.875,,,0.4166666666666667,0.4166666666666667,,,,,,,,,,,,,,,,,,,,,1,1,,,1,1,6,6,,,,1.0,2.9583333333333335,,,,3.0,,1,,3,,,,,,,,,,,,,,,,,,,3,3,7,7,1,1,2,2,1,1,3,3,,,3,3,2,2,1,1,3,3,7,7,3,3,,,0.875,3.0,0.4166666666666667,,,3,1,1,1,1,1,1,3,,,,,,,3,3,1,1,,,5,5,,,1,1,,1.0,,2.875,1.0,,,,,,,,1,1,3,,,,3,3,,,,,1,1,,,,,,,,9.083333333333334,9.083333333333334,9.083333333333334,9.083333333333334,,,510,2,1,1,4,,,,3,3,1.8333333333333333,2,2,6,,,,,1,,,1,1,2,3.5,3.5,2.75,2.75,,2,2,2,2,9,9,9,9,,,,,,,,,,,,,,,,,,,,,,,,,,,,,,,,,,,,,3,3,,,,,,
96401,pass,0,25,72061.0,78371.0,298,298,200,292,0,6,-376.0,12,-430,10,,,-40,4,,,344,8,4,4,,,2,2,,,3,3,3,3,,,,,,,1,1,5,5,,,18,18,17,17,6,6,6,6,12,12,,,,,3,3,,,6,6,11,11,,,,,6.0,,14.625,25.0,,,3.0833333333333335,,9.125,14.625,1.375,1,,,,15,15,25,6,6,6,7,7,,,,,20,20,2,,,,,849,11,9.958333333333334,20.333333333333332,8,18,,,,,,,,,5,5,,,,,4,4,16,1,,,,,,,,,,,,,,,,,,,,,,,8,8,9,9,1,1,5,5,1,1,,,,,6,6,10,10,4,4,,,,,1,,14.875,9.0,,,,1.0,9.0,10.0,13.125,10,1,9,9,15,,,,,,4,4,,,13,13,1,1,10,10,,,4,3,3,6,,7.125,3.0,,,3,9,,,4392,14,,,,,,,,,,11,11,,,153,3,,,,,,,,,,,,,,,,,,,,,,,,,,,,,,,,,,,,,,,,,,,,,,,,1,1,1,1,,,,,5,5,,,,1.0,2.1666666666666665,,,,3.0,,1,,3,,,,,,,,,,,,,,,,,2,2,3,3,7,7,1,1,2,2,1,1,3,3,,,3,3,2,2,3,3,1,1,1,1,2,2,,,,3.0,,,,3,1,1,3,3,,,,,,,,,,4,4,1,1,1,1,5,5,,,1,1,,1.0,,3.7916666666666665,1.0,,,,,,,,1,1,4,,,,,,,,,,1,1,6,6,13,,,,1,7.5,11.458333333333334,11.458333333333334,7.5,896,4,522,2,,,,2,,,,,,1,1,3,,,,,,,,3,3,6,4.583333333333333,4.583333333333333,2.2916666666666665,2.2916666666666665,,,,,,4,4,4,4,,,,,,,,,,,,,,,,,,,,,,,,,,,,,,,,,,,1,1,1,1,,,,,,
96401,pass,0,26,78371.0,86732.0,298,298,192,291,0,7,-376.0,12,-440,10,,,,,,,839,19,3,3,,,3,3,4,4,3,3,3,3,,,17,17,,,7,7,,,,,14,14,9,9,5,5,7,7,11,11,,,,,6,6,,,6,6,7,7,,,,1,6.0,,13.666666666666666,24.958333333333332,,,3.5833333333333335,,9.958333333333334,13.666666666666666,1.2083333333333333,1,,,,12,12,24,6,6,6,6,6,,,,,7,7,1,-220,11,,,677,9,8.666666666666666,19.958333333333332,7,19,,,,,,,,,7,7,,,,,3,3,11,1,,,,,,1.625,,6,3,3,1,1,3,3,1,1,,,,,,,5,5,9,9,1,1,5,5,2,2,,,,,4,4,2,2,4,4,5,5,3,,,,6.875,7.25,1.2916666666666667,1.2916666666666667,1.2916666666666667,1.0,7.25,4.25,12.708333333333334,4,1,6,6,12,3,3,3,,,4,4,4,4,1,1,,,6,6,,,,4,4,9,,12.708333333333334,7.25,,,6,12,,,2865,9,,,,,,,,6,6,8,8,,,,,,,,3,3,12,3,3,3,3,1,1,,,,,,,,,,,,,1.125,,,1.125,1.125,,,,,3,3,3,,,,,,1,1,,,,,2,2,1,1,,,2,2,4,4,,,,1.0,2.0,,,,3.0,,1,,3,,,,,,,,,,,,,,,,,,,3,3,9,9,1,1,3,3,1,1,3,3,,,3,3,4,4,,,,,,,,,2,2,,0.125,,,,,1,1,,,,,,,,,,,,4,4,1,1,,,4,4,,,2,2,,1.0,0.8333333333333334,4.916666666666667,1.0,0.4166666666666667,0.8333333333333334,0.4166666666666667,,,,,1,1,5,1,1,2,,,,,2.875,3,1,1,4,4,11,,,,2,2.0,5.5,5.5,2.0,,,5016,19,,,,,,,6,6,4.583333333333333,2,2,6,,,,,,,,,,,,,,,,,,,,,,,,,,,,,,,,,,,,,1,1,,,,,,,,,,,,,,,,,,,,1,1,1,1,,,1,1,,
96401,pass,0,27,86732.0,95418.0,293,293,184,259,0,34,-376.0,12,-440,10,,,,,,,882,20,11,11,,,3,3,13,13,3,3,3,3,3,3,13,13,,,3,3,,,,,11,11,5,5,4,4,3,3,9,9,,,,,6,6,,,6,6,6,6,,,,9,6.0,,9.375,19.5,,,2.7083333333333335,,8.375,9.375,3.8333333333333335,7,,,,7,7,16,6,6,6,7,7,,,,,10,10,1,,,,,733,10,9.375,19.5,7,16,,,,,,,,,4,4,,,,,5,5,19,,,,,,,8.5,,11,,,5,5,3,3,4,4,1,1,,,,,9,9,6,6,1,1,4,4,1,1,,,,,,,,,,,4,4,,1,,9,5.666666666666667,6.0,3.0,3.0,3.0,1.0,6.0,0.16666666666666666,15.125,,1,6,6,18,3,3,3,,,3,3,3,3,12,12,1,1,,,,,,2,2,5,,15.125,6.0,,,6,18,,,4821,15,,,,,,,,2,2,,,,,,,,,,,,,,,3,3,2,2,,,,,,,,,,,,,3.0,,,3.0,3.0,,,,,3,3,3,,,,,,1,1,,,,,,,1,1,,,1,1,7,7,,,,1.0,2.4166666666666665,,,,3.0,,1,,3,,,,,147,2,,,,,,,,,,,1,1,3,3,7,7,1,1,2,2,1,1,3,3,,,3,3,3,3,,,,,,,,,2,2,,,,,,,1,1,,,,,,,,,,,,3,3,1,1,,,5,5,,,1,1,,0.25,0.8333333333333334,1.375,0.25,0.4166666666666667,0.8333333333333334,0.4166666666666667,,,,,,,,1,1,2,,,1,1,2.7916666666666665,2,1,1,,,,,,,4,,,,,,,2919,11,1,1,4,,,,4,4,2.0833333333333335,1,1,3,,,,,,,,,,,,,,,,,,,,,,,,,,1,1,6,,,1.375,0.25,,,,,,,,,,,,,,,,,,,,,10,,,,,1,1,1,1,,,,,,
96401,pass,0,28,95418.0,102028.0,298,298,149,221,0,77,-376.0,12,-19333,431,,,,,,,20638,460,9,9,,,11,11,15,15,4,4,3,3,5,5,8,8,3,3,4,4,,,,,7,7,7,7,4,4,1,1,2,2,,,,,6,6,,,6,6,7,7,,,,11,6.0,,6.166666666666667,16.416666666666668,,,3.25,,4.958333333333333,6.166666666666667,8.291666666666666,11,,,,5,5,15,6,6,6,6,6,,,,,1,1,4,,,,,643,9,6.166666666666667,16.416666666666668,5,15,,,,,,,,,1,1,,,,,2,2,8,,,,,,,14.166666666666666,,17,,,1,1,3,3,1,1,1,1,,,,,1,1,6,6,1,1,1,1,1,1,,,,,,,,,,,9,9,12,,,33,4.916666666666667,2.8333333333333335,4.583333333333333,3.0,3.0,1.0,2.8333333333333335,,8.75,,1,,,,3,3,6,,,,,4,4,,,,,,,,,,4,4,10,,8.75,2.8333333333333335,4.583333333333333,3.0,,,3,6,2619,8,,,,,,,,15,15,,,,,,,,,,6,6,24,,,3,3,4,4,,,,,,,,,,,,,4.291666666666667,,,3.0,3.0,,,,,3,3,6,,1377,6,,,,,,,,,1,1,1,1,,,,,6,6,,,,1.0,2.6666666666666665,,,,3.0,,1,,3,,,,,148,2,,,,,,,,,,,2,2,3,3,5,5,1,1,2,2,1,1,3,3,,,3,3,4,4,,,,,,,,,3,3,4.291666666666667,,3.0,3,6,,1,1,,,,,,,,,,,,,,,,,,,,,,,,,,0.5833333333333334,,,0.2916666666666667,0.5833333333333334,0.2916666666666667,,,,,,,,1,1,2,,,2,2,1.5416666666666667,,,,,,,,,,11,,,,,894,4,,,,,,,,,,,,2,2,6,4,,,,,,,,,,,,,,,,,,,,,,,,,,,,,,,,,,1,1,,,,,,,,,,,,,,,,,,,,,,,,,,,,,,2,
96401,pass,0,29,102028.0,112438.0,281,281,199,249,0,32,-376.0,12,,,,,,,,,2429,54,15,15,,,14,14,25,25,5,5,4,4,8,8,12,12,2,2,11,11,,,,,2,2,3,3,9,9,,,,,,,,,,,,,4,4,9,9,,,,8,6.0,,3.217391304347826,10.0,,,3.6956521739130435,,5.043478260869565,3.217391304347826,13.608695652173912,,,,,,,,,5,5,6,6,,,,,2,2,8,,,,,1303,19,3.217391304347826,10.0,,,,,,,,,,,10,10,,,,,3,3,9,,,,,,,18.869565217391305,,,,,,,,,,,,,,,,,,,,,1,1,,,1,1,,,,,,,,,,,14,14,16,,,,1.6521739130434783,,2.260869565217391,1.1304347826086956,1.1304347826086956,1.0,,,,,,,,,,,,,,,,,,,,1,1,,,,,,1,1,3,,,,2.260869565217391,1.1304347826086956,,,,,6279,19,,,3,3,6,,,9,9,,,,,550,10,,,,,,,,,,,3,3,,,,,,,,,,,,,4.3478260869565215,,,2.1739130434782608,2.1739130434782608,,,,,,,,,,,,,,,,,,,5,5,,,,,5,5,8,8,,,,1.0,2.782608695652174,,,,3.0,,,,,,,,,225,3,,,,,,,,,,,,,3,3,6,6,1,1,2,2,1,1,2,2,,,,,11,11,,,,,,,,,1,1,4.3478260869565215,,2.1739130434782608,,,,,,,,2,2,4,,,,,,,,,,,,,,,,,,,,,0.30434782608695654,,,0.30434782608695654,0.30434782608695654,0.30434782608695654,,,,,,,,1,1,1,,,,,,,,,,,,,,,,,,,,,,,,,,,,,,,,,1,1,3,,,,,,,,,,,,,,,,,,,,,,,,,,,,,,,,,,,1,1,,,,,10,10,,,,,,,7,7,,,,,,,,,,,,,,,,,
96401,pass,1,0,3000.0,824.0,116,116,44,86,0,30,-7.0,4,-941,33,-960,12,-80,8,-800,2,612,21,5,5,2,2,7,7,2,2,1,1,1,1,1,1,2,2,4,4,1,1,7,7,2,2,7,7,6,6,3,3,1,1,4,4,8,8,8,8,2,2,3,3,2,2,2,2,5,5,18,12,1.2916666666666667,3.2916666666666665,4.541666666666667,4.541666666666667,3.2916666666666665,0.5,0.375,3.2916666666666665,0.625,4.541666666666667,15.375,8,8,8,8,7,7,7,2,,,,,,,,,,,,,,,,,,,,,,,,,,,,,,,,,,,,,,,,,,,,,,,,,,,,,,,,,,,,,,,,,,,,,,,,,,,,,,,,,,,,,,,,,,,,,,,,,,,,,,,,,,,,,,,,,,,,,,,,,,,,,,,,,,,,,,,,,,,,,,,,,,,,,,,,,,,,,,,,,,,,,,,,,,,,,,,,,,,,,,,,,,,,,,,,,,,,,,,,,,,,,,,,,,,,,,,,,,,,,,,,,,,,,,,,,,,,,,,,,,,,,,,,,,,,,,,,,,,,,,,,,,,,,,,,,,,,,,,,,,,,,,,,,,,,,,,,,,,,,,,,,,,,,,,,,,,,,,,,,,,,,,,,,,,,,,,,,,,,,,,,,,,,,,,,,,,,,,,,,,,,,,,,,,,,,,,,,,,,,,,,,,,,,,,,,,,,,,,,,,,,,,,,,,,,,,,
96401,pass,1,1,824.0,759.0,116,116,77,109,0,7,-7.0,4,-348,12,,,,,,,290,10,5,5,,,1,1,1,1,1,1,1,1,,,2,2,1,1,,,1,1,,,8,8,3,3,,,3,3,10,10,4,4,12,12,2,2,13,13,2,2,5,5,6,6,5,,2.0,10.458333333333334,7.458333333333333,7.458333333333333,10.458333333333334,,0.9583333333333334,10.458333333333334,11.583333333333334,7.458333333333333,5.083333333333333,3,12,12,12,8,8,8,2,2,2,2,2,11,11,7,7,6,6,2,,,,,,,,,,,,,,,,,,,,,,,,,,,,,,,,,,,,,,,,,,,,,,,,,,,,,,,,,,,,,,,,,,,,,,,,,,,,,,,,,,,,,,,,,,,,,,,,,,,,,,,,,,,,,,,,,,,,,,,,,,,,,,,,,,,,,,,,,,,,,,,,,,,,,,,,,,,,,,,,,,,,,,,,,,,,,,,,,,,,,,,,,,,,,,,,,,,,,,,,,,,,,,,,,,,,,,,,,,,,,,,,,,,,,,,,,,,,,,,,,,,,,,,,,,,,,,,,,,,,,,,,,,,,,,,,,,,,,,,,,,,,,,,,,,,,,,,,,,,,,,,,,,,,,,,,,,,,,,,,,,,,,,,,,,,,,,,,,,,,,,,,,,,,,,,,,,,,,,,,,,,,,,,,,,,,,,,,,,,,,,,,,,,,,,,,,,,,,,,,,,,,
96401,pass,1,2,759.0,314.0,116,116,47,74,0,42,-7.0,4,-348,12,,,,,,,290,10,2,2,,,2,2,1,1,1,1,1,1,,,2,2,1,1,,,,,,,8,8,9,9,,,2,2,5,5,,,12,12,2,2,3,3,2,2,5,5,6,6,42,,2.0,12.0,8.0,12.916666666666666,12.0,,0.5833333333333334,12.0,9.333333333333334,8.0,3.0,3,12,12,12,8,8,15,2,2,2,1,1,2,2,3,3,2,2,,-380,19,-200,4,200,2,7.0,11.916666666666666,7,14,,,,,,,,,,,,,,,,,,,,,,,,,,,,,,,,,,,,,,,,,,,,,,,,,,,,,,,,,,,,,,,,,,,,,,,,,,,,,,,,,,,,,,,,,,,,,,,,,,,,,,,,,,,,,,,,,,,,,,,,,,,,,,,,,,,,,,,,,,,,,,,,,,,,,,,,,,,,,,,,,,,,,,,,,,,,,,,,,,,,,,,,,,,,,,,,,,,,,,,,,,,,,,,,,,,,,,,,,,,,,,,,,,,,,,,,,,,,,,,,,,,,,,,,,,,,,,,,,,,,,,,,,,,,,,,,,,,,,,,,,,,,,,,,,,,,,,,,,,,,,,,,,,,,,,,,,,,,,,,,,,,,,,,,,,,,,,,,,,,,,,,,,,,,,,,,,,,,,,,,,,,,,,,,,,,,,,,,,,,,,,,,,,,,,,,,,,
96401,pass,1,3,314.0,446.0,116,116,63,96,0,20,-7.0,4,-60,2,,,,,,,,,,,,,,,1,1,1,1,1,1,,,2,2,1,1,,,,,,,8,8,4,4,,,3,3,8,8,,,12,12,2,2,6,6,2,2,3,3,6,6,20,,2.0,12.0,8.0,20.041666666666668,12.0,,0.875,12.0,11.375,8.0,0.5833333333333334,,12,12,12,8,8,23,2,2,2,3,3,4,4,8,8,2,2,,,,,,199,2,8.0,20.041666666666668,8,23,3,3,7,7,3,3,3,3,1,1,2.4166666666666665,3,,,,,,,,,,,,,,,,,,,,,,,,,,,,,,,,,,,,,,,,,,,,,,,,,,,,,,,,,,,,,,,,,,,,,,,,,,,,,,,,,,,,,,,,,,,,,,,,,,,,,,,,,,,,,,,,,,,,,,,,,,,,,,,,,,,,,,,,,,,,,,,,,,,,,,,,,,,,,,,,,,,,,,,,,,,,,,,,,,,,,,,,,,,,,,,,,,,,,,,,,,,,,,,,,,,,,,,,,,,,,,,,,,,,,,,,,,,,,,,,,,,,,,,,,,,,,,,,,,,,,,,,,,,,,,,,,,,,,,,,,,,,,,,,,,,,,,,,,,,,,,,,,,,,,,,,,,,,,,,,,,,,,,,,,,,,,,,,,,,,,,,,,,,,,,,,,,,,,,,,,,,,,,,,,,,,,,,,,,,,,,
96401,pass,1,4,446.0,505.0,116,116,66,114,0,2,-7.0,4,-372,12,,,-70,7,,,310,10,2,2,,,2,2,3,3,1,1,1,1,,,2,2,,,,,7,7,,,15,15,6,6,,,4,4,5,5,,,10,10,2,2,4,4,2,2,1,1,9,9,2,,2.0,12.0,7.208333333333333,14.083333333333334,12.0,,0.6666666666666666,12.0,15.041666666666666,7.208333333333333,0.7916666666666666,,12,12,12,8,8,10,2,2,2,4,4,3,3,11,11,2,2,,,,,,198,2,3.625,10.5,1,3,,,4,4,2,2,2,2,,,3.0,3,1,1,7,7,28,3,,,,,,,,,,,,,,,,,,,,,,,,,,,,,,,,,,,,,,,,,,,,,,,,,,,,,,,,,,,,,,,,,,,,,,,,,,,,,,,,,,,,,,,,,,,,,,,,,,,,,,,,,,,,,,,,,,,,,,,,,,,,,,,,,,,,,,,,,,,,,,,,,,,,,,,,,,,,,,,,,,,,,,,,,,,,,,,,,,,,,,,,,,,,,,,,,,,,,,,,,,,,,,,,,,,,,,,,,,,,,,,,,,,,,,,,,,,,,,,,,,,,,,,,,,,,,,,,,,,,,,,,,,,,,,,,,,,,,,,,,,,,,,,,,,,,,,,,,,,,,,,,,,,,,,,,,,,,,,,,,,,,,,,,,,,,,,,,,,,,,,,,,,,,,,,,,,,,,,,,,,,,,,,,,,,,,,,,
96401,pass,1,5,505.0,359.0,116,116,66,98,0,18,-7.0,4,-174,6,,,-20,2,,,957,32,,,1,1,,,,,1,1,1,1,3,3,2,2,,,,,,,,,8,8,7,7,,,6,6,6,6,,,12,12,2,2,6,6,2,2,4,4,5,5,2,,2.0,12.0,7.458333333333333,8.416666666666666,12.0,0.5,0.7083333333333334,12.0,13.625,7.458333333333333,0.041666666666666664,,12,12,12,7,7,7,2,2,2,1,1,9,9,5,5,,,9,,,,,198,2,0.4583333333333333,1.4166666666666667,,,,,4,4,3,3,4,4,2,2,3.0,3,1,1,1,1,4,,-1000.0,1,-100,1,7,1.0416666666666667,1,25,,,,,,,,,,,,,,,,,,,,,,,,,,,,,,,,,,,,,,,,,,,,,,,,,,,,,,,,,,,,,,,,,,,,,,,,,,,,,,,,,,,,,,,,,,,,,,,,,,,,,,,,,,,,,,,,,,,,,,,,,,,,,,,,,,,,,,,,,,,,,,,,,,,,,,,,,,,,,,,,,,,,,,,,,,,,,,,,,,,,,,,,,,,,,,,,,,,,,,,,,,,,,,,,,,,,,,,,,,,,,,,,,,,,,,,,,,,,,,,,,,,,,,,,,,,,,,,,,,,,,,,,,,,,,,,,,,,,,,,,,,,,,,,,,,,,,,,,,,,,,,,,,,,,,,,,,,,,,,,,,,,,,,,,,,,,,,,,,,,,,,,,,,,,,,,,,,,,,,,,,,,,,,,,
96401,pass,1,6,359.0,307.0,208,208,92,161,0,47,-54.0,8,,,,,-10,1,,,116,4,,,,,,,,,2,2,2,2,,,1,1,,,,,,,,,7,7,4,4,2,2,4,4,6,6,,,12,12,2,2,4,4,2,2,4,4,5,5,8,,2.0,16.041666666666668,7.0,11.625,12.0,1.0,1.5416666666666667,12.0,10.541666666666666,7.0,,,12,12,20,7,7,14,2,2,2,1,1,4,4,3,3,3,3,,,,,,196,2,7.0,11.625,7,14,,,5,5,3,3,5,5,1,1,3.0,3,1,1,,,,,,,-300,3,4,13.208333333333334,1,5,15,15,3,3,15,15,12,12,8,8,2,2,1,1,2,2,2,2,1,1,,,2,2,,,2,2,2,2,1,1,2,2,2,2,,31,,4,0.8333333333333334,1.0,9.166666666666666,9.166666666666666,9.166666666666666,0.6666666666666666,1.0,0.9583333333333334,1.0,2,1,2,2,2,15,15,15,,,,,3,3,1,1,,,,,,,,,,,,,,,,,,,,,,,,,,,,,,,,,,,,,,,,,,,,,,,,,,,,,,,,,,,,,,,,,,,,,,,,,,,,,,,,,,,,,,,,,,,,,,,,,,,,,,,,,,,,,,,,,,,,,,,,,,,,,,,,,,,,,,,,,,,,,,,,,,,,,,,,,,,,,,,,,,,,,,,,,,,,,,,,,,,,,,,,,,,,,,,,,,,,,,,,,,,,,,,,,,,,,,,,,,,,,,,,,,,,,,,,,,,,,,,,,,,,,,,,,,,,,,,,,,,,,,,,,,,,,,,,,,,,,,,,,,,,,,,,,,,,,,,,,,,,,,,
96401,pass,1,7,307.0,379.0,208,208,142,196,0,12,-54.0,8,-60,2,,,-10,1,,,,,,,,,,,,,2,2,2,2,,,,,,,,,,,,,7,7,3,3,1,1,4,4,7,7,,,12,12,2,2,5,5,2,2,4,4,8,8,,,2.0,25.25,7.0,18.375,12.0,1.0,0.375,12.0,11.541666666666666,7.0,,,12,12,32,7,7,21,2,2,2,2,2,9,9,6,6,3,3,2,,,,,196,2,7.0,18.375,7,21,,,4,4,3,3,5,5,2,2,3.0,3,1,1,,,,,,,,,4,2.5,1,1,1,1,10,10,14,14,8,8,15,15,1,1,,,3,3,2,2,1,1,2,2,1,1,2,2,2,2,4,4,6,6,4,4,,,,3,,3,14.75,2.75,15.666666666666666,15.666666666666666,15.666666666666666,1.0,2.75,3.0833333333333335,2.75,4,1,3,3,3,16,16,16,1,1,2,2,15,15,2,2,1,1,1,1,2,2,3,,,,,,,,,,,,,,,,,,,,,,,,,,,,,,,,,,,,,,,,,,,,,,,,,,,,,,,,,,,,,,,,,,,,,,,,,,,,,,,,,,,,,,,,,,,,,,,,,,,,,,,,,,,,,,,,,,,,,,,,,,,,,,,,,,,,,,,,,,,,,,,,,,,,,,,,,,,,,,,,,,,,,,,,,,,,,,,,,,,,,,,,,,,,,,,,,,,,,,,,,,,,,,,,,,,,,,,,,,,,,,,,,,,,,,,,,,,,,,,,,,,,,,,,,,,,,,,,,,,,,,,,,,,,,,,,,,,,,,,,,,,,,,,,,,,,,,,,
96401,pass,1,8,379.0,306.0,208,208,136,199,0,9,-54.0,8,-124,4,,,-90,9,,,,,4,4,,,3,3,,,2,2,2,2,,,,,,,4,4,2,2,,,9,9,2,2,3,3,,,3,3,,,10,10,2,2,10,10,2,2,1,1,4,4,9,,2.0,34.166666666666664,4.666666666666667,12.125,12.0,1.0,1.4583333333333333,12.0,14.666666666666666,4.666666666666667,2.3333333333333335,5,12,12,42,2,2,2,2,2,2,4,4,3,3,9,9,1,1,,,,,,195,2,3.5833333333333335,11.041666666666666,,,,,4,4,2,2,6,6,1,1,3.0,3,1,1,7,7,28,3,,,,,,0.2916666666666667,1,,,,14,14,16,16,14,14,15,15,1,1,,,4,4,3,3,1,1,2,2,1,1,,,,,3,3,5,5,1,1,,,,,,,10.25,3.7083333333333335,26.125,16.0,16.0,1.0,3.7083333333333335,4.0,5.125,4,1,4,4,6,16,16,31,1,1,,,1,1,4,4,2,2,6,6,,,2,2,2,12,,3.4166666666666665,2.0,25.125,15.0,2,4,15,30,,,,,,,,,,,,,,,,,,,,,,,,,,,,,,,,,,,,,,,,,,,,,,,,,,,,,,,,,,,,,,,,,,,,,,,,,,,,,,,,,,,,,,,,,,,,,,,,,,,,,,,,,,,,,,,,,,,,,,,,,,,,,,,,,,,,,,,,,,,,,,,,,,,,,,,,,,,,,,,,,,,,,,,,,,,,,,,,,,,,,,,,,,,,,,,,,,,,,,,,,,,,,,,,,,,,,,,,,,,,,,,,,,,,,,,,,,,,,,,,,,,,,,,,,,,,,,,,,,,,,,,,,,,,,,,,,,,,,,,,,,,,
96401,pass,1,9,306.0,2508.0,208,208,123,206,0,2,-54.0,8,,,,,,,,,746,24,2,2,,,2,2,5,5,2,2,2,2,3,3,2,2,,,1,1,1,1,,,1,1,1,1,,,,,3,3,,,12,12,2,2,7,7,2,2,4,4,3,3,,,2.0,46.375,2.625,2.625,12.0,1.0,0.5416666666666666,12.0,12.0,2.625,3.25,1,12,12,54,3,3,3,2,2,2,1,1,10,10,4,4,3,3,,,,,,194,2,,,,,,,3,3,1,1,4,4,1,1,3.0,3,1,1,,,,4,,,-1300,13,,0.8333333333333334,1,3,,,,,15,15,1,1,8,8,2,2,,,5,5,5,5,,,2,2,2,2,2,2,6,6,8,8,7,7,4,4,6,6,2,,,,15.375,5.375,17.833333333333332,9.041666666666666,9.041666666666666,1.0,5.375,6.166666666666667,8.833333333333334,10,1,6,6,11,1,1,2,1,1,2,2,,,1,1,,,6,6,,,4,,,,,6.458333333333333,3.0,17.833333333333332,9.041666666666666,3,8,1,2,2616,12,,,15,15,44,4,4,1,1,4,4,2.5833333333333335,4,,,,,,,,,,,,,,,,,,,,,,,,,,,,,,,,,,,,,,,,,,,,,,,,,,,,,,,,,,,,,,,,,,,,,,,,,,,,,,,,,,,,,,,,,,,,,,,,,,,,,,,3,3,,,,,3,3,2,2,1,1,5,5,,,,1.125,,,,3,,,,,,,,,,,,,,,,,,,,,,,,,,,,,,,,,,,,,,,,,,,,,,,,,,,,,,,,,,,,,,,,,,,,,,,,,,,,,,,,,,,,,,,,,,,,,,,,,,,,,,,,,,,,,,,,,,,,,,,,,,,,,,,,,,,,,,,,,,,,,,,,,
96401,pass,1,10,2508.0,1391.0,253,253,171,242,0,11,-143.0,10,-440,14,,,,,-1600,4,124,4,6,6,,,1,1,2,2,3,3,2,2,,,8,8,,,5,5,2,2,1,1,5,5,2,2,5,5,2,2,6,6,,,11,11,2,2,8,8,3,3,5,5,7,7,,4,2.4166666666666665,48.875,3.875,5.541666666666667,10.666666666666666,0.5833333333333334,1.9583333333333333,10.666666666666666,14.375,3.875,1.4583333333333333,5,6,6,29,5,5,7,3,2,2,3,3,3,3,8,8,1,1,,,,,,,,2.0,3.6666666666666665,2,4,,,3,3,2,2,10,10,5,5,3.0,3,5,5,,,,3,,,,,,1.8333333333333333,,,,,,,1,1,,,,,2,2,,,8,8,7,7,1,1,4,4,1,1,2,2,4,4,9,9,7,7,4,4,8,8,7,,,,11.125,5.875,1.0416666666666667,0.5,0.5,1.0,5.875,11.791666666666666,9.583333333333334,14,1,6,6,9,,,,,,2,2,,,11,11,3,3,12,12,,,6,1,1,3,,6.416666666666667,2.7083333333333335,1.0416666666666667,0.5,2,5,,,,,,,1,1,3,,,1,1,7,7,3.7916666666666665,3,942,24,6,6,36,2,2,8,,,,,,,,,,,,,,,,,,,,32.958333333333336,6.666666666666667,,,,,2,10,,,,,,,,,,,,,1,1,,,,,,,1,1,1,1,,,,,0.125,,,,0.20833333333333334,,,,1,,,,,,,,,,,,,,,,,,,,,,,,,,,,,1,1,,,,,,,2,2,2,2,1,1,1,1,,,,3.0,,,,3,,,,,,,,,,,,,,,,,,,,,,,,,,,,,,,,,,,,,,,,,,,,,,,,,,,,,,,,,,,,,,,,,,,,,,,,,,,,,,,,,,,,,,,,,,,,,,,,,,,,,,,,,,,,,,,,,,,,,,,,,,,,,,,,,,,,,,,,,,,,,,,,,
96401,pass,1,11,1391.0,8229.0,298,298,225,298,0,0,-376.0,12,-264,8,,,-70,7,-1200,3,64,2,5,5,3,3,3,3,1,1,3,3,3,3,5,5,7,7,,,7,7,4,4,2,2,9,9,11,11,4,4,9,9,12,12,,,6,6,4,4,2,2,4,4,7,7,2,2,,,3.25,24.708333333333332,6.458333333333333,9.625,4.916666666666667,1.2916666666666667,1.75,4.916666666666667,11.583333333333334,6.458333333333333,3.0833333333333335,3,1,1,5,9,9,14,5,3,3,6,6,,,1,1,11,11,,,,,,194,2,3.0,6.166666666666667,3,8,,,4,4,2,2,12,12,7,7,3.0,3,6,6,,,,2,,,,,,0.041666666666666664,1,,,,,,,,,,,,1,1,,,6,6,7,7,,,15,15,1,1,1,1,,,7,7,12,12,7,7,3,3,,,,,12.833333333333334,5.958333333333333,,,,1.0,5.958333333333333,14.0,10.083333333333334,14,1,6,6,10,,,,3,3,2,2,,,9,9,2,2,14,14,,,8,1,1,3,,7.541666666666667,3.4166666666666665,,,3,7,,,683,3,-500,1,,,,,,,,3,3,2.9166666666666665,2,874,23,5,5,30,1,1,4,,,,,,,1,1,,,,,,,,,,,,24.708333333333332,4.916666666666667,,,,1,1,5,,,,,7433,29,,,,,,,1,1,,,,,,,2,2,7,7,,,,,0.75,3.0,3.0,3.0,1.0833333333333333,3.0,,1,2,3,3,3,3,,,,,,,,,,,,,,,1,1,3,3,,,,,,,1,1,,,1,1,2,2,2,2,4,4,4,4,2,2,,,,3.0,,,,3,,,1,1,,,,,,,,,,,,,,,,,,,,,,,,,,,,,,,,,,,,,,,,,,,,,,,,,,,,,,,,,,,,,,,,,,,,,,,,,,,,,,,,,,,,,,,,,,,,,,,,,,,,,,,,,,,,,,,,,,,,,,,,,,,,,,,,,,1,1,,,,,,,,,,
96401,pass,1,12,8229.0,17220.0,297,297,229,297,0,0,-376.0,12,-545,16,,,-50,5,,,,,1,1,,,4,4,1,1,4,4,3,3,2,2,6,6,,,3,3,2,2,1,1,9,9,11,11,4,4,7,7,10,10,,,1,1,4,4,1,1,6,6,8,8,,,,,5.291666666666667,4.833333333333333,9.166666666666666,14.375,0.9583333333333334,0.7083333333333334,3.875,0.9583333333333334,12.25,9.166666666666666,2.875,4,,,,9,9,13,6,5,5,8,8,,,1,1,5,5,,,,,,480,5,4.375,9.583333333333334,3,7,,,3,3,1,1,11,11,9,9,3.0,3,5,5,2,2,8,6,,,,,,0.5,,1,,,,,,,,,,,,,,,11,11,5,5,1,1,7,7,2,2,2,2,,,8,8,9,9,5,5,4,4,,,,,11.916666666666666,5.5,,,,1.0,5.5,14.0,11.083333333333334,14,1,5,5,11,,,,5,5,5,5,,,14,14,3,3,16,16,,,7,2,2,5,,10.083333333333334,4.5,,,4,10,,,701,3,,,,,,,,,,10,10,1.5,,,,1,1,6,1,1,4,,,,,,,,,,,,,,,,,,,,4.833333333333333,0.9583333333333334,,,,,,,,,,,8781,37,,,,,,,2,2,,,,,,,4,4,6,6,3,3,7,0.16666666666666666,1.625,5.708333333333333,5.708333333333333,2.4166666666666665,2.3333333333333335,2.4166666666666665,1,2,3,,,,,,,,,,,,,,,,,1,1,2,2,6,6,,,,,,,2,2,,,3,3,3,3,1,1,5,5,4,4,2,2,,,,3.0,,,,3,,,3,3,,,,,,,,,,,,,,,,,,,,,,,,,,,,,,,,,,,,,,,,,,,,,,,,,,,,,,,,,,,,,,,,,,,,,,,,,,,,,,,,,,,,,,,,,,,,,,,,,,,,,,,,,,,,,,,,,,,,,,,,,,,,,,,,,,1,1,,,,,,,,,,
96401,pass,1,13,17220.0,20306.0,298,298,220,294,0,4,-376.0,12,-1874,52,,,-30,3,,,1909,53,4,4,,,2,2,,,4,4,3,3,2,2,1,1,,,2,2,3,3,,,11,11,12,12,7,7,8,8,9,9,,,,,4,4,,,6,6,10,10,,,,,6.0,,10.291666666666666,16.666666666666668,,,4.083333333333333,,9.791666666666666,10.291666666666666,1.8333333333333333,2,,,,11,11,19,6,6,6,11,11,,,,,11,11,1,,,,,475,5,6.916666666666667,13.291666666666666,6,14,,,5,5,2,2,8,8,9,9,3.0,3,2,2,1,1,3,1,,,,,,0.9583333333333334,,1,,,,,,,,,,,2,2,,,8,8,7,7,1,1,7,7,3,3,3,3,,,7,7,10,10,5,5,,,,,,1,13.583333333333334,5.041666666666667,,,,1.0,5.041666666666667,14.0,10.875,14,1,5,5,10,,,,3,3,1,1,,,4,4,1,1,13,13,2,2,7,,,,,10.0,4.166666666666667,,,3,8,,,1209,5,,,,,,,,1,1,6,6,,,,,,,,2,2,8,,,,,,,,,,,,,,,,,,,,,,,,,,,,,,,,1323,6,,,,,,,,,1,1,1,1,,,4,4,10,10,,,,1.0,2.25,3.0,3.0,3.0,3.0,3.0,1,,3,3,3,3,3,450,7,,,,,,,,,,,2,2,3,3,5,5,1,1,,,1,1,3,3,,,3,3,9,9,3,3,2,2,4,4,4,4,,,,3.0,,,,3,1,1,4,4,,,,,,,,,,,,,,1,1,,,,,,,,,,,,,,,,,,,,,,,,,,,1,1,0.875,,,,,,,,,,,,,,,,,,,,,,2,,,,,,,,,,,,,,,,,,,,,,,,,,,,,,,,,,,,,,,,,,,,,,,,,,,,,,,,,,,,,,,,2,2,,,,,,,,,,
96401,pass,1,14,20306.0,20768.0,298,298,218,296,0,2,-376.0,12,-1016,28,,,-40,4,,,1052,29,3,3,,,2,2,,,3,3,3,3,6,6,1,1,,,3,3,,,,,10,10,16,16,5,5,11,11,4,4,,,,,5,5,,,6,6,7,7,,,,,6.0,,10.25,18.083333333333332,,,4.875,,12.833333333333334,10.25,2.75,4,,,,9,9,19,6,6,6,11,11,,,,,11,11,1,,,,,842,9,7.25,15.083333333333334,6,16,,,3,3,2,2,8,8,8,8,3.0,3,4,4,2,2,8,3,,,,,,0.4583333333333333,,,,,,,,,,,,,3,3,,,8,8,6,6,1,1,6,6,2,2,2,2,,,9,9,10,10,2,2,1,1,,,,1,12.75,5.541666666666667,,,,1.0,5.541666666666667,14.0,8.958333333333334,14,1,6,6,8,,,,2,2,1,1,,,10,10,6,6,17,17,,,7,2,2,6,,5.333333333333333,1.9166666666666667,,,1,3,,,,,,,,,,,,,,12,12,,,,,,,,2,2,8,,,,,,,1,1,,,,,,,,,,,,,,,,,,,,,,,,,,,,,,,,,,,,1,1,,,1,1,6,6,3,3,7,1.0,1.6666666666666667,3.5416666666666665,3.5416666666666665,1.5416666666666667,3.0,1.5416666666666667,1,,3,,,,,,,,,,,,,,,,,3,3,3,3,8,8,1,1,1,1,1,1,3,3,,,3,3,4,4,2,2,1,1,4,4,3,3,,,,3.0,,,,3,1,1,3,3,,,,,,,,,,,,,,,,,,,,,,,,1.0833333333333333,,,0.5416666666666666,1.0833333333333333,0.5416666666666666,,,,,,,,1,1,2,,,,,,,,,,,,,,,,,,,,,,,,,,,,,,,,,,,,,,,,,,,,,,,,,,,,,,,,,,,,,,,,,,,,,,,,,,,,,,,,,,,,,,,,,,,,,,,,,,,,,,
96401,pass,1,15,20768.0,23677.0,298,298,217,294,0,4,-376.0,12,-1238,34,,,-60,6,,,1454,40,6,6,,,4,4,1,1,3,3,3,3,10,10,2,2,2,2,4,4,4,4,,,13,13,21,21,6,6,7,7,3,3,,,,,5,5,,,6,6,9,9,,,,4,6.0,,10.083333333333334,20.291666666666668,,,3.2083333333333335,,7.958333333333333,10.083333333333334,3.0833333333333335,5,,,,9,9,16,6,6,6,10,10,,,,,11,11,,,,,,1008,11,8.0,18.208333333333332,5,12,,,,,,,1,1,7,7,0.125,,,,4,4,16,,,,,,,0.16666666666666666,,,,,,,,,,,,,1,1,,,8,8,6,6,1,1,8,8,2,2,1,1,,,7,7,12,12,1,1,,,,,,,12.958333333333334,5.833333333333333,,,,1.0,5.833333333333333,14.0,8.291666666666666,14,1,6,6,8,,,,,,3,3,,,9,9,4,4,18,18,,,8,,,,,4.875,2.4166666666666665,,,2,4,,,1535,6,,,,,,,,1,1,12,12,,,,,,,,1,1,4,,,,,,,,,,,,,,,,,,,,,,,,,,,,,,,,,,,,,,,,,,,,1,1,,,,,6,6,,,,1.0,1.9583333333333333,,,,3.0,,1,,3,,,,,586,9,,,,,,,,,,,2,2,3,3,6,6,1,1,1,1,1,1,3,3,,,3,3,1,1,3,3,1,1,8,8,2,2,,,,3.0,,,,3,1,1,3,3,,,,,,,,,,,,,,,,,,,,,,,,0.8333333333333334,,,0.4166666666666667,0.8333333333333334,0.4166666666666667,,,,,,,,1,1,2,2,2,1,1,2.7083333333333335,2,1,1,,,,,,,,,,,,,,,,,,,,,,,,,,,,,,,,,,,,,,,,,,,,,,,,,,,,,,,,,,,,,,,,,,,,,,,,,,,,,,,,,,,,,,,,,,,,,,
96401,pass,1,16,23677.0,24146.0,298,298,216,293,0,5,-376.0,12,-432,12,-80,1,-20,2,,,797,22,5,5,,,6,6,,,3,3,3,3,4,4,,,4,4,4,4,2,2,,,11,11,17,17,5,5,7,7,5,5,,,,,4,4,,,6,6,7,7,,,,2,6.0,,9.083333333333334,16.333333333333332,,,5.083333333333333,,10.0,9.083333333333334,4.958333333333333,6,,,,9,9,15,6,6,6,9,9,,,,,8,8,3,,,,,450,5,4.5,11.75,3,9,,,,,,,,,7,7,,,,,2,2,8,1,,,,,,,,,,,,,,,,,,,,,,,8,8,6,6,1,1,9,9,3,3,2,2,,,11,11,13,13,3,3,,,,,,,11.166666666666666,6.0,,,,1.0,6.0,14.0,11.25,14,1,6,6,13,,,,,,4,4,,,10,10,3,3,25,25,,,3,2,2,5,,10.25,5.0,,,5,12,,,,,,,,,,,,,,13,13,,,,,,,,,,,,,,,,,,,,,,,,,,,,,,,,,,,,,,,,,,,,,,,,,,,,,,1,1,,,1,1,7,7,,,,1.0,1.4583333333333333,,,,3.0,,1,,3,,,,,130,2,,,,,,,,,,,2,2,3,3,8,8,1,1,1,1,1,1,3,3,,,3,3,4,4,2,2,1,1,3,3,2,2,,,,3.0,,,,3,1,1,4,4,,,,,,,,,,,,,,1,1,,,,,,,,,1.0,,,0.5,1.0,0.5,,,,,,,,1,1,2,2,2,1,1,1.9583333333333333,1,,,2,2,4,,,,,1.25,2.5,2.5,1.25,,,,,,,,,,,,,,,,,,,,,,,,,,,,,,,,,,,,,,,,,,,,,,,,,,,,,,,,,,,,,,,,,,,,,,,,,,,,,,,,,,,
96401,pass,1,17,24146.0,26871.0,298,298,196,282,0,16,-376.0,12,-516,14,,,-50,5,,,442,12,3,3,,,6,6,2,2,3,3,3,3,3,3,,,2,2,,,8,8,,,17,17,16,16,5,5,10,10,5,5,,,,,4,4,,,6,6,6,6,,,,2,6.0,,11.5,15.791666666666666,,,3.2916666666666665,,8.041666666666666,11.5,3.5,2,,,,14,14,18,6,6,6,6,6,,,,,8,8,10,,,,,885,10,5.5,9.791666666666666,4,8,,,,,,,,,9,9,,,,,3,3,12,1,,,,,,0.6666666666666666,,1,,,,,,,,,,,,,,,9,9,6,6,1,1,12,12,2,2,,,,,9,9,13,13,8,8,1,1,,,,3,12.333333333333334,4.666666666666667,,,,1.0,4.666666666666667,14.0,11.208333333333334,14,1,4,4,11,,,,,,2,2,,,8,8,3,3,14,14,,,5,,,,,11.208333333333334,4.666666666666667,,,4,11,,,1338,5,,,,,,,,,,9,9,,,,,,,,2,2,8,,,,,,,,,,,,,,,,,,,,,,,,,,,,,,,,,,,,,,,,,,1,1,1,1,,,2,2,9,9,,,,1.0,1.8333333333333333,,,,3.0,,1,,3,,,,,132,2,,,,,,,,,,,1,1,3,3,6,6,1,1,1,1,1,1,3,3,,,3,3,2,2,2,2,2,2,2,2,3,3,,,,3.0,,,,3,1,1,,,,,,,,,,1,1,,,1,1,,,1,1,,,,,,0.6666666666666666,0.9166666666666666,0.6666666666666666,0.6666666666666666,0.4583333333333333,0.9166666666666666,0.4583333333333333,,,,,1,1,1,1,1,2,,,1,1,1.0,,1,1,2,2,4,,,,,1.25,2.5,2.5,1.25,,,870,4,,,,1,,,,,,,,,,,,,,,,,,,,,,,,,,,,,,,,,,,,,,,,,,,,,,,,,,,,,,,,,,,,,,,,,,,,,,,,,,,
96401,pass,1,18,26871.0,28445.0,297,297,210,296,0,1,-376.0,12,-370,10,,,-30,3,,,740,20,2,2,,,4,4,2,2,2,2,4,4,3,3,2,2,2,2,,,1,1,,,12,12,16,16,4,4,9,9,12,12,,,,,6,6,,,6,6,10,10,,,,,6.0,,14.625,20.125,,,3.8333333333333335,,14.291666666666666,14.625,1.375,1,,,,15,15,25,6,6,6,6,6,,,,,6,6,1,,,-100,2,693,8,6.0,11.5,6,16,,,,,,,,,6,6,,,,,,,,4,,,,,,0.75,,1,,,,,,,,,,,3,3,1,1,5,5,7,7,1,1,3,3,1,1,,,,,11,11,9,9,10,10,2,2,,,,,11.875,3.75,,,,0.625,3.75,14.0,8.0,14,1,4,4,6,,,,,,5,5,,,3,3,,,15,15,,,4,2,2,6,,6.75,2.5,,,1,3,,,,,,,,,,,,2,2,11,11,,,,,,,,3,3,12,,,,,,,,,,,,,,,,,,,,,,,,,,,,,,,,,,,,,,,,,,2,2,1,1,,,2,2,6,6,,,,1.0,2.875,,,,3.0,,1,,3,,,,,132,2,,,,,,,,,,,3,3,3,3,11,11,1,1,2,2,1,1,3,3,,,3,3,8,8,2,2,2,2,4,4,1,1,,,,3.0,,,,3,1,1,2,2,,,,,,,,,,4,4,,,,,7,7,,,1,1,,1.0,,1.0,1.0,,,,,,,,1,1,1,,,,2,2,,,,,,,2,2,4,,,,,1.2916666666666667,2.5833333333333335,2.5833333333333335,1.2916666666666667,,,885,4,1,1,5,,1,1,1,1,0.875,1,1,6,,,1,1,,,,,,,,,,,,,,,,,,,,,,,,,,,,,,,,,,,,,,,,,,,,,,,,,,,,,,2,2,,,,,,,,
96401,pass,1,19,28445.0,34066.0,297,297,168,268,0,29,-376.0,12,-375,10,,,-60,6,,,451,12,6,6,,,5,5,,,4,4,3,3,3,3,1,1,3,3,3,3,3,3,,,17,17,10,10,8,8,6,6,8,8,,,,,6,6,,,6,6,14,14,,,,,6.0,,14.166666666666666,24.041666666666668,,,3.0833333333333335,,10.958333333333334,14.166666666666666,1.8333333333333333,2,,,,14,14,26,6,6,6,8,8,,,,,4,4,6,,,,,597,7,12.0,21.875,10,22,,,,,,,,,5,5,,,,,4,4,16,1,,,,,,0.5833333333333334,,,,,,,,,,,,,2,2,,,6,6,6,6,1,1,5,5,1,1,,,,,14,14,7,7,4,4,,,,,7,4,12.083333333333334,4.416666666666667,,,,1.0,4.416666666666667,14.0,5.375,14,1,5,5,5,,,,,,4,4,,,2,2,,,9,9,,,,3,3,14,,1.4166666666666667,0.4583333333333333,,,,,,,3352,12,,,,,,,,1,1,7,7,,,,,,,,1,1,4,,,,,,,,,,,,,,,,,,,,,,,,,,,,,,,,,,,,,,,,,,,,1,1,,,1,1,6,6,,,,1.0,2.5833333333333335,,,,3.0,,1,,3,,,,,,,,,,,,,,,,,1,1,3,3,6,6,1,1,2,2,1,1,3,3,,,3,3,6,6,3,3,2,2,2,2,1,1,,,,3.0,,,,3,1,1,,,,,,,,,,,,2,2,1,1,,,5,5,,,,,,1.0,,1.0,1.0,,,,,,,,1,1,1,,,,4,4,,,,,1,1,4,4,8,,,,,6.125,8.25,8.25,6.125,1126,5,906,4,,,,4,,,,,,1,1,6,,,,,8,,,1,1,2,3.9166666666666665,3.9166666666666665,2.9583333333333335,2.9583333333333335,,2,2,2,2,4,4,4,4,,,,,,,,,,,,,,,,,,,,,,,,,,,,,,,,,,,,,,,,,,,,
96401,pass,1,20,34066.0,42459.0,293,293,204,286,1,6,-376.0,12,-380,10,,,-20,2,,,760,20,5,5,,,,,,,3,3,2,2,,,,,,,4,4,2,2,,,14,14,22,22,6,6,10,10,15,15,,,,,5,5,,,6,6,10,10,,,,1,6.0,,14.708333333333334,30.291666666666668,,,3.2083333333333335,,11.791666666666666,14.708333333333334,1.2916666666666667,2,,,,14,14,30,6,6,6,6,6,,,,,14,14,1,,,,,503,6,10.666666666666666,26.25,9,25,,,,,,,,,5,5,,,,,2,2,8,3,,,,,,,,,,,,,,,,,,,,,,,4,4,5,5,,,8,8,,,,,,,12,12,13,13,5,5,,,,,,2,12.833333333333334,5.0,,,,1.0,5.0,14.0,6.708333333333333,14,1,5,5,8,,,,,,1,1,,,10,10,,,15,15,,,4,4,4,14,,4.708333333333333,3.0,,,3,6,,,5612,20,,,,,,,,,,10,10,,,,,,,,,,,,,,,,,,,,,,,,,,,,,,,,,,,,,,,,,,,,,,,,,,,,1,1,1,1,,,1,1,4,4,,,,1.0,2.4583333333333335,,,,3.0,,1,1,3,,,,,,,,,,,,,,,,,1,1,3,3,7,7,1,1,1,1,1,1,2,2,,,3,3,3,3,2,2,2,2,2,2,4,4,,,,3.0,,,,3,1,1,1,1,,,,,,,,,,4,4,,,,,3,3,,,2,2,,1.0,,1.0,1.0,,,,,,,,1,1,1,,,,3,3,,,,,1,1,3,3,6,,,,2,8.5,10.0,10.0,8.5,,,2294,10,,,,,,,,,,2,2,9,,,,,,,,,,,2.0,2.0,2.0,2.0,,2,2,2,2,7,7,7,7,,,,,,,,,,,,,,,,,,,,,,,,,,,,,,,,,,,1,1,2,2,,,,,,1
96401,pass,1,21,42459.0,50798.0,298,298,204,297,0,1,-376.0,12,-273,7,,,-60,6,,,469,12,6,6,,,1,1,,,4,4,3,3,2,2,,,,,6,6,3,3,,,14,14,7,7,5,5,7,7,12,12,,,,,2,2,,,6,6,5,5,,,,,6.0,,12.166666666666666,25.0,,,3.0833333333333335,,11.666666666666666,12.166666666666666,3.4166666666666665,5,,,,10,10,16,6,6,6,9,9,,,,,6,6,,,,,,660,8,9.208333333333334,22.041666666666668,5,11,,,,,,,,,9,9,,,,,7,7,27,4,,,,,,,,,,,,,,,,,,,,,,,4,4,5,5,1,1,5,5,,,,,,,12,12,16,16,11,11,,,,,,1,10.541666666666666,5.0,,,,1.0,5.0,14.0,10.625,14,1,5,5,13,,,,,,1,1,,,11,11,1,1,19,19,,,2,2,2,6,,10.625,5.0,,,5,13,,,6514,23,,,,,,,,,,13,13,,,,,,,,,,,1,1,1,1,,,,,,,,,,,,,,,0.4166666666666667,,,0.4166666666666667,0.4166666666666667,,,,,1,1,1,,,,,,1,1,,,,,1,1,1,1,,,1,1,4,4,,,,1.0,2.25,,,,3.0,,1,,3,,,,,,,,,,,,,,,,,3,3,3,3,8,8,1,1,1,1,1,1,3,3,,,3,3,4,4,2,2,,,3,3,4,4,,,,3.0,,,,3,1,1,1,1,,,,,,,,,,5,5,1,1,,,3,3,,,2,2,,1.0,,1.0,1.0,,,,,,,,1,1,1,,,,1,1,,,,,,,7,7,15,,,,,7.25,10.916666666666666,10.916666666666666,7.25,,,1405,6,1,1,4,,,,,,,1,1,3,,,,,,0,1,1,1,2,5.666666666666667,5.666666666666667,2.8333333333333335,2.8333333333333335,,2,4,2,4,4,4,4,4,,,,,,,,,,,,,,,,,,,,,,,,,,,,,,,,,,,1,1,3,3,2,2,,,,
96401,pass,1,22,50798.0,58661.0,291,291,189,285,0,6,-376.0,12,-390,10,,,-50,5,,,819,21,6,6,,,4,4,2,2,3,3,2,2,5,5,,,,,2,2,4,4,,,13,13,15,15,6,6,2,2,12,12,,,,,4,4,,,6,6,9,9,,,,1,6.0,,10.583333333333334,16.833333333333332,,,3.8333333333333335,,9.25,10.583333333333334,3.6666666666666665,3,,,,12,12,20,6,6,6,11,11,,,,,13,13,2,,,,,647,8,5.708333333333333,11.958333333333334,5,13,,,,,,,,,5,5,,,,,1,1,3,1,,,,,,0.7083333333333334,,2,,,,,,,,,,,1,1,,,3,3,6,6,,,2,2,,,,,,,13,13,8,8,8,8,3,3,,,,1,14.916666666666666,4.291666666666667,,,,1.0,4.291666666666667,14.0,10.75,14,1,3,3,7,,,,,,4,4,,,3,3,,,5,5,,,3,4,4,11,,10.291666666666666,3.8333333333333335,,,2,6,,,2560,9,,,,,,,,2,2,11,11,,,,,,,,3,3,12,,,1,1,2,2,,,,,,,,,,,,,1.0,,,1.0,1.0,,,,,1,1,1,,,,,,4,4,,,,,,,1,1,,,1,1,4,4,,,,1.0,2.3333333333333335,,,,3.0,,1,,3,,,,,,,,,,,,,,,,,3,3,3,3,7,7,1,1,1,1,1,1,3,3,,,3,3,2,2,2,2,2,2,5,5,3,3,,,,3.0,,,,3,1,1,,,,,,,,,,,,2,2,,,,,5,5,,,1,1,,1.0,,1.0,1.0,,,,,,,,1,1,1,,,,2,2,1,1,0.75,,1,1,6,6,14,,,,,5.916666666666667,12.291666666666666,12.291666666666666,5.916666666666667,896,4,3757,16,,,,,,,,,,2,2,5,,,2,2,2,,,2,2,4,3.25,3.25,1.625,1.625,,,,,,1,1,1,1,,,,,,,,,,,,,,1,1,,,,,,,,,,,,,,,,,,,,2,2,1,1,,,,,,
96401,pass,1,23,58661.0,67733.0,292,292,170,273,0,19,-376.0,12,-399,10,,,-70,7,,,594,15,3,3,,,2,2,1,1,4,4,4,4,2,2,1,1,,,1,1,3,3,,,15,15,11,11,6,6,1,1,13,13,,,,,6,6,,,6,6,8,8,,,,,6.0,,11.583333333333334,17.541666666666668,,,2.7916666666666665,,11.833333333333334,11.583333333333334,3.4166666666666665,3,,,,12,12,19,6,6,6,6,6,,,,,7,7,9,,,,,477,6,6.375,12.333333333333334,5,12,,,,,,,,,3,3,,,,,3,3,12,,,,,,,1.3333333333333333,,1,,,,,,,,,,,5,5,,,3,3,8,8,1,1,4,4,,,,,,,12,12,6,6,6,6,2,2,,,5,,9.958333333333334,4.25,,,,1.0,4.25,12.083333333333334,6.0,12,1,6,6,6,,,,,,9,9,,,7,7,1,1,8,8,,,,2,2,5,,2.5833333333333335,0.8333333333333334,,,,,,,4610,16,,,,,,,,2,2,15,15,,,,,,,,2,2,8,,,1,1,1,1,,,,,,,,,,,,,1.2916666666666667,,,1.0,1.0,,,,,1,1,2,,,,,,,,,,,,2,2,1,1,,,,,4,4,,,,1.0,1.7916666666666667,,,,3.0,,1,,3,,,,,,,,,,,,,,,,,1,1,3,3,9,9,1,1,1,1,1,1,3,3,,,3,3,2,2,3,3,,,2,2,,,,,1.2916666666666667,3.0,1.0,1,2,3,1,1,2,2,,,,,,,,,,4,4,1,1,,,2,2,,,4,4,,1.0,,1.9166666666666667,1.0,,,,,,,,1,1,2,,,,4,4,,,,,1,1,4,4,9,,,,,6.166666666666667,9.041666666666666,9.041666666666666,6.166666666666667,,,4236,18,,,,4,,,2,2,1.3333333333333333,1,1,3,,,,,1,,,1,1,2,5.0,5.0,3.0,3.0,,2,3,2,3,4,4,4,4,,,,,,,,,,,,,,,,,,,,,,,,,,,,,,,,,,,1,1,2,2,,,,,,
96401,pass,1,24,67733.0,73077.0,298,298,201,293,0,5,-376.0,12,-280,7,,,-50,5,,,684,17,1,1,,,1,1,,,4,4,3,3,1,1,1,1,,,,,5,5,,,14,14,16,16,8,8,12,12,19,19,,,,,5,5,,,6,6,8,8,,,,,6.0,,13.375,20.75,,,3.5833333333333335,,10.791666666666666,13.375,2.3333333333333335,1,,,,15,15,24,6,6,6,7,7,,,,,8,8,5,,,,,392,5,7.958333333333333,15.333333333333334,7,16,,,,,,,,,6,6,,,,,2,2,8,4,,,,,,0.5,,,,,,,,,,,,,3,3,,,7,7,6,6,,,3,3,,,,,,,9,9,8,8,4,4,,,,,,,10.875,7.291666666666667,,,,1.0,7.291666666666667,10.083333333333334,8.0,10,1,9,9,10,,,,,,3,3,,,18,18,1,1,11,11,,,5,4,4,8,,1.7083333333333333,1.0,,,1,2,,,2350,8,,,,,,,,,,15,15,,,,,,,,,,,,,1,1,,,,,,,,,,,,,,,0.625,,,0.2916666666666667,0.2916666666666667,,,,,,,,,,,,,,,,,,,1,1,1,1,,,1,1,4,4,,,,1.0,3.0,,,,3.0,,1,,3,,,,,,,,,,,,,,,,,1,1,3,3,9,9,1,1,2,2,1,1,3,3,,,3,3,1,1,2,2,3,3,3,3,2,2,,,0.625,3.0,0.2916666666666667,,,3,1,1,,,1,1,3,,,,,,,4,4,1,1,,,3,3,,,2,2,,1.0,,2.9166666666666665,1.0,,,,,,,,1,1,3,,,,3,3,,,,,,,1,1,2,,,,,7.541666666666667,8.083333333333334,8.083333333333334,7.541666666666667,,,2624,11,1,1,4,,,,2,2,1.125,2,2,6,,,,,,,,1,1,2,2.0833333333333335,2.0833333333333335,1.5416666666666667,1.5416666666666667,,1,1,1,1,7,7,7,7,,,,,,,,,,,,,,,,,,,,,,,,,,,,,,,,,,,1,1,3,3,,,,,,
96401,pass,1,25,73077.0,79525.0,298,298,192,282,0,16,-376.0,12,-410,10,,,-30,3,,,328,8,,,,,3,3,,,3,3,3,3,,,,,,,2,2,1,1,,,16,16,18,18,5,5,5,5,14,14,,,,,6,6,,,6,6,10,10,,,,3,6.0,,14.541666666666666,25.166666666666668,,,2.875,,12.125,14.541666666666666,1.4583333333333333,3,,,,13,13,24,6,6,6,10,10,,,,,15,15,3,,,,,693,9,8.875,19.5,7,18,,,,,,,,,4,4,,,,,3,3,11,,,,,,,,,,,,,,,,,,,,,,,,10,10,8,8,1,1,2,2,1,1,,,,,10,10,8,8,8,8,,,,,1,6,13.333333333333334,9.0,,,,1.0,9.0,10.0,13.166666666666666,10,1,9,9,16,,,,,,4,4,,,9,9,,,5,5,,,1,2,2,5,,10.166666666666666,6.0,,,6,13,,,4189,14,,,,,,,,,,14,14,,,183,3,,,,,,,,,,,,,,,,,,,,,,,,,,,,,,,,,,,,,,,,,,,,,,,,,,1,1,,,1,1,7,7,,,,1.0,2.5,,,,3.0,,1,,3,,,,,,,,,,,,,,,,,2,2,3,3,7,7,1,1,2,2,1,1,3,3,,,3,3,3,3,3,3,2,2,3,3,3,3,,,,3.0,,,,3,1,1,,,,,,,,,,,,3,3,1,1,,,6,6,,,,,,1.0,,3.3333333333333335,1.0,,,,,,,,1,1,4,,,,,,,,,,1,1,6,6,15,,,,,5.958333333333333,10.416666666666666,10.416666666666666,5.958333333333333,896,4,975,4,,,,1,,,,,,1,1,3,,,,,2,,,3,3,6,4.25,4.25,2.125,2.125,,,,,,3,3,3,3,,,,,,,,,,,,,,,,,,,,,,,,,,,,,,,,,,,1,1,2,2,,,,,,
96401,pass,1,26,79525.0,87408.0,297,297,190,281,0,16,-376.0,12,-420,10,,,,,,,462,11,6,6,,,3,3,7,7,3,3,3,3,,,4,4,,,3,3,,,,,11,11,10,10,4,4,2,2,12,12,,,,,2,2,,,6,6,9,9,,,,3,6.0,,11.666666666666666,22.791666666666668,,,3.4583333333333335,,9.125,11.666666666666666,2.875,4,,,,9,9,20,6,6,6,5,5,,,,,8,8,,-220,11,,,825,11,10.666666666666666,21.791666666666668,8,19,,,,,,,,,7,7,,,,,4,4,15,1,,,,,,1.3333333333333333,,3,4,4,8,8,4,4,1,1,2,2,,,,,12,12,9,9,1,1,4,4,1,1,,,,,3,3,1,1,2,2,5,5,,,,8,7.166666666666667,8.333333333333334,1.2083333333333333,1.2083333333333333,1.2083333333333333,1.0,8.333333333333334,4.25,18.541666666666668,4,1,8,8,21,4,4,4,,,6,6,1,1,12,12,,,5,5,,,1,4,4,11,,18.541666666666668,8.333333333333334,,,8,21,,,2436,8,,,,,,,,4,4,3,3,,,,,,,,1,1,4,3,3,3,3,2,2,,,,,,,,,,,,,1.4583333333333333,,,1.4583333333333333,1.4583333333333333,,,,,3,3,3,,,,,,3,3,,,,,2,2,1,1,,,,,4,4,,,,1.0,2.1666666666666665,,,,3.0,,1,,3,,,,,,,,,,,,,,,,,1,1,3,3,6,6,1,1,2,2,1,1,3,3,,,3,3,6,6,,,,,,,,,,,,0.125,,,,,1,1,,,,,,,,,,,,5,5,1,1,1,1,3,3,,,1,1,,1.0,1.0,4.916666666666667,1.0,1.0,1.0,1.0,1,1,1,1,1,1,5,,,,,,,,2.875,3,1,1,4,4,11,,,,3,2.0,5.416666666666667,5.416666666666667,2.0,,,5176,21,,,,,,,6,6,3.875,2,2,6,,1,,,,,,,,,,,,,,,,,,,,,,,,,,,,,,,,,,,2,2,,,,,,,,,,,,,,,1,,,,,1,1,1,1,,,,,,
96401,pass,1,27,87408.0,96030.0,294,294,175,255,0,39,-376.0,12,-420,10,,,,,,,798,19,9,9,,,2,2,10,10,3,3,2,2,3,3,7,7,,,6,6,,,,,9,9,5,5,5,5,4,4,6,6,,,,,6,6,,,6,6,9,9,,,,10,6.0,,7.5,18.333333333333332,,,2.625,,7.083333333333333,7.5,5.958333333333333,9,,,,6,6,17,6,6,6,5,5,,,,,7,7,4,,,,,657,9,7.5,18.333333333333332,6,17,,,,,,,,,8,8,,,,,3,3,12,,,,,,,7.958333333333333,,13,,,2,2,4,4,1,1,5,5,,,,,4,4,8,8,1,1,1,1,,,,,,,,,,,,,8,8,,13,,,7.5,5.416666666666667,4.0,4.0,4.0,1.0,5.416666666666667,0.16666666666666666,14.791666666666666,,1,3,3,9,4,4,4,,,3,3,7,7,2,2,1,1,,,,,,2,2,6,,14.791666666666666,5.416666666666667,,,3,9,,,5232,17,,,,,,,,11,11,,,,,,,,,,5,5,20,,,3,3,4,4,,,,,,,,,,,,,3.0,,,3.0,3.0,,,,,3,3,3,,,,,,,,,,,,1,1,1,1,,,1,1,5,5,,,,1.0,2.0833333333333335,,,,3.0,,1,,3,,,,,,,0,1,,,0,3,,,,,2,2,3,3,7,7,1,1,1,1,1,1,3,3,,,3,3,5,5,,,,,,,,,5,5,,,,,,,1,1,,,,,,,,,,,,1,1,1,1,,,3,3,,,,,,0.16666666666666666,1.25,0.9166666666666666,0.16666666666666666,0.4166666666666667,1.25,0.4166666666666667,,,,,,,,1,1,3,,,2,2,2.5416666666666665,1,1,1,,,,,,,,,,,,,,2731,11,1,1,4,,,,4,4,2.2916666666666665,1,1,3,4,,,,,,,,,,,,,,,,,,,,,,,,,1,1,6,,,0.9166666666666666,0.16666666666666666,,,,,4,4,,,,,,,,,,,,,,,8,,,,,1,1,1,1,,,,,,
96401,pass,1,28,96030.0,102463.0,292,292,165,231,0,61,-376.0,12,-18406,439,,,,,,,20143,480,18,18,,,11,11,9,9,3,3,4,4,4,4,16,16,2,2,4,4,,,,,6,6,3,3,7,7,,,,,,,,,6,6,,,6,6,5,5,,,,8,6.0,,3.7916666666666665,11.166666666666666,,,3.625,,4.708333333333333,3.7916666666666665,11.25,15,,,,1,1,3,6,6,6,6,6,,,,,1,1,,,,,,711,10,3.7916666666666665,11.166666666666666,1,3,,,,,,,,,3,3,,,,,5,5,20,,,,,,,14.333333333333334,,16,,,4,4,4,4,2,2,6,6,,,,,1,1,3,3,1,1,,,1,1,,,,,,,,,,,13,13,11,,,24,3.4583333333333335,1.6666666666666667,6.458333333333333,4.0,4.0,1.0,1.6666666666666667,,5.125,,1,,,,4,4,8,,,,,3,3,,,1,1,,,,,,3,3,8,,5.125,1.6666666666666667,6.458333333333333,4.0,,,4,8,1876,6,,,,,,,,8,8,,,,,,,,,,3,3,12,,,3,3,3,3,,,,,,,,,,,,,4.291666666666667,,,3.0,3.0,,,,,3,3,6,,1371,6,,,2,2,,,,,1,1,1,1,,,,,7,7,,,,1.0,2.7916666666666665,,,,3.0,,1,,3,,,,,222,3,,,,,,,,,,,1,1,3,3,6,6,1,1,2,2,1,1,3,3,,,3,3,5,5,,,,,,,,,1,1,4.291666666666667,,3.0,3,6,,1,1,,,,,,,,,,,,,,,,,,,,,,,,,,0.5833333333333334,,,0.2916666666666667,0.5833333333333334,0.2916666666666667,,,,,,,,1,1,2,,,1,1,0.9583333333333334,,,,,,,,,,8,,,,,892,4,,,,,,,,,,,,2,2,6,4,,,,,,,,,,,,,,,,,,,,,,,,,,,,,,,,,,1,1,4,4,,,,,,,,,,,,,,,6,,,,,,,,,,,,,,
96401,pass,1,29,102463.0,112378.0,281,281,168,216,0,65,-376.0,12,,,,,,,,,1883,45,14,14,,,10,10,16,16,5,5,4,4,8,8,8,8,2,2,10,10,,,,,,,,,7,7,,,,,,,,,,,,,4,4,8,8,,,,28,6.0,,0.21739130434782608,0.6521739130434783,,,3.869565217391304,,2.0869565217391304,0.21739130434782608,16.695652173913043,,,,,,,,,6,6,5,5,,,,,,,,,,,,1230,18,0.21739130434782608,0.6521739130434783,,,,,,,,,,,9,9,,,,,1,1,3,,,,,,,18.782608695652176,,,,,,,,,,,,,,,,,,,,,1,1,,,,,,,,,,,,,,,14,14,24,,,,1.8695652173913044,,2.4347826086956523,1.2173913043478262,1.2173913043478262,1.0,,,,,,,,,,,,,,,,,,,,1,1,,,,,,1,1,2,,,,2.4347826086956523,1.2173913043478262,,,,,6052,19,,,4,4,8,,,10,10,,,,,826,12,,,,,,,,,1,1,,,,,,,,,,,,,,,4.391304347826087,,,2.0869565217391304,2.0869565217391304,,,,,,,,,,,,,2,2,,,,,4,4,,,,,6,6,8,8,,,,1.0,3.4347826086956523,,,,3.0,,,,,,,,,300,4,,,,,,,,,,,,,3,3,5,5,1,1,2,2,,,2,2,,,,,10,10,,,,,,,,,,,4.391304347826087,,2.0869565217391304,,,,,,,,2,2,4,,,,,,,,,,,,,,,,,,,,,0.6086956521739131,,,0.30434782608695654,0.6086956521739131,0.30434782608695654,,,,,,,,1,1,2,,,,,,,,,,,,,,,,,,,,,,,,,,,,,,,,,1,1,3,,,,,,,,,,,,,,,,,,,,,,,,,,,,,,,,,,,1,1,2,2,,,10,10,,,,,,,7,7,,,5,,,,,,,,,,,,,8,
96401,pure_wheat_rush,0,0,3000.0,824.0,116,116,44,86,0,30,-7.0,4,-941,33,-960,12,-80,8,-800,2,612,21,5,5,2,2,7,7,2,2,1,1,1,1,1,1,2,2,4,4,1,1,7,7,2,2,7,7,6,6,3,3,1,1,4,4,8,8,8,8,2,2,3,3,2,2,2,2,5,5,18,12,1.2916666666666667,3.2916666666666665,4.541666666666667,4.541666666666667,3.2916666666666665,0.5,0.375,3.2916666666666665,0.625,4.541666666666667,15.375,8,8,8,8,7,7,7,2,,,,,,,,,,,,,,,,,,,,,,,,,,,,,,,,,,,,,,,,,,,,,,,,,,,,,,,,,,,,,,,,,,,,,,,,,,,,,,,,,,,,,,,,,,,,,,,,,,,,,,,,,,,,,,,,,,,,,,,,,,,,,,,,,,,,,,,,,,,,,,,,,,,,,,,,,,,,,,,,,,,,,,,,,,,,,,,,,,,,,,,,,,,,,,,,,,,,,,,,,,,,,,,,,,,,,,,,,,,,,,,,,,,,,,,,,,,,,,,,,,,,,,,,,,,,,,,,,,,,,,,,,,,,,,,,,,,,,,,,,,,,,,,,,,,,,,,,,,,,,,,,,,,,,,,,,,,,,,,,,,,,,,,,,,,,,,,,,,,,,,,,,,,,,,,,,,,,,,,,,,,,,,,,,,,,,,,,,,,,,,,,,,,,,,,,,,,,,,,,,,,,,,,,,,,,,,,
96401,pure_wheat_rush,0,1,824.0,759.0,116,116,77,109,0,7,-7.0,4,-348,12,,,,,,,290,10,5,5,,,1,1,1,1,1,1,1,1,,,2,2,1,1,,,1,1,,,8,8,3,3,,,3,3,10,10,4,4,12,12,2,2,13,13,2,2,5,5,6,6,5,,2.0,10.458333333333334,7.458333333333333,7.458333333333333,10.458333333333334,,0.9583333333333334,10.458333333333334,11.583333333333334,7.458333333333333,5.083333333333333,3,12,12,12,8,8,8,2,2,2,2,2,11,11,7,7,6,6,2,,,,,,,,,,,,,,,,,,,,,,,,,,,,,,,,,,,,,,,,,,,,,,,,,,,,,,,,,,,,,,,,,,,,,,,,,,,,,,,,,,,,,,,,,,,,,,,,,,,,,,,,,,,,,,,,,,,,,,,,,,,,,,,,,,,,,,,,,,,,,,,,,,,,,,,,,,,,,,,,,,,,,,,,,,,,,,,,,,,,,,,,,,,,,,,,,,,,,,,,,,,,,,,,,,,,,,,,,,,,,,,,,,,,,,,,,,,,,,,,,,,,,,,,,,,,,,,,,,,,,,,,,,,,,,,,,,,,,,,,,,,,,,,,,,,,,,,,,,,,,,,,,,,,,,,,,,,,,,,,,,,,,,,,,,,,,,,,,,,,,,,,,,,,,,,,,,,,,,,,,,,,,,,,,,,,,,,,,,,,,,,,,,,,,,,,,,,,,,,,,,,,
96401,pure_wheat_rush,0,2,759.0,314.0,116,116,47,74,0,42,-7.0,4,-348,12,,,,,,,290,10,2,2,,,2,2,1,1,1,1,1,1,,,2,2,1,1,,,,,,,8,8,9,9,,,2,2,5,5,,,12,12,2,2,3,3,2,2,5,5,6,6,42,,2.0,12.0,8.0,12.916666666666666,12.0,,0.5833333333333334,12.0,9.333333333333334,8.0,3.0,3,12,12,12,8,8,15,2,2,2,1,1,2,2,3,3,2,2,,-380,19,-200,4,200,2,7.0,11.916666666666666,7,14,,,,,,,,,,,,,,,,,,,,,,,,,,,,,,,,,,,,,,,,,,,,,,,,,,,,,,,,,,,,,,,,,,,,,,,,,,,,,,,,,,,,,,,,,,,,,,,,,,,,,,,,,,,,,,,,,,,,,,,,,,,,,,,,,,,,,,,,,,,,,,,,,,,,,,,,,,,,,,,,,,,,,,,,,,,,,,,,,,,,,,,,,,,,,,,,,,,,,,,,,,,,,,,,,,,,,,,,,,,,,,,,,,,,,,,,,,,,,,,,,,,,,,,,,,,,,,,,,,,,,,,,,,,,,,,,,,,,,,,,,,,,,,,,,,,,,,,,,,,,,,,,,,,,,,,,,,,,,,,,,,,,,,,,,,,,,,,,,,,,,,,,,,,,,,,,,,,,,,,,,,,,,,,,,,,,,,,,,,,,,,,,,,,,,,,,,,
96401,pure_wheat_rush,0,3,314.0,446.0,116,116,63,96,0,20,-7.0,4,-60,2,,,,,,,,,,,,,,,1,1,1,1,1,1,,,2,2,1,1,,,,,,,8,8,4,4,,,3,3,8,8,,,12,12,2,2,6,6,2,2,3,3,6,6,20,,2.0,12.0,8.0,20.041666666666668,12.0,,0.875,12.0,11.375,8.0,0.5833333333333334,,12,12,12,8,8,23,2,2,2,3,3,4,4,8,8,2,2,,,,,,199,2,8.0,20.041666666666668,8,23,3,3,7,7,3,3,3,3,1,1,2.4166666666666665,3,,,,,,,,,,,,,,,,,,,,,,,,,,,,,,,,,,,,,,,,,,,,,,,,,,,,,,,,,,,,,,,,,,,,,,,,,,,,,,,,,,,,,,,,,,,,,,,,,,,,,,,,,,,,,,,,,,,,,,,,,,,,,,,,,,,,,,,,,,,,,,,,,,,,,,,,,,,,,,,,,,,,,,,,,,,,,,,,,,,,,,,,,,,,,,,,,,,,,,,,,,,,,,,,,,,,,,,,,,,,,,,,,,,,,,,,,,,,,,,,,,,,,,,,,,,,,,,,,,,,,,,,,,,,,,,,,,,,,,,,,,,,,,,,,,,,,,,,,,,,,,,,,,,,,,,,,,,,,,,,,,,,,,,,,,,,,,,,,,,,,,,,,,,,,,,,,,,,,,,,,,,,,,,,,,,,,,,,,,,,,,
96401,pure_wheat_rush,0,4,446.0,505.0,116,116,66,114,0,2,-7.0,4,-372,12,,,-70,7,,,310,10,2,2,,,2,2,3,3,1,1,1,1,,,2,2,,,,,7,7,,,15,15,6,6,,,4,4,5,5,,,10,10,2,2,4,4,2,2,1,1,9,9,2,,2.0,12.0,7.208333333333333,14.083333333333334,12.0,,0.6666666666666666,12.0,15.041666666666666,7.208333333333333,0.7916666666666666,,12,12,12,8,8,10,2,2,2,4,4,3,3,11,11,2,2,,,,,,198,2,3.625,10.5,1,3,,,4,4,2,2,2,2,,,3.0,3,1,1,7,7,28,3,,,,,,,,,,,,,,,,,,,,,,,,,,,,,,,,,,,,,,,,,,,,,,,,,,,,,,,,,,,,,,,,,,,,,,,,,,,,,,,,,,,,,,,,,,,,,,,,,,,,,,,,,,,,,,,,,,,,,,,,,,,,,,,,,,,,,,,,,,,,,,,,,,,,,,,,,,,,,,,,,,,,,,,,,,,,,,,,,,,,,,,,,,,,,,,,,,,,,,,,,,,,,,,,,,,,,,,,,,,,,,,,,,,,,,,,,,,,,,,,,,,,,,,,,,,,,,,,,,,,,,,,,,,,,,,,,,,,,,,,,,,,,,,,,,,,,,,,,,,,,,,,,,,,,,,,,,,,,,,,,,,,,,,,,,,,,,,,,,,,,,,,,,,,,,,,,,,,,,,,,,,,,,,,,,,,,,,,
96401,pure_wheat_rush,0,5,505.0,1311.0,116,116,66,99,0,17,-7.0,4,-22,1,,,,,,,637,28,,,,,,,,,1,1,1,1,,,2,2,,,,,,,,,8,8,7,7,,,6,6,6,6,,,12,12,2,2,6,6,2,2,4,4,5,5,2,,2.0,12.0,7.458333333333333,8.416666666666666,12.0,,0.7083333333333334,12.0,13.75,7.458333333333333,0.041666666666666664,,12,12,12,7,7,7,2,2,2,1,1,9,9,5,5,,,8,,,,,198,2,0.4583333333333333,1.4166666666666667,,,1,1,4,4,4,4,4,4,2,2,3.5,4,1,1,1,1,4,,,,,,7,,,,,,,,,,,,,,,,,,,,,,,,,,,,,,,,,,,,,,,,,,,,,,,,,,,,,,,,,,,,,3,3,,,,,,,,,,,,,,,,,,,,,,,,,,,,,,,,,,,,,,,,,,,,,,,,,,,,,,,,,,,,,,,,,,,,,,,,,,,,,,,,,,,,,,,,,,,,,,,,,,,,,,,,,,,,,,,,,,,,,,,,,,,,,,,,,,,,,,,,,,,,,,,,,,,,,,,,,,,,,,,,,,,,,,,,,,,,,,,,,,,,,,,,,,,,,,,,,,,,,,,,,,,,,,,,,,,,,,,,,,,,,,,,,,,,,,,,,,,,,,,,,,,,,,,,,,,,,,,,,,,,,,,,,,,,,,,,,,,,,,,,,,,,,,,,,,,,,,,,,,,,,,,,,,,,,
96401,pure_wheat_rush,0,6,1311.0,359.0,208,208,111,170,0,38,-54.0,8,,,,,-60,6,,,66,3,,,,,,,4,4,2,2,2,2,,,4,4,,,,,,,,,7,7,5,5,3,3,2,2,8,8,,,12,12,2,2,7,7,2,2,3,3,6,6,3,,2.0,16.458333333333332,7.0,11.916666666666666,12.0,,1.0833333333333333,12.0,10.5,7.0,,,12,12,20,7,7,14,2,2,2,3,3,6,6,7,7,8,8,,,,,,196,2,7.0,11.916666666666666,7,14,,,4,4,3,3,3,3,,,4.0,4,1,1,,,,1,-1000.0,1,-100,1,,15.333333333333334,,10,14,14,1,1,14,14,13,13,6,6,1,1,,,2,2,1,1,,,,,,,,,,,,,,,,,5,5,12,21,,2,0.625,0.6666666666666666,6.916666666666667,6.916666666666667,6.916666666666667,,0.6666666666666666,,0.6666666666666666,,,1,1,1,14,14,14,2,2,,,3,3,,,,,,,,,,,,,,,,,,,,,,,,,,,,,,,1,1,,,,,,,,,,,,,,,,,,,,,,,,,,,,,,,,,,,,,,,,,,,,,,,,,,,,,,,,,,,,,,,,,,,,,,,,,,,,,,,,,,,,,,,,,,,,,,,,,,,,,,,,,,,,,,,,,,,,,,,,,,,,,,,,,,,,,,,,,,1,1,,,,,,,,,,,,,,,,,,,,,,,,,,,,,,,,,,,,,,,,,,,,,,,,,,,,,,,,,,,,,,,,,,,,,,,,,,,,,,,,,,,,,,,,,,,,,,,,,,,,,,,,,,,,,,,,,,,,,,,,,,,,,,,,,,,,,,
96401,pure_wheat_rush,0,7,359.0,345.0,208,208,119,180,0,28,-54.0,8,-46,2,,,-10,1,,,,,,,,,,,,,2,2,2,2,,,,,,,,,,,,,7,7,4,4,,,2,2,7,7,,,12,12,2,2,2,2,2,2,5,5,8,8,,,2.0,25.5,7.0,18.416666666666668,12.0,,0.4583333333333333,12.0,11.833333333333334,7.0,,,12,12,32,7,7,21,2,2,2,1,1,5,5,8,8,,,,,,,,196,2,7.0,18.416666666666668,7,21,,,5,5,4,4,4,4,2,2,4.0,4,1,1,,,,,,,-100,1,10,4.833333333333333,,2,2,2,8,8,16,16,12,12,13,13,5,5,,,5,5,6,6,,,1,1,,,,,1,1,1,1,3,3,,,,,,18,,,11.416666666666666,3.7916666666666665,15.666666666666666,15.666666666666666,15.666666666666666,,3.7916666666666665,0.7083333333333334,3.7916666666666665,1,,6,6,6,16,16,16,1,1,7,7,10,10,2,2,,,,,,,,,,,,,,,,,,,,,,,,,,,,,,,,,,,,,,,,,,,,,,,,,,,,,,,,,,,,,,,,,,,,,,,,,,,,,,,,,,,,,,,,,,,,,,,,,,,,,,,,,,,,,,,,,,,,,,,,,,,,,,,,,,,,,,,,,,,,,,,,,,,,,,,,,,,,,,,,,,,,,,,,,,,,,,,,,,,,,,,,,,,,,,,,,,,,,,,,,,,,,,,,,,,,,,,,,,,,,,,,,,,,,,,,,,,,,,,,,,,,,,,,,,,,,,,,,,,,,,,,,,,,,,,,,,,,,,,,,,,,,,,,,,,,,,,,,,,,,,,
96401,pure_wheat_rush,0,8,345.0,300.0,208,208,144,203,0,5,-54.0,8,-56,2,,,-30,3,,,,,4,4,1,1,7,7,,,2,2,2,2,2,2,,,,,5,5,,,,,7,7,,,2,2,,,,,,,11,11,1,1,18,18,2,2,5,5,6,6,2,,2.0,36.0,3.0416666666666665,9.416666666666666,12.0,0.6666666666666666,1.0416666666666667,12.0,12.958333333333334,3.0416666666666665,3.2916666666666665,6,12,12,43,,,,2,2,2,2,2,6,6,12,12,1,1,,,,,,195,2,3.0416666666666665,9.416666666666666,,,,,3,3,3,3,5,5,,,4.0,4,1,1,7,7,28,2,,,-100,1,,0.5416666666666666,1,,,,11,11,15,15,14,14,14,14,1,1,,,1,1,4,4,,,1,1,,,,,1,1,1,1,,,1,1,1,1,,,2,1,12.0,6.708333333333333,25.166666666666668,16.0,16.0,,6.708333333333333,1.75,7.416666666666667,2,,7,7,8,16,16,30,2,2,1,1,3,3,9,9,,,3,3,,,5,2,2,12,,1.7083333333333333,1.0,23.166666666666668,14.0,1,2,14,28,,,,,,,,,,,,1,1,,,,,,,,,,,,,,,,,,,,,,,,,,,,,,,,,,,,,,,,,,,,,,,,,,,,,,,,,,,,,,,,,,,,,,,,,,,,,,,,,,,,,,,,,,,,,,,,,,,,,,,,,,,,,,,,,,,,,,,,,,,,,,,,,,,,,,,,,,,,,,,,,,,,,,,,,,,,,,,,,,,,,,,,,,,,,,,,,,,,,,,,,,,,,,,,,,,,,,,,,,,,,,,,,,,,,,,,,,,,,,,,,,,,,,,,,,,,,,,,,,,,,,,,,,,,,,,,,,,,,,,,,,,,,,,
96401,pure_wheat_rush,0,9,300.0,1404.0,208,208,129,207,0,1,-54.0,8,,,,,,,,,352,16,,,1,1,3,3,4,4,2,2,2,2,3,3,3,3,,,1,1,1,1,2,2,1,1,,,5,5,1,1,,,,,12,12,,,7,7,2,2,4,4,3,3,,,2.0,47.458333333333336,0.4583333333333333,0.4583333333333333,12.0,1.0,0.7916666666666666,12.0,10.833333333333334,0.4583333333333333,4.791666666666667,3,12,12,55,1,1,1,2,1,1,3,3,6,6,4,4,,,,,,,,194,2,,,,,,,3,3,1,1,8,8,2,2,4.0,4,5,5,,,,3,,,,,,2.6666666666666665,,8,2,2,4,4,17,17,7,7,13,13,2,2,,,4,4,8,8,,,3,3,,,,,1,1,3,3,3,3,,,5,5,1,,,,14.458333333333334,7.708333333333333,21.833333333333332,11.416666666666666,11.416666666666666,,7.708333333333333,2.75,11.208333333333334,3,,9,9,16,4,4,6,3,3,6,6,2,2,4,4,,,1,1,,,1,,,,,9.5,6.0,20.875,10.458333333333334,6,13,2,4,2112,12,-1500,3,14,14,41,1,1,6,6,,,0.4583333333333333,,,,,,,,,,1,1,1,1,,,,,,,1,1,1,1,1,1,1,1,0.3333333333333333,,,0.3333333333333333,0.3333333333333333,0.4166666666666667,1,,,1,1,1,2,,,,,,,,,1,1,,,,,,,,,,,,,,,,,,,,,1,1,,,,,,,,,,,,,,,,,,,,,,,,,,,,,,,,,,,,,,,,,,,,,,1,1,,,,,,,,,,,,,,,,,,,,,,,,,,,,,,,,,,,,,,,,,,,,,,,,,,,,,,,,,,,,,,,,,,,,,,,,,,,,,,,,,,,,,,,,,,,,,,,,,,,,,,,,,,,,,,,,,,,,,,,,,,,,,,,,,,,,,,,,,,,,,,,,,,,,,,,
96401,pure_wheat_rush,0,10,1404.0,1576.0,253,253,157,225,0,28,-143.0,10,-1192,54,,,,,-400,1,928,42,7,7,,,4,4,8,8,3,3,2,2,2,2,5,5,,,6,6,,,,,1,1,,,3,3,1,1,,,,,12,12,2,2,10,10,2,2,7,7,3,3,10,10,2.0,45.791666666666664,1.0,1.0,9.75,,1.7083333333333333,9.75,10.875,1.0,5.25,11,4,4,19,1,1,1,2,2,2,3,3,3,3,7,7,,,,,,,,,,,,,,,,7,7,4,4,5,5,2,2,4.0,4,3,3,,,,,,,,,5,10.083333333333334,,10,,,1,1,4,4,3,3,1,1,,,,,4,4,9,9,,,2,2,,,,,,,3,3,6,6,1,1,5,5,2,,,,8.25,8.375,3.0,2.4583333333333335,2.4583333333333335,,8.375,3.0,17.458333333333332,3,,8,8,19,2,2,2,3,3,1,1,1,1,12,12,,,5,5,,,,2,2,5,,15.458333333333334,6.375,1.0,0.4583333333333333,6,17,,,,,,,2,2,6,1,1,3,3,2,2,0.08333333333333333,1,979,27,8,8,48,1,1,4,,,1,1,2,2,2,2,2,2,3,3,1,1,2,2,6,6,1.0,29.375,5.75,1.0,1.0,2.0,,,,1,1,1,2,,,2,2,,,1,1,,,1,1,1,1,,,,,,,,,,1.0,0.3333333333333333,,,,,,1,,,,,,,,,0,4,0,2,,,,,,,1,1,,,,,1,1,1,1,1,1,,,,,,,,,,,,,,,,,,,,,,,,,,,,,,,,,,1,1,,,,,,,,,,,,,,,,,,,,,,,,,,,,,,,,,,,,,,,,,,,,,,,,,,,,,,,,,,,,,,,,,,,,,,,,1,,,,,,,,,,,,,,,,,,,,,,,,,,,,,,,,2,2,,,,,,,,,,,,,,,,,,,,,,,,,,,,,
96401,pure_wheat_rush,0,11,1576.0,9784.0,292,292,195,290,0,2,-376.0,12,-2137,76,,,-150,15,-1200,3,1271,43,3,3,3,3,1,1,7,7,4,4,4,4,2,2,5,5,,,2,2,5,5,2,2,5,5,5,5,2,2,1,1,1,1,,,3,3,2,2,1,1,2,2,8,8,1,1,,,2.125,19.083333333333332,2.7916666666666665,2.7916666666666665,3.9166666666666665,1.0416666666666667,2.3333333333333335,3.9166666666666665,8.083333333333334,2.7916666666666665,7.416666666666667,3,3,3,16,6,6,6,3,2,2,5,5,1,1,,,2,2,,,,,,194,2,1.0,1.0,1,1,,,4,4,2,2,9,9,5,5,4.0,4,10,10,,,,4,,,-800,8,,4.458333333333333,1,2,,,3,3,2,2,1,1,4,4,6,6,,,9,9,14,14,,,6,6,,,,,5,5,7,7,10,10,5,5,5,5,,,,1,6.916666666666667,9.083333333333334,3.2083333333333335,2.0,2.0,,9.083333333333334,5.916666666666667,18.0,8,,9,9,13,2,2,4,4,4,8,8,2,2,2,2,,,19,19,,,1,,,,,14.958333333333334,6.041666666666667,3.2083333333333335,2.0,3,7,2,4,770,5,-2000,4,,,,2,2,2,2,6,6,1.3333333333333333,1,610,18,1,1,6,5,5,20,,,1,1,1,1,,,1,1,5,5,1,1,2,2,6,6,1.2083333333333333,19.083333333333332,3.9166666666666665,1.0,1.0,2.125,2,3,16,1,1,2,3,12026,48,2,2,1,1,3,3,2,2,2,2,1,1,3,3,2,2,2,2,1,1,2,1.625,1.7083333333333333,4.0,4.0,2.5,0.5833333333333334,2.5,2,,1,2,3,2,3,,,,,,,,,,,,,4,4,,,,,1,1,1,1,2,2,1,1,1,1,1,1,,,1,1,,,2,2,,,1,1,1.2083333333333333,0.5833333333333334,1.0,1,2,1,,,,,,,,,,1,1,,,,,,,,,,,,,,,,,,,,,,,,,,,,,,,,,,,,,,,,,,,,,,,,,,,,,,,,,,,,,,,,,,,,,,,,1,,,,,,,,,,,,,,,,,,,,,,,,,,,,,,,,1,1,,,,,,,,,,,,,,,,,,,,,,,,,,,,,
96401,pure_wheat_rush,0,12,9784.0,11468.0,298,298,211,295,2,1,-376.0,12,-1660,52,,,-20,2,,,1921,61,3,3,1,1,2,2,2,2,4,4,3,3,2,2,3,3,,,4,4,3,3,2,2,4,4,2,2,10,10,4,4,4,4,,,3,3,3,3,1,1,4,4,6,6,,,,1,3.7916666666666665,10.166666666666666,7.583333333333333,8.291666666666666,1.875,0.6666666666666666,4.583333333333333,1.875,11.291666666666666,7.583333333333333,2.3333333333333335,2,,,,9,9,10,5,3,3,7,7,,,,,3,3,,,,,,480,5,1.0,1.7083333333333333,1,2,,,8,8,3,3,9,9,6,6,4.0,4,10,8,,,,7,,,-200,2,,1.4583333333333333,,,,,,,2,2,,,,,3,3,,,8,8,9,9,,,3,3,,,,,1,1,5,5,9,9,3,3,4,4,,,,,12.583333333333334,9.625,1.4166666666666667,0.6666666666666666,0.6666666666666666,,9.625,8.583333333333334,13.5,9,,11,11,15,,,,8,8,7,7,,,8,8,,,16,16,,,7,2,2,4,,6.291666666666667,2.4166666666666665,1.4166666666666667,0.6666666666666666,2,6,,,,,,,2,2,6,1,1,,,9,9,1.4583333333333333,1,,,3,3,18,1,1,4,,,1,1,1,1,,,1,1,7,7,3,3,3,3,7,7,1.0416666666666667,10.166666666666666,1.875,0.5,0.5,3.0,1,,,,,,3,1416,6,3,3,,,5,5,1,1,8,8,2,2,2,2,1,1,1,1,,,,2.2083333333333335,2.6666666666666665,8.0,8.0,3.0,1.0,3.0,3,2,1,3,8,3,8,123,2,,,,,,,,,1,1,5,5,1,1,1,1,2,2,5,5,1,1,1,1,1,1,1,1,3,3,1,1,,,2,2,1,1,,,1.0416666666666667,1.25,0.5,,,2,,,1,1,1,1,3,,,,,,,,,,,,,,,,,,,,,,,,,,,,,,,,,,,,,,,,,,,,,,,,,,,,,,,,,,,,,,,,,,,,,,,,,,,,,,,,,,,,,,,,,,,,,,,,,,,,,,,,,,,,,,,,,,,,,,,,,,,,,,,,,,,,,,,,,,
96401,pure_wheat_rush,0,13,11468.0,16921.0,292,292,215,292,0,0,-376.0,12,-1580,52,,,-30,3,,,1362,44,,,,,3,3,,,3,3,4,4,,,2,2,,,1,1,,,,,7,7,4,4,7,7,2,2,1,1,,,,,4,4,,,5,5,9,9,,,,,5.0,,8.875,13.041666666666666,,,5.375,,9.75,8.875,2.125,3,,,,8,8,13,5,5,5,10,10,,,,,7,7,,,,,,1038,11,5.875,10.041666666666666,5,10,,,3,3,2,2,7,7,7,7,4.0,4,3,3,1,1,3,4,,,,,,0.20833333333333334,,,,,,,,,,,,,1,1,,,9,9,12,12,,,4,4,,,,,1,1,6,6,10,10,8,8,1,1,,,,,13.25,10.375,,,,,10.375,9.416666666666666,15.75,10,,10,10,16,,,,4,4,7,7,,,6,6,,,12,12,,,4,,,,,12.5,7.125,,,6,12,,,659,4,,,,,,,,,,8,8,0.75,,324,9,,,,2,2,8,,,,,,,,,2,2,7,7,5,5,3,3,12,12,,,,,,3.0,,,,,,,3,4056,18,3,3,,,6,6,1,1,11,11,3,3,3,3,2,2,5,5,2,2,8,3.25,2.4166666666666665,11.666666666666666,11.666666666666666,3.9166666666666665,1.0,3.9166666666666665,4,,1,2,4,2,4,,,,,,,,,,,1,1,9,9,1,1,3,3,3,3,7,7,4,4,1,1,,,1,1,2,2,2,2,,,2,2,2,2,,,,2.0,,,,2,1,1,,,,,,,,,,,,,,,,,,,,,,,,,,,,,,,,,,,,,,,,,,,,,,,,,,,,,,,,,,,,,,,,,,,,,,,,,,,,,,,,,,,,,,,,,,,,,,,,,,,,,,,,,,,,,,,,,,,,,,,,,,,,,,,,,,,,,,,,,,,,,,,
96401,pure_wheat_rush,0,14,16921.0,17973.0,297,297,199,282,0,15,-376.0,12,-1685,55,-80,1,,,,,1599,52,,,,,,,,,4,4,3,3,,,,,,,,,2,2,,,10,10,3,3,8,8,7,7,4,4,1,1,1,1,5,5,,,5,5,7,7,1,1,,,5.0,0.6666666666666666,9.083333333333334,17.458333333333332,0.6666666666666666,,5.375,0.6666666666666666,8.75,9.083333333333334,1.25,,1,1,1,10,10,23,5,5,5,7,7,,,,,5,5,2,,,,,1105,12,8.0,16.375,8,21,,,5,5,4,4,9,9,5,5,4.0,4,2,2,,,,,,,,,,,,,,,,,,,,,,,,,,,13,13,10,10,,,4,4,,,,,,,8,8,9,9,4,4,,,,,,4,12.291666666666666,10.0,,,,,10.0,10.0,19.833333333333332,10,,10,10,25,,,,3,3,5,5,,,12,12,,,16,16,,,2,2,2,4,,18.833333333333332,9.0,,,9,24,,,,,,,,,,,,,,8,8,,,,,,,,,,,,,,,,,1,1,2,2,6,6,2,2,3,3,7,7,,,,,,3.0,,,,,,,3,,,3,3,,,4,4,,,4,4,4,4,2,2,1,1,4,4,2,2,6,4.0,3.75,6.0,6.0,3.2916666666666665,1.0,3.2916666666666665,4,3,1,2,2,2,2,489,8,,,,,,,,,1,1,9,9,1,1,1,1,4,4,9,9,1,1,1,1,,,1,1,3,3,2,2,1,1,2,2,,,,,,2.0,,,,2,1,1,1,1,,,,,,1,1,,,,,,,,,,,,,,,3,,,,,,,,,,,,,,,,,,,,,,,,1,1,,,,,,,,,,,,,,,,,,,6,,,,,,,,,,,,,,,,,,,,,,,,,,,,,,,,,,,,,,,,,,,,,,,,,,,,,,,,,,,,,,,,,,,,,,,,,,,
96401,pure_wheat_rush,0,15,17973.0,20361.0,298,298,200,298,0,0,-376.0,12,-1391,43,-80,1,-110,11,,,1338,41,3,3,,,7,7,3,3,4,4,3,3,4,4,2,2,2,2,8,8,2,2,1,1,9,9,5,5,1,1,8,8,3,3,,,,,5,5,,,5,5,9,9,,,,,5.0,1.0,9.291666666666666,20.291666666666668,1.0,,4.5,1.0,11.375,9.291666666666666,0.8333333333333334,4,1,1,1,7,7,12,5,5,5,8,8,,,,,2,2,,,,,,988,11,6.708333333333333,17.708333333333332,3,8,,,,,,,,,5,5,1.125,1,1,1,5,5,19,4,,,,,,1.5416666666666667,,2,,,,,,,,,,,4,4,,,3,3,14,14,,,4,4,,,,,,,4,4,9,9,9,9,3,3,,,,,12.0,8.458333333333334,,,,,8.458333333333334,10.0,19.541666666666668,10,,8,8,15,,,,,,8,8,,,7,7,,,9,9,,,6,,,,,18.0,6.916666666666667,,,4,11,,,763,4,,,,,,,,2,2,13,13,,,,,,,,6,6,24,,,,,,,,,3,3,2,2,2,2,3,3,6,6,,,,,,3.0,,,,,,,3,,,3,3,,,7,7,,,11,11,4,4,1,1,,,2,2,,,,4.0,2.0,1.0833333333333333,1.0833333333333333,1.0833333333333333,1.0,1.0833333333333333,4,,1,1,1,1,1,362,6,0,6,,,,,0,2,1,1,7,7,1,1,,,4,4,9,9,4,4,1,1,,,1,1,3,3,2,2,1,1,4,4,1,1,,,,2.0,,,,2,1,1,1,1,,,,,,1,1,,,,,,,,,,,,,,,,,,,,,,,,,,,,,,,,,,,1,1,2.75,2,1,1,,,,2,2,7,,,,,,894,4,,,1,1,4,,,,,,,,,,,,,,,,,,,,,,,,,,,,,,,,,,,,,,2,2,,,,,,,,,,,,,,,,,,,,,,,,,,,,,,,,,,,,,
96401,pure_wheat_rush,0,16,20361.0,22934.0,293,293,191,283,0,10,-376.0,12,-3111,96,-80,1,-60,6,,,3612,112,8,8,,,9,9,,,3,3,3,3,3,3,2,2,3,3,,,3,3,,,10,10,4,4,6,6,2,2,3,3,,,1,1,4,4,,,5,5,8,8,1,1,,1,5.0,1.0,7.0,10.791666666666666,1.0,,5.791666666666667,1.0,7.0,7.0,4.041666666666667,6,1,1,1,7,7,9,5,5,5,9,9,1,1,2,2,5,5,2,,,,,1050,12,3.5,7.291666666666667,2,4,,,,,1,1,,,5,5,1.0,1,,,3,3,11,,,,,,,1.4583333333333333,,2,,,,,,,,,,,2,2,,,7,7,10,10,,,3,3,,,,,,,7,7,7,7,4,4,1,1,,,2,2,11.958333333333334,8.0,,,,,8.0,10.0,13.333333333333334,10,,7,7,9,,,,1,1,6,6,,,7,7,,,10,10,,,3,2,2,5,,8.25,2.9166666666666665,,,1,3,,,,,,,,,,,,1,1,12,12,,,,,,,,3,3,12,,,,,,,,,2,2,7,7,4,4,3,3,6,6,,,,,,3.0,,,,,,,3,,,3,3,,,5,5,,,3,3,4,4,2,2,1,1,3,3,1,1,2,4.0,2.4166666666666665,1.5,1.5,0.75,1.0,0.75,4,,1,,,,,,,,,,,,,,,,,8,8,1,1,2,2,4,4,8,8,4,4,1,1,,,1,1,3,3,2,2,,,2,2,,,,,,2.0,,,,2,2,2,2,2,,,,,,1,1,1,1,,,1,1,,,1,1,,,,,2,0.5416666666666666,,0.5416666666666666,0.5416666666666666,,,,,,,,1,1,1,,,,1,1,2,2,1.9583333333333333,,,,,,,,,,,,,,,1538,7,,,,,,1,,,,,,,,,,,,,,,,,,,,,,,,,,,,,,,,,,,,,,,,,,,,,,,,,,,,,,,,,,,,,,,,,,,,,,,,,,,
96401,pure_wheat_rush,0,17,22934.0,24920.0,297,297,192,282,0,15,-376.0,12,-1653,53,-80,1,-10,1,,,1959,63,1,1,,,6,6,,,3,3,3,3,1,1,,,3,3,,,4,4,,,9,9,6,6,4,4,5,5,6,6,2,2,3,3,5,5,3,3,5,5,4,4,3,3,3,,5.0,2.4583333333333335,8.583333333333334,11.375,2.4583333333333335,,4.166666666666667,2.4583333333333335,8.083333333333334,8.583333333333334,2.9583333333333335,,3,3,3,11,11,15,5,5,5,9,9,,,2,2,3,3,6,,,,,1021,12,4.0,6.791666666666667,4,8,,,,,,,,,7,7,0.041666666666666664,,,,,,,2,,,,,,1.1666666666666667,,,,,,,,,,,,,3,3,,,7,7,10,10,,,7,7,,,,,,,8,8,9,9,5,5,,,,,,,11.125,7.833333333333333,,,,,7.833333333333333,10.0,10.625,10,,9,9,13,,,,,,6,6,,,19,19,,,9,9,,,2,,,,,7.208333333333333,4.416666666666667,,,4,8,,,1005,5,,,,,,,,,,15,15,,,,,,,,1,1,4,,,,,,,,,3,3,5,5,5,5,3,3,3,3,,,,,,3.0,,,,,,,3,,,3,3,,,4,4,,,2,2,4,4,1,1,1,1,3,3,,,,4.0,2.8333333333333335,,,,1.0,,4,1,1,,,,,120,2,,,,,,,,,,,8,8,1,1,3,3,4,4,9,9,3,3,1,1,,,1,1,1,1,2,2,,,1,1,2,2,,,,2.0,,,,2,1,1,,,,,,,,,,,,,,1,1,,,1,1,,,,,3,1.0,,1.0,1.0,,,,,,,,1,1,1,,,,1,1,,,0.9583333333333334,1,1,1,1,1,2,1,1,4,1,0.4166666666666667,0.8333333333333334,0.8333333333333334,0.4166666666666667,,,,,1,1,4,,,,,,,,,,1,,,,1,,,,,,,,,,,,,,,,,,,,,,,,,,,,,,,,,,,,,,,,,,,,,,,,,,,,,,,,,,,,,,
96401,pure_wheat_rush,0,18,24920.0,27309.0,298,298,206,295,0,3,-376.0,12,-302,10,,,-20,2,,,60,2,,,,,2,2,,,4,4,3,3,2,2,,,,,,,1,1,,,12,12,10,10,5,5,7,7,6,6,,,2,2,5,5,5,5,5,5,7,7,6,6,,2,5.0,3.0,10.333333333333334,15.125,3.0,,5.583333333333333,3.0,12.291666666666666,10.333333333333334,0.75,2,3,3,3,10,10,17,5,5,5,14,14,,,2,2,10,10,,,,-50,1,911,11,5.875,10.666666666666666,5,12,,,,,,,,,7,7,,,,,2,2,6,2,,,,,,,,,,,,,,,,,,,,,,,11,11,9,9,,,5,5,,,,,,,9,9,7,7,,,,,,,,1,11.916666666666666,9.0,,,,,9.0,10.0,16.208333333333332,10,,9,9,19,,,,,,4,4,,,13,13,,,10,10,,,2,2,2,5,,13.208333333333334,6.0,,,6,16,,,,,,,,,,,,,,11,11,,,,,,,,,,,,,,,,,,,3,3,8,8,4,4,3,3,5,5,,,,,,3.0,,,,,,,3,,,3,3,,,6,6,,,6,6,4,4,1,1,,,1,1,,,,4.0,3.4166666666666665,,,,1.0,,4,1,1,,,,,,,,,,,,,,,1,1,6,6,1,1,1,1,4,4,9,9,3,3,1,1,,,1,1,1,1,1,1,,,3,3,1,1,,,,2.0,,,,2,1,1,3,3,,,,,,,,,,,,,,,,,,,,,,,1.0,,1.0,1.0,,,,,,,,1,1,1,,,,1,1,1,1,0.9166666666666666,,1,1,1,1,2,2,2,6,,0.4583333333333333,0.9166666666666666,0.9166666666666666,0.4583333333333333,1736,8,430,2,2,2,8,,,,,,,,,,,,,,,,,,,,,,,,,,,,,,,,,,,,,,,,,,,,,,,,,,,,3,3,,,,,,,,,,,,,,,,,,,,,,,
96401,pure_wheat_rush,0,19,27309.0,32484.0,297,297,188,287,0,10,-376.0,12,-310,10,,,-70,7,,,348,11,1,1,,,1,1,,,3,3,3,3,,,1,1,,,1,1,3,3,,,10,10,3,3,6,6,7,7,4,4,,,2,2,5,5,4,4,5,5,7,7,8,8,,,5.0,3.0,10.375,17.208333333333332,3.0,,3.5416666666666665,3.0,10.791666666666666,10.375,1.625,1,3,3,3,11,11,19,5,5,5,6,6,,,2,2,3,3,3,,,,,1045,13,8.166666666666666,15.0,7,15,,,,,,,,,7,7,,,,,2,2,8,4,,,,,,0.9166666666666666,,1,,,,,,,,,,,3,3,,,5,5,12,12,,,5,5,,,,,,,9,9,10,10,11,11,3,3,,,,,11.25,8.083333333333334,,,,,8.083333333333334,10.0,16.75,10,,8,8,15,,,,,,3,3,,,6,6,,,9,9,,,1,1,1,6,,15.833333333333334,7.166666666666667,,,5,12,,,1042,5,,,,,,,,4,4,10,10,,,,,,,,4,4,16,,,,,,,,,3,3,6,6,4,4,3,3,5,5,,,,,,3.0,,,,,,,3,,,3,3,,,6,6,,,6,6,4,4,3,3,1,1,3,3,,,,4.0,3.25,,,,1.0,,4,,1,,,,,,,0,1,,,,,,,1,1,8,8,1,1,,,4,4,7,7,4,4,1,1,,,1,1,1,1,2,2,1,1,2,2,1,1,,,,2.0,,,,2,1,1,,,,,,,,,,,,,,1,1,,,,,,,1,1,2,1.0,,1.0,1.0,,,,,,,,1,1,1,,,,,,,,,,1,1,2,2,4,,,,,0.6666666666666666,1.3333333333333333,1.3333333333333333,0.6666666666666666,3058,14,438,2,1,1,3,,,,,,,1,1,6,2,,,,3,,,,,,,,,,,,,,,,,,,,,,,,1,1,,,,,,,,,,,,,2,2,1,1,,,,,,,,,,,,,,,,,,,,,
96401,pure_wheat_rush,0,20,32484.0,37022.0,291,291,189,287,0,4,-376.0,12,-408,13,,,-50,5,,,500,16,,,,,2,2,,,3,3,2,2,,,,,,,2,2,2,2,,,11,11,5,5,6,6,6,6,6,6,,,2,2,4,4,5,5,5,5,7,7,5,5,,,5.0,3.6666666666666665,10.458333333333334,18.833333333333332,3.0,,4.166666666666667,3.0,9.916666666666666,10.458333333333334,1.5416666666666667,2,3,3,4,10,10,17,5,5,5,9,9,,,5,5,9,9,,,,,,858,11,6.666666666666667,15.041666666666666,5,12,,,,,,,,,5,5,,,,,3,3,12,3,,,,,,1.0,,1,,,,,,,,,,,2,2,,,6,6,10,10,,,2,2,,,,,,,9,9,12,12,8,8,,,,,2,,12.416666666666666,8.0,,,,,8.0,10.0,14.333333333333334,10,,8,8,14,,,,,,7,7,,,5,5,,,7,7,,,2,3,3,12,,10.458333333333334,4.125,,,3,9,,,2466,12,,,,,,,,2,2,13,13,,,,,,,,2,2,8,,,,,,,,,3,3,2,2,2,2,3,3,6,6,,,,,,3.0,,,,,,,3,,,3,3,,,6,6,,,5,5,4,4,1,1,1,1,1,1,,,,4.0,2.75,,,,1.0,,4,,1,,,,,,,,,,,,,,,1,1,8,8,1,1,2,2,4,4,8,8,4,4,1,1,,,1,1,1,1,2,2,1,1,,,2,2,,,,2.0,,,,2,1,1,1,1,,,,,,,,,,,,,,,,,,,,3,3,,1.0,,1.0,1.0,,,,,,,,1,1,1,,,,4,4,,,,,1,1,1,1,2,1,1,4,,0.5833333333333334,1.1666666666666667,1.1666666666666667,0.5833333333333334,662,3,886,4,1,1,3,1,,,,,,,,,,,1,1,1,,,,,,,,,,,,,,,,,,,,,,,,,,,,0,3,,,,,,,,,3,3,,,,,,,,,,,,,,,,,,,,,,,
96401,pure_wheat_rush,0,21,37022.0,41168.0,291,291,187,289,0,2,-376.0,12,-399,13,,,-60,6,,,624,20,2,2,,,1,1,3,3,3,3,2,2,3,3,,,,,,,2,2,,,9,9,5,5,4,4,6,6,2,2,,,2,2,5,5,5,5,5,5,8,8,5,5,,,5.0,4.083333333333333,9.791666666666666,16.166666666666668,3.0,,3.8333333333333335,3.0,10.25,9.791666666666666,1.9583333333333333,3,3,3,5,8,8,12,5,5,5,7,7,1,1,4,4,4,4,,-20,1,,,609,8,6.625,13.0,4,8,,,,,,,,,4,4,,,,,4,4,14,4,,,,,,1.5833333333333333,,3,,,,,,,,,,,1,1,,,6,6,8,8,,,1,1,,,,,,,9,9,15,15,12,12,,,,,,,11.791666666666666,7.416666666666667,,,,,7.416666666666667,10.0,12.958333333333334,10,,6,6,9,,,,,,8,8,,,2,2,,,7,7,,,2,2,2,9,,10.625,5.083333333333333,,,3,6,,,2414,12,,,,,,,,4,4,10,10,,,,,,,,3,3,12,1,1,1,1,1,1,,,3,3,2,2,1,1,3,3,6,6,0.25,,,0.25,0.25,3.0,,,,1,1,1,3,,,3,3,,,6,6,,,5,5,4,4,1,1,1,1,1,1,,,,4.0,3.125,,,,1.0,,4,,1,,,,,,,0,11,,,0,3,0,4,1,1,12,12,1,1,3,3,4,4,5,5,4,4,1,1,,,1,1,1,1,2,2,,,,,3,3,,,,2.0,,,,2,1,1,2,2,,,,,,,,,,,,1,1,,,,,,,2,2,,1.0,,1.0,1.0,,,,,,,,1,1,1,,,,1,1,,,,,1,1,5,5,10,2,2,8,,4.125,6.25,6.25,4.125,904,4,450,2,2,2,8,,,,,,,1,1,3,,,,,2,0,6,1,1,2,1.5,1.5,0.75,0.75,,,,,,2,2,2,2,,,,,,,,,,0,8,,,1,1,,,,,3,3,,,,,,,,,,,,,,,,,,,,,,,
96401,pure_wheat_rush,0,22,41168.0,46437.0,292,292,163,259,0,33,-376.0,12,-401,13,,,-10,1,,,471,15,,,,,,,,,3,3,3,3,1,1,,,,,,,3,3,,,11,11,7,7,4,4,6,6,3,3,,,2,2,5,5,3,3,5,5,8,8,6,6,1,,5.0,5.333333333333333,8.791666666666666,14.875,3.0,,5.291666666666667,3.0,8.916666666666666,8.791666666666666,2.2083333333333335,1,3,3,6,10,10,18,5,5,5,5,5,1,1,4,4,2,2,5,,,,,596,8,5.416666666666667,11.5,5,13,,,,,,,,,5,5,,,,,1,1,3,1,,,,,,2.0416666666666665,,,,,,,,,,,,,3,3,,,3,3,9,9,,,4,4,,,,,,,10,10,10,10,4,4,,,,,7,3,9.5,6.958333333333333,,,,,6.958333333333333,10.0,12.375,10,,9,9,17,,,,,,7,7,,,6,6,,,5,5,,,,4,4,11,,10.416666666666666,5.0,,,5,13,,,1782,9,,,,,,,,,,13,13,,,,,,,,,,,,,1,1,,,,,3,3,5,5,3,3,3,3,7,7,1.0,,,1.0,1.0,3.0,,,,1,1,1,3,,,3,3,,,5,5,,,,,4,4,2,2,2,2,2,2,,,,4.0,2.2916666666666665,,,,1.0,,4,,1,,,,,,,,,,,,,,,1,1,7,7,1,1,2,2,4,4,7,7,4,4,1,1,,,1,1,1,1,2,2,,,2,2,,,,,,2.0,,,,2,1,1,4,4,,,,,,,,,,,,1,1,,,1,1,,,,,4,1.0,,1.5,1.0,,,,,,,,1,1,2,,,,2,2,,,,,1,1,,,,,,,,4.0,4.0,4.0,4.0,1827,8,1380,6,1,1,4,,,,,,,,,,3,4,1,1,5,,,,,,1.0,1.0,1.0,1.0,,1,1,1,1,4,4,4,4,,,,,,,,,,,,,,,,,,,,3,3,,,,,,,,,1,,,,,,,,,,,,,,
96401,pure_wheat_rush,0,23,46437.0,49638.0,298,298,193,294,0,4,-376.0,12,-419,13,,,-60,6,,,96,3,1,1,,,,,,,4,4,3,3,,,,,,,4,4,2,2,,,9,9,5,5,5,5,8,8,1,1,,,2,2,5,5,2,2,5,5,6,6,7,7,1,1,5.0,7.5,9.791666666666666,16.416666666666668,3.0,,2.8333333333333335,3.0,11.458333333333334,9.791666666666666,1.2083333333333333,2,3,3,8,9,9,14,5,5,5,10,10,1,1,4,4,1,1,2,,,,,870,12,5.916666666666667,12.541666666666666,4,9,,,,,,,,,3,3,,,,,3,3,12,4,,,,,,0.25,,,,,,,,,,,,,3,3,,,6,6,12,12,,,3,3,,,,,,,6,6,11,11,9,9,3,3,,,,,12.208333333333334,8.75,,,,,8.75,10.0,15.708333333333334,10,,9,9,14,,,,,,8,8,,,6,6,,,10,10,,,4,1,1,3,,11.5,4.541666666666667,,,3,8,,,2166,11,,,,,,,,1,1,11,11,,,,,,,,3,3,12,,,1,1,,,,,3,3,2,2,3,3,3,3,3,3,1.4583333333333333,,,1.0,1.0,3.0,,,,1,1,2,3,,,3,3,2,2,5,5,,,7,7,4,4,1,1,2,2,4,4,,,,4.0,3.2083333333333335,,,,1.0,,4,,1,,,,,,,0,3,,,0,3,0,1,1,1,11,11,1,1,,,4,4,8,8,4,4,1,1,,,1,1,3,3,2,2,2,2,3,3,1,1,,,1.4583333333333333,2.0,1.0,1,2,2,1,1,,,,,,,,,,,,,,1,1,,,1,1,,,1,1,,1.0,,2.3333333333333335,1.0,,,,,,,,1,1,3,,,,1,1,,,,,1,1,7,7,15,1,1,4,,6.125,9.666666666666666,9.666666666666666,6.125,924,4,,,1,1,4,,,,,,,1,1,3,,,,,,0,8,1,1,2,2.25,2.25,1.625,1.625,,1,1,1,1,3,3,3,3,,,,,,,,,,0,4,,,1,1,,,,,2,2,,,,,,,,,,,,,,,,,,,,,,,
96401,pure_wheat_rush,0,24,49638.0,56306.0,291,291,186,289,0,2,-376.0,12,-434,13,,,-60,6,,,770,23,1,1,,,,,,,3,3,2,2,2,2,1,1,,,,,4,4,,,12,12,6,6,8,8,8,8,2,2,,,3,3,4,4,3,3,5,5,7,7,6,6,1,,5.0,9.541666666666666,9.875,15.875,3.0,,5.541666666666667,3.0,9.333333333333334,9.875,1.3333333333333333,1,3,3,11,11,11,18,5,5,5,5,5,,,4,4,6,6,,,,,,634,9,5.875,11.875,5,12,,,,,,,,,5,5,,,,,2,2,7,2,,,,,,0.4583333333333333,,2,,,,,,,,,,,1,1,,,4,4,7,7,,,4,4,,,,,,,7,7,6,6,4,4,2,2,,,,1,12.125,8.583333333333334,,,,,8.583333333333334,9.041666666666666,12.833333333333334,9,,8,8,12,,,,,,6,6,,,3,3,,,6,6,,,5,4,4,12,,9.333333333333334,5.083333333333333,,,4,8,,,1182,6,,,,,,,,3,3,11,11,,,,,,,,2,2,8,,,1,1,1,1,,,3,3,4,4,5,5,3,3,9,9,1.625,4.666666666666667,1.0,0.7916666666666666,0.7916666666666666,3.0,,1,5,,,,3,,,3,3,1,1,6,6,,,7,7,4,4,2,2,2,2,3,3,,,,4.0,2.4583333333333335,,,,1.0,,4,,1,,,,,,,0,1,,,,,,,1,1,7,7,1,1,2,2,4,4,10,10,4,4,1,1,,,1,1,3,3,1,1,,,2,2,2,2,,,1.625,2.0,0.7916666666666666,,,2,1,1,1,1,1,1,3,,,,,,,,,1,1,,,1,1,,,,,,1.0,,3.4583333333333335,1.0,,,,,,,,1,1,4,,,,2,2,,,,,1,1,1,1,2,2,2,8,,2.4583333333333335,4.916666666666667,4.916666666666667,2.4583333333333335,2798,12,2154,9,2,2,8,,,,1,1,0.9166666666666666,,,,,,,,,0,2,1,1,3,2.5,2.5,0.8333333333333334,0.8333333333333334,,,,,,2,4,2,4,,,,,,1,1,,,,,,,,,,,,,3,3,3,3,,,,,,,,,,,,,,,,,,,,,
96401,pure_wheat_rush,0,25,56306.0,61183.0,291,291,192,287,0,4,-376.0,12,-442,13,,,-40,4,,,482,14,1,1,,,1,1,1,1,3,3,2,2,,,1,1,,,1,1,1,1,,,7,7,3,3,10,10,8,8,3,3,,,3,3,4,4,2,2,5,5,6,6,8,8,1,,5.0,11.041666666666666,10.875,18.333333333333332,2.9583333333333335,,3.7083333333333335,2.9583333333333335,12.208333333333334,10.875,1.1666666666666667,3,2,2,8,10,10,17,5,5,5,11,11,,,3,3,,,,,,,,752,11,6.375,13.833333333333334,5,12,,,,,,,,,4,4,,,,,2,2,8,5,,,,,,1.375,,1,,,,,,,,,,,2,2,,,7,7,10,10,,,4,4,,,,,,,8,8,8,8,7,7,6,6,,,1,,9.791666666666666,8.625,,,,,8.625,8.041666666666666,14.791666666666666,8,,9,9,17,,,,,,7,7,,,6,6,,,11,11,,,,1,1,3,,12.833333333333334,6.666666666666667,,,6,14,,,1732,9,,,,,,,,2,2,13,13,,,177,3,1,1,6,1,1,4,,,,,,,,,3,3,4,4,2,2,3,3,9,9,,4.833333333333333,0.9583333333333334,,,3.0,,,,,,,3,,,3,3,,,5,5,,,2,2,4,4,1,1,1,1,3,3,,,,4.0,3.25,,,,1.0,,4,,1,,,,,,,,,,,,,,,2,2,5,5,1,1,3,3,4,4,10,10,4,4,1,1,,,1,1,2,2,2,2,1,1,2,2,1,1,,,,2.0,,,,2,1,1,1,1,,,,,,,,,,,,1,1,,,1,1,,,,,,1.0,,4.291666666666667,1.0,,,,,,,,1,1,5,,,,3,3,,,,,1,1,5,5,12,,,,,6.166666666666667,10.583333333333334,10.583333333333334,6.166666666666667,1857,8,735,3,1,1,4,,,,,,0.9583333333333334,1,1,3,,,1,1,2,,,,,,1.0,1.0,1.0,1.0,1,1,1,1,1,3,3,3,3,,,,,,,,,,0,1,,,,,,,,,2,2,1,1,,,,,,,,,,,,,,,,,,,,,
96401,pure_wheat_rush,0,26,61183.0,68411.0,291,291,191,289,0,2,-376.0,12,-447,13,,,,,,,386,11,3,3,,,1,1,10,10,3,3,2,2,1,1,7,7,,,,,,,,,9,9,5,5,5,5,6,6,4,4,,,1,1,4,4,2,2,5,5,6,6,9,9,,,5.0,8.416666666666666,8.333333333333334,15.875,2.0,,4.958333333333333,2.0,8.791666666666666,8.333333333333334,1.7916666666666667,,2,2,9,7,7,15,5,5,5,10,10,,,1,1,11,11,,-240,12,,,728,11,7.333333333333333,14.875,6,14,,,,,,,,,4,4,,,,,3,3,11,3,,,,,,2.0416666666666665,,5,1,1,1,1,1,1,,,,,,,,,6,6,7,7,,,2,2,,,,,,,6,6,6,6,10,10,2,2,,,,1,11.583333333333334,8.125,0.2916666666666667,0.2916666666666667,0.2916666666666667,,8.125,7.041666666666667,16.583333333333332,7,,6,6,13,1,1,1,,,4,4,1,1,2,2,,,,,,,3,3,3,8,,14.583333333333334,6.125,,,4,11,,,2121,11,,,,,,,,4,4,6,6,,,,,,,,3,3,11,6,6,6,6,,,,,1,1,4,4,5,5,3,3,5,5,2.875,,,2.875,2.875,3.0,,,,6,6,6,3,1359,6,3,3,4,4,5,5,,,4,4,4,4,1,1,1,1,1,1,,,,4.0,2.2916666666666665,,,,1.0,,4,,1,,,,,,,0,4,,,,,0,2,,,6,6,1,1,1,1,4,4,7,7,4,4,1,1,,,1,1,2,2,1,1,1,1,2,2,2,2,1,1,,2.0,,,,2,1,1,2,2,,,,,,,,,,,,1,1,,,,,,,,,1,0.6666666666666666,,3.375,0.6666666666666666,,,,,,,,,,,,,,,,,,,,1,1,1,1,2,1,1,4,,3.75,4.5,4.5,3.75,701,3,2996,12,1,1,4,,,,1,1,1.8333333333333333,,,,,,,,,,,1,1,2,2.9166666666666665,2.9166666666666665,1.9583333333333333,1.9583333333333333,1,1,1,1,1,3,3,3,3,0,1,1,1,6,,,3.375,0.6666666666666666,,,1,1,3,3,,,,,2,2,3,3,,,,,,,,,,,,,,,,,,,,,
96401,pure_wheat_rush,0,27,68411.0,73597.0,292,292,192,283,0,9,-376.0,12,-455,13,,,,,,,742,21,4,4,,,1,1,5,5,3,3,3,3,2,2,3,3,,,,,,,,,7,7,,,4,4,7,7,4,4,,,2,2,5,5,2,2,5,5,6,6,8,8,,,5.0,9.083333333333334,5.916666666666667,13.791666666666666,1.8333333333333333,,4.25,1.8333333333333333,11.458333333333334,5.916666666666667,1.25,3,1,1,5,5,5,14,5,5,5,8,8,,,1,1,,,1,,,,,704,11,5.916666666666667,13.791666666666666,5,14,,,,,,,,,5,5,,,,,2,2,8,5,,,,,,6.291666666666667,,9,,,,,1,1,2,2,1,1,,,,,5,5,6,6,,,1,1,,,,,,,6,6,6,6,8,8,4,4,1,,,2,8.125,4.833333333333333,1.0,1.0,1.0,,4.833333333333333,7.0,11.583333333333334,7,,3,3,7,1,1,1,,,1,1,2,2,2,2,,,13,13,,,1,2,2,5,,11.583333333333334,4.833333333333333,,,3,7,,,566,3,,,,,,,,6,6,5,5,,,,,1,1,6,3,3,12,,,1,1,2,2,,,3,3,4,4,2,2,3,3,7,7,6.0,9.083333333333334,1.8333333333333333,6.0,6.0,3.0,,1,5,6,6,6,3,1110,5,3,3,3,3,6,6,,,9,9,4,4,4,4,2,2,2,2,,,,4.0,3.2083333333333335,,,,1.0,,4,,1,,,,,,,0,8,,,0,3,0,2,,,10,10,1,1,2,2,4,4,6,6,4,4,1,1,,,1,1,1,1,2,2,1,1,2,2,2,2,2,2,,2.0,,,,2,1,1,1,1,,,,,,,,,,,,,,,,,,,,,,3,,,,,,,,,,,,,,,,,,1,1,,,,,1,1,5,5,12,2,2,8,,3.5833333333333335,7.125,7.125,3.5833333333333335,1878,8,1017,4,2,2,8,,,,1,1,0.875,1,1,3,,,,,,0,7,1,1,2,1.4166666666666667,1.4166666666666667,0.7083333333333334,0.7083333333333334,,,,,,1,1,1,1,,,,,,,,,,0,4,1,1,2,2,,,,,2,2,1,1,,,,,,,2,,,,,,,,,,,,,,
96401,pure_wheat_rush,0,28,73597.0,81279.0,292,292,169,250,0,42,-376.0,12,-16235,453,,,,,,,16770,468,6,6,,,1,1,10,10,3,3,3,3,8,8,12,12,,,3,3,,,,,5,5,4,4,5,5,,,1,1,,,1,1,4,4,2,2,5,5,4,4,4,4,1,7,5.0,4.458333333333333,2.9166666666666665,8.333333333333334,0.875,,4.791666666666667,0.875,6.291666666666667,2.9166666666666665,5.208333333333333,8,,,,1,1,3,5,5,5,7,7,,,2,2,2,2,,,,,,619,10,2.9166666666666665,8.333333333333334,1,3,,,,,,,,,6,6,,,,,4,4,16,,,,,,,11.416666666666666,,15,,,1,1,1,1,1,1,1,1,,,,,2,2,3,3,,,,,,,,,,,2,2,,,1,1,11,11,5,,,16,3.0,2.375,1.5416666666666667,1.0,1.0,,2.375,2.2083333333333335,6.25,2,,2,2,6,1,1,2,,,2,2,1,1,2,2,,,2,2,,,,4,4,11,,6.25,2.375,1.5416666666666667,1.0,2,6,1,2,963,5,,,,,,,,4,4,1,1,,,,,1,1,6,1,1,4,,,6,6,1,1,,,3,3,3,3,1,1,3,3,7,7,9.833333333333334,4.458333333333333,0.875,6.0,6.0,3.0,,,,6,6,12,3,1302,6,3,3,5,5,4,4,,,6,6,4,4,3,3,2,2,1,1,,,,4.0,2.1666666666666665,,,,1.0,,4,,1,,,,,,,,,,,,,,,,,8,8,1,1,1,1,4,4,6,6,4,4,1,1,,,1,1,2,2,1,1,,,1,1,,,,,9.833333333333334,1.0416666666666667,6.0,6,12,1,1,1,2,2,,,,,,,,,,,,,,,,,,,,,,11,,,,,,,,,,,,,,,,,,,,,,0.9583333333333334,1,1,1,2,2,3,,,,,1.125,1.5,1.5,1.125,2823,12,1816,7,1,1,4,1,,,5,5,3.0,,,,1,,,,,,,1,1,2,1.25,1.25,0.625,0.625,,,,,,,,,,,,,,,,,,,,,1,1,4,4,,,,,2,2,,,,,,,,,,,,,,,,,,,,,,,
96401,pure_wheat_rush,0,29,81279.0,92429.0,279,279,209,268,0,11,-376.0,12,,,,,,,,,1749,50,8,8,,,10,10,17,17,4,4,4,4,12,12,15,15,2,2,4,4,,,,,,,,,13,13,,,,,,,,,,,,,4,4,7,7,,,,8,5.0,,1.0,3.0,,,4.6521739130434785,,5.260869565217392,1.0,9.826086956521738,,,,,,,,,5,5,10,10,,,,,,,,,,,,1404,24,1.0,3.0,,,,,,,,,,,6,6,,,,,,,,,,,,,,17.304347826086957,,,,,,,,,,,,,,,,,,,,,,,,,,,,,,,1,1,,,1,1,17,17,3,,,,1.826086956521739,0.7391304347826086,0.6086956521739131,0.30434782608695654,0.30434782608695654,,0.7391304347826086,1.0434782608695652,2.217391304347826,,,,,,,,,,,,,,,,,,,1,1,,,,,,,,2.217391304347826,0.7391304347826086,0.6086956521739131,0.30434782608695654,,,,,2665,14,,,1,1,2,,,8,8,,,,,697,10,,,,2,2,6,,,,,,,,,,,9,9,2,2,2,2,8,8,8.434782608695652,,,4.217391304347826,4.217391304347826,3.0,,,,,,,,1266,6,3,3,,,7,7,,,12,12,,,7,7,4,4,5,5,,,,4.0,4.260869565217392,,,,1.0,,,,,,,,,,,,,,,,,,,,,12,12,1,1,1,1,4,4,2,2,2,2,,,,,,,3,3,,,,,,,,,,,8.434782608695652,0.043478260869565216,4.217391304347826,,,,,,,,4,4,8,,,,,,,,,,,,,,,,,,,,,,,,,,,,,,,,,,,,,,,1,1,1.9130434782608696,,,,1,1,2,,,,,0.5217391304347826,1.0434782608695652,1.0434782608695652,0.5217391304347826,1888,8,1857,7,1,1,4,,,,1,1,0.6086956521739131,1,1,3,,,,,,,,,,,,,,,,,,,,,,,,,,,,,,,,,,,1,1,,,,,11,11,,,,,,,11,11,,,,,,,,,,,,,,,,,
96401,pure_wheat_rush,1,0,3000.0,824.0,116,116,44,86,0,30,-7.0,4,-941,33,-960,12,-80,8,-800,2,612,21,5,5,2,2,7,7,2,2,1,1,1,1,1,1,2,2,4,4,1,1,7,7,2,2,7,7,6,6,3,3,1,1,4,4,8,8,8,8,2,2,3,3,2,2,2,2,5,5,18,12,1.2916666666666667,3.2916666666666665,4.541666666666667,4.541666666666667,3.2916666666666665,0.5,0.375,3.2916666666666665,0.625,4.541666666666667,15.375,8,8,8,8,7,7,7,2,,,,,,,,,,,,,,,,,,,,,,,,,,,,,,,,,,,,,,,,,,,,,,,,,,,,,,,,,,,,,,,,,,,,,,,,,,,,,,,,,,,,,,,,,,,,,,,,,,,,,,,,,,,,,,,,,,,,,,,,,,,,,,,,,,,,,,,,,,,,,,,,,,,,,,,,,,,,,,,,,,,,,,,,,,,,,,,,,,,,,,,,,,,,,,,,,,,,,,,,,,,,,,,,,,,,,,,,,,,,,,,,,,,,,,,,,,,,,,,,,,,,,,,,,,,,,,,,,,,,,,,,,,,,,,,,,,,,,,,,,,,,,,,,,,,,,,,,,,,,,,,,,,,,,,,,,,,,,,,,,,,,,,,,,,,,,,,,,,,,,,,,,,,,,,,,,,,,,,,,,,,,,,,,,,,,,,,,,,,,,,,,,,,,,,,,,,,,,,,,,,,,,,,,,,,,,,,
96401,pure_wheat_rush,1,1,824.0,759.0,116,116,77,109,0,7,-7.0,4,-348,12,,,,,,,290,10,5,5,,,1,1,1,1,1,1,1,1,,,2,2,1,1,,,1,1,,,8,8,3,3,,,3,3,10,10,4,4,12,12,2,2,13,13,2,2,5,5,6,6,5,,2.0,10.458333333333334,7.458333333333333,7.458333333333333,10.458333333333334,,0.9583333333333334,10.458333333333334,11.583333333333334,7.458333333333333,5.083333333333333,3,12,12,12,8,8,8,2,2,2,2,2,11,11,7,7,6,6,2,,,,,,,,,,,,,,,,,,,,,,,,,,,,,,,,,,,,,,,,,,,,,,,,,,,,,,,,,,,,,,,,,,,,,,,,,,,,,,,,,,,,,,,,,,,,,,,,,,,,,,,,,,,,,,,,,,,,,,,,,,,,,,,,,,,,,,,,,,,,,,,,,,,,,,,,,,,,,,,,,,,,,,,,,,,,,,,,,,,,,,,,,,,,,,,,,,,,,,,,,,,,,,,,,,,,,,,,,,,,,,,,,,,,,,,,,,,,,,,,,,,,,,,,,,,,,,,,,,,,,,,,,,,,,,,,,,,,,,,,,,,,,,,,,,,,,,,,,,,,,,,,,,,,,,,,,,,,,,,,,,,,,,,,,,,,,,,,,,,,,,,,,,,,,,,,,,,,,,,,,,,,,,,,,,,,,,,,,,,,,,,,,,,,,,,,,,,,,,,,,,,,
96401,pure_wheat_rush,1,2,759.0,314.0,116,116,47,74,0,42,-7.0,4,-348,12,,,,,,,290,10,2,2,,,2,2,1,1,1,1,1,1,,,2,2,1,1,,,,,,,8,8,9,9,,,2,2,5,5,,,12,12,2,2,3,3,2,2,5,5,6,6,42,,2.0,12.0,8.0,12.916666666666666,12.0,,0.5833333333333334,12.0,9.333333333333334,8.0,3.0,3,12,12,12,8,8,15,2,2,2,1,1,2,2,3,3,2,2,,-380,19,-200,4,200,2,7.0,11.916666666666666,7,14,,,,,,,,,,,,,,,,,,,,,,,,,,,,,,,,,,,,,,,,,,,,,,,,,,,,,,,,,,,,,,,,,,,,,,,,,,,,,,,,,,,,,,,,,,,,,,,,,,,,,,,,,,,,,,,,,,,,,,,,,,,,,,,,,,,,,,,,,,,,,,,,,,,,,,,,,,,,,,,,,,,,,,,,,,,,,,,,,,,,,,,,,,,,,,,,,,,,,,,,,,,,,,,,,,,,,,,,,,,,,,,,,,,,,,,,,,,,,,,,,,,,,,,,,,,,,,,,,,,,,,,,,,,,,,,,,,,,,,,,,,,,,,,,,,,,,,,,,,,,,,,,,,,,,,,,,,,,,,,,,,,,,,,,,,,,,,,,,,,,,,,,,,,,,,,,,,,,,,,,,,,,,,,,,,,,,,,,,,,,,,,,,,,,,,,,,,
96401,pure_wheat_rush,1,3,314.0,446.0,116,116,63,96,0,20,-7.0,4,-60,2,,,,,,,,,,,,,,,1,1,1,1,1,1,,,2,2,1,1,,,,,,,8,8,4,4,,,3,3,8,8,,,12,12,2,2,6,6,2,2,3,3,6,6,20,,2.0,12.0,8.0,20.041666666666668,12.0,,0.875,12.0,11.375,8.0,0.5833333333333334,,12,12,12,8,8,23,2,2,2,3,3,4,4,8,8,2,2,,,,,,199,2,8.0,20.041666666666668,8,23,3,3,7,7,3,3,3,3,1,1,2.4166666666666665,3,,,,,,,,,,,,,,,,,,,,,,,,,,,,,,,,,,,,,,,,,,,,,,,,,,,,,,,,,,,,,,,,,,,,,,,,,,,,,,,,,,,,,,,,,,,,,,,,,,,,,,,,,,,,,,,,,,,,,,,,,,,,,,,,,,,,,,,,,,,,,,,,,,,,,,,,,,,,,,,,,,,,,,,,,,,,,,,,,,,,,,,,,,,,,,,,,,,,,,,,,,,,,,,,,,,,,,,,,,,,,,,,,,,,,,,,,,,,,,,,,,,,,,,,,,,,,,,,,,,,,,,,,,,,,,,,,,,,,,,,,,,,,,,,,,,,,,,,,,,,,,,,,,,,,,,,,,,,,,,,,,,,,,,,,,,,,,,,,,,,,,,,,,,,,,,,,,,,,,,,,,,,,,,,,,,,,,,,,,,,,,
96401,pure_wheat_rush,1,4,446.0,505.0,116,116,66,114,0,2,-7.0,4,-372,12,,,-70,7,,,310,10,2,2,,,2,2,3,3,1,1,1,1,,,2,2,,,,,7,7,,,15,15,6,6,,,4,4,5,5,,,10,10,2,2,4,4,2,2,1,1,9,9,2,,2.0,12.0,7.208333333333333,14.083333333333334,12.0,,0.6666666666666666,12.0,15.041666666666666,7.208333333333333,0.7916666666666666,,12,12,12,8,8,10,2,2,2,4,4,3,3,11,11,2,2,,,,,,198,2,3.625,10.5,1,3,,,4,4,2,2,2,2,,,3.0,3,1,1,7,7,28,3,,,,,,,,,,,,,,,,,,,,,,,,,,,,,,,,,,,,,,,,,,,,,,,,,,,,,,,,,,,,,,,,,,,,,,,,,,,,,,,,,,,,,,,,,,,,,,,,,,,,,,,,,,,,,,,,,,,,,,,,,,,,,,,,,,,,,,,,,,,,,,,,,,,,,,,,,,,,,,,,,,,,,,,,,,,,,,,,,,,,,,,,,,,,,,,,,,,,,,,,,,,,,,,,,,,,,,,,,,,,,,,,,,,,,,,,,,,,,,,,,,,,,,,,,,,,,,,,,,,,,,,,,,,,,,,,,,,,,,,,,,,,,,,,,,,,,,,,,,,,,,,,,,,,,,,,,,,,,,,,,,,,,,,,,,,,,,,,,,,,,,,,,,,,,,,,,,,,,,,,,,,,,,,,,,,,,,,,
96401,pure_wheat_rush,1,5,505.0,1311.0,116,116,66,99,0,17,-7.0,4,-22,1,,,,,,,637,28,,,,,,,,,1,1,1,1,,,2,2,,,,,,,,,8,8,7,7,,,6,6,6,6,,,12,12,2,2,6,6,2,2,4,4,5,5,2,,2.0,12.0,7.458333333333333,8.416666666666666,12.0,,0.7083333333333334,12.0,13.75,7.458333333333333,0.041666666666666664,,12,12,12,7,7,7,2,2,2,1,1,9,9,5,5,,,8,,,,,198,2,0.4583333333333333,1.4166666666666667,,,1,1,4,4,4,4,4,4,2,2,3.5,4,1,1,1,1,4,,,,,,7,,,,,,,,,,,,,,,,,,,,,,,,,,,,,,,,,,,,,,,,,,,,,,,,,,,,,,,,,,,,,3,3,,,,,,,,,,,,,,,,,,,,,,,,,,,,,,,,,,,,,,,,,,,,,,,,,,,,,,,,,,,,,,,,,,,,,,,,,,,,,,,,,,,,,,,,,,,,,,,,,,,,,,,,,,,,,,,,,,,,,,,,,,,,,,,,,,,,,,,,,,,,,,,,,,,,,,,,,,,,,,,,,,,,,,,,,,,,,,,,,,,,,,,,,,,,,,,,,,,,,,,,,,,,,,,,,,,,,,,,,,,,,,,,,,,,,,,,,,,,,,,,,,,,,,,,,,,,,,,,,,,,,,,,,,,,,,,,,,,,,,,,,,,,,,,,,,,,,,,,,,,,,,,,,,,,,
96401,pure_wheat_rush,1,6,1311.0,359.0,208,208,111,170,0,38,-54.0,8,,,,,-60,6,,,66,3,,,,,,,4,4,2,2,2,2,,,4,4,,,,,,,,,7,7,5,5,3,3,2,2,8,8,,,12,12,2,2,7,7,2,2,3,3,6,6,3,,2.0,16.458333333333332,7.0,11.916666666666666,12.0,,1.0833333333333333,12.0,10.5,7.0,,,12,12,20,7,7,14,2,2,2,3,3,6,6,7,7,8,8,,,,,,196,2,7.0,11.916666666666666,7,14,,,4,4,3,3,3,3,,,4.0,4,1,1,,,,1,-1000.0,1,-100,1,,15.333333333333334,,10,14,14,1,1,14,14,13,13,6,6,1,1,,,2,2,1,1,,,,,,,,,,,,,,,,,5,5,12,21,,2,0.625,0.6666666666666666,6.916666666666667,6.916666666666667,6.916666666666667,,0.6666666666666666,,0.6666666666666666,,,1,1,1,14,14,14,2,2,,,3,3,,,,,,,,,,,,,,,,,,,,,,,,,,,,,,,1,1,,,,,,,,,,,,,,,,,,,,,,,,,,,,,,,,,,,,,,,,,,,,,,,,,,,,,,,,,,,,,,,,,,,,,,,,,,,,,,,,,,,,,,,,,,,,,,,,,,,,,,,,,,,,,,,,,,,,,,,,,,,,,,,,,,,,,,,,,,1,1,,,,,,,,,,,,,,,,,,,,,,,,,,,,,,,,,,,,,,,,,,,,,,,,,,,,,,,,,,,,,,,,,,,,,,,,,,,,,,,,,,,,,,,,,,,,,,,,,,,,,,,,,,,,,,,,,,,,,,,,,,,,,,,,,,,,,,
96401,pure_wheat_rush,1,7,359.0,345.0,208,208,119,180,0,28,-54.0,8,-46,2,,,-10,1,,,,,,,,,,,,,2,2,2,2,,,,,,,,,,,,,7,7,4,4,,,2,2,7,7,,,12,12,2,2,2,2,2,2,5,5,8,8,,,2.0,25.5,7.0,18.416666666666668,12.0,,0.4583333333333333,12.0,11.833333333333334,7.0,,,12,12,32,7,7,21,2,2,2,1,1,5,5,8,8,,,,,,,,196,2,7.0,18.416666666666668,7,21,,,5,5,4,4,4,4,2,2,4.0,4,1,1,,,,,,,-100,1,10,4.833333333333333,,2,2,2,8,8,16,16,12,12,13,13,5,5,,,5,5,6,6,,,1,1,,,,,1,1,1,1,3,3,,,,,,18,,,11.416666666666666,3.7916666666666665,15.666666666666666,15.666666666666666,15.666666666666666,,3.7916666666666665,0.7083333333333334,3.7916666666666665,1,,6,6,6,16,16,16,1,1,7,7,10,10,2,2,,,,,,,,,,,,,,,,,,,,,,,,,,,,,,,,,,,,,,,,,,,,,,,,,,,,,,,,,,,,,,,,,,,,,,,,,,,,,,,,,,,,,,,,,,,,,,,,,,,,,,,,,,,,,,,,,,,,,,,,,,,,,,,,,,,,,,,,,,,,,,,,,,,,,,,,,,,,,,,,,,,,,,,,,,,,,,,,,,,,,,,,,,,,,,,,,,,,,,,,,,,,,,,,,,,,,,,,,,,,,,,,,,,,,,,,,,,,,,,,,,,,,,,,,,,,,,,,,,,,,,,,,,,,,,,,,,,,,,,,,,,,,,,,,,,,,,,,,,,,,,,
96401,pure_wheat_rush,1,8,345.0,300.0,208,208,144,203,0,5,-54.0,8,-56,2,,,-30,3,,,,,4,4,1,1,7,7,,,2,2,2,2,2,2,,,,,5,5,,,,,7,7,,,2,2,,,,,,,11,11,1,1,18,18,2,2,5,5,6,6,2,,2.0,36.0,3.0416666666666665,9.416666666666666,12.0,0.6666666666666666,1.0416666666666667,12.0,12.958333333333334,3.0416666666666665,3.2916666666666665,6,12,12,43,,,,2,2,2,2,2,6,6,12,12,1,1,,,,,,195,2,3.0416666666666665,9.416666666666666,,,,,3,3,3,3,5,5,,,4.0,4,1,1,7,7,28,2,,,-100,1,,0.5416666666666666,1,,,,11,11,15,15,14,14,14,14,1,1,,,1,1,4,4,,,1,1,,,,,1,1,1,1,,,1,1,1,1,,,2,1,12.0,6.708333333333333,25.166666666666668,16.0,16.0,,6.708333333333333,1.75,7.416666666666667,2,,7,7,8,16,16,30,2,2,1,1,3,3,9,9,,,3,3,,,5,2,2,12,,1.7083333333333333,1.0,23.166666666666668,14.0,1,2,14,28,,,,,,,,,,,,1,1,,,,,,,,,,,,,,,,,,,,,,,,,,,,,,,,,,,,,,,,,,,,,,,,,,,,,,,,,,,,,,,,,,,,,,,,,,,,,,,,,,,,,,,,,,,,,,,,,,,,,,,,,,,,,,,,,,,,,,,,,,,,,,,,,,,,,,,,,,,,,,,,,,,,,,,,,,,,,,,,,,,,,,,,,,,,,,,,,,,,,,,,,,,,,,,,,,,,,,,,,,,,,,,,,,,,,,,,,,,,,,,,,,,,,,,,,,,,,,,,,,,,,,,,,,,,,,,,,,,,,,,,,,,,,,,
96401,pure_wheat_rush,1,9,300.0,1404.0,208,208,129,207,0,1,-54.0,8,,,,,,,,,352,16,,,1,1,3,3,4,4,2,2,2,2,3,3,3,3,,,1,1,1,1,2,2,1,1,,,5,5,1,1,,,,,12,12,,,7,7,2,2,4,4,3,3,,,2.0,47.458333333333336,0.4583333333333333,0.4583333333333333,12.0,1.0,0.7916666666666666,12.0,10.833333333333334,0.4583333333333333,4.791666666666667,3,12,12,55,1,1,1,2,1,1,3,3,6,6,4,4,,,,,,,,194,2,,,,,,,3,3,1,1,8,8,2,2,4.0,4,5,5,,,,3,,,,,,2.6666666666666665,,8,2,2,4,4,17,17,7,7,13,13,2,2,,,4,4,8,8,,,3,3,,,,,1,1,3,3,3,3,,,5,5,1,,,,14.458333333333334,7.708333333333333,21.833333333333332,11.416666666666666,11.416666666666666,,7.708333333333333,2.75,11.208333333333334,3,,9,9,16,4,4,6,3,3,6,6,2,2,4,4,,,1,1,,,1,,,,,9.5,6.0,20.875,10.458333333333334,6,13,2,4,2112,12,-1500,3,14,14,41,1,1,6,6,,,0.4583333333333333,,,,,,,,,,1,1,1,1,,,,,,,1,1,1,1,1,1,1,1,0.3333333333333333,,,0.3333333333333333,0.3333333333333333,0.4166666666666667,1,,,1,1,1,2,,,,,,,,,1,1,,,,,,,,,,,,,,,,,,,,,1,1,,,,,,,,,,,,,,,,,,,,,,,,,,,,,,,,,,,,,,,,,,,,,,1,1,,,,,,,,,,,,,,,,,,,,,,,,,,,,,,,,,,,,,,,,,,,,,,,,,,,,,,,,,,,,,,,,,,,,,,,,,,,,,,,,,,,,,,,,,,,,,,,,,,,,,,,,,,,,,,,,,,,,,,,,,,,,,,,,,,,,,,,,,,,,,,,,,,,,,,,
96401,pure_wheat_rush,1,10,1404.0,1576.0,253,253,157,225,0,28,-143.0,10,-1192,54,,,,,-400,1,928,42,7,7,,,4,4,8,8,3,3,2,2,2,2,5,5,,,6,6,,,,,1,1,,,3,3,1,1,,,,,12,12,2,2,10,10,2,2,7,7,3,3,10,10,2.0,45.791666666666664,1.0,1.0,9.75,,1.7083333333333333,9.75,10.875,1.0,5.25,11,4,4,19,1,1,1,2,2,2,3,3,3,3,7,7,,,,,,,,,,,,,,,,7,7,4,4,5,5,2,2,4.0,4,3,3,,,,,,,,,5,10.083333333333334,,10,,,1,1,4,4,3,3,1,1,,,,,4,4,9,9,,,2,2,,,,,,,3,3,6,6,1,1,5,5,2,,,,8.25,8.375,3.0,2.4583333333333335,2.4583333333333335,,8.375,3.0,17.458333333333332,3,,8,8,19,2,2,2,3,3,1,1,1,1,12,12,,,5,5,,,,2,2,5,,15.458333333333334,6.375,1.0,0.4583333333333333,6,17,,,,,,,2,2,6,1,1,3,3,2,2,0.08333333333333333,1,979,27,8,8,48,1,1,4,,,1,1,2,2,2,2,2,2,3,3,1,1,2,2,6,6,1.0,29.375,5.75,1.0,1.0,2.0,,,,1,1,1,2,,,2,2,,,1,1,,,1,1,1,1,,,,,,,,,,1.0,0.3333333333333333,,,,,,1,,,,,,,,,0,4,0,2,,,,,,,1,1,,,,,1,1,1,1,1,1,,,,,,,,,,,,,,,,,,,,,,,,,,,,,,,,,,1,1,,,,,,,,,,,,,,,,,,,,,,,,,,,,,,,,,,,,,,,,,,,,,,,,,,,,,,,,,,,,,,,,,,,,,,,,1,,,,,,,,,,,,,,,,,,,,,,,,,,,,,,,,2,2,,,,,,,,,,,,,,,,,,,,,,,,,,,,,
96401,pure_wheat_rush,1,11,1576.0,9784.0,292,292,195,290,0,2,-376.0,12,-2137,76,,,-150,15,-1200,3,1271,43,3,3,3,3,1,1,7,7,4,4,4,4,2,2,5,5,,,2,2,5,5,2,2,5,5,5,5,2,2,1,1,1,1,,,3,3,2,2,1,1,2,2,8,8,1,1,,,2.125,19.083333333333332,2.7916666666666665,2.7916666666666665,3.9166666666666665,1.0416666666666667,2.3333333333333335,3.9166666666666665,8.083333333333334,2.7916666666666665,7.416666666666667,3,3,3,16,6,6,6,3,2,2,5,5,1,1,,,2,2,,,,,,194,2,1.0,1.0,1,1,,,4,4,2,2,9,9,5,5,4.0,4,10,10,,,,4,,,-800,8,,4.458333333333333,1,2,,,3,3,2,2,1,1,4,4,6,6,,,9,9,14,14,,,6,6,,,,,5,5,7,7,10,10,5,5,5,5,,,,1,6.916666666666667,9.083333333333334,3.2083333333333335,2.0,2.0,,9.083333333333334,5.916666666666667,18.0,8,,9,9,13,2,2,4,4,4,8,8,2,2,2,2,,,19,19,,,1,,,,,14.958333333333334,6.041666666666667,3.2083333333333335,2.0,3,7,2,4,770,5,-2000,4,,,,2,2,2,2,6,6,1.3333333333333333,1,610,18,1,1,6,5,5,20,,,1,1,1,1,,,1,1,5,5,1,1,2,2,6,6,1.2083333333333333,19.083333333333332,3.9166666666666665,1.0,1.0,2.125,2,3,16,1,1,2,3,12026,48,2,2,1,1,3,3,2,2,2,2,1,1,3,3,2,2,2,2,1,1,2,1.625,1.7083333333333333,4.0,4.0,2.5,0.5833333333333334,2.5,2,,1,2,3,2,3,,,,,,,,,,,,,4,4,,,,,1,1,1,1,2,2,1,1,1,1,1,1,,,1,1,,,2,2,,,1,1,1.2083333333333333,0.5833333333333334,1.0,1,2,1,,,,,,,,,,1,1,,,,,,,,,,,,,,,,,,,,,,,,,,,,,,,,,,,,,,,,,,,,,,,,,,,,,,,,,,,,,,,,,,,,,,,,1,,,,,,,,,,,,,,,,,,,,,,,,,,,,,,,,1,1,,,,,,,,,,,,,,,,,,,,,,,,,,,,,
96401,pure_wheat_rush,1,12,9784.0,11468.0,298,298,211,295,2,1,-376.0,12,-1660,52,,,-20,2,,,1921,61,3,3,1,1,2,2,2,2,4,4,3,3,2,2,3,3,,,4,4,3,3,2,2,4,4,2,2,10,10,4,4,4,4,,,3,3,3,3,1,1,4,4,6,6,,,,1,3.7916666666666665,10.166666666666666,7.583333333333333,8.291666666666666,1.875,0.6666666666666666,4.583333333333333,1.875,11.291666666666666,7.583333333333333,2.3333333333333335,2,,,,9,9,10,5,3,3,7,7,,,,,3,3,,,,,,480,5,1.0,1.7083333333333333,1,2,,,8,8,3,3,9,9,6,6,4.0,4,10,8,,,,7,,,-200,2,,1.4583333333333333,,,,,,,2,2,,,,,3,3,,,8,8,9,9,,,3,3,,,,,1,1,5,5,9,9,3,3,4,4,,,,,12.583333333333334,9.625,1.4166666666666667,0.6666666666666666,0.6666666666666666,,9.625,8.583333333333334,13.5,9,,11,11,15,,,,8,8,7,7,,,8,8,,,16,16,,,7,2,2,4,,6.291666666666667,2.4166666666666665,1.4166666666666667,0.6666666666666666,2,6,,,,,,,2,2,6,1,1,,,9,9,1.4583333333333333,1,,,3,3,18,1,1,4,,,1,1,1,1,,,1,1,7,7,3,3,3,3,7,7,1.0416666666666667,10.166666666666666,1.875,0.5,0.5,3.0,1,,,,,,3,1416,6,3,3,,,5,5,1,1,8,8,2,2,2,2,1,1,1,1,,,,2.2083333333333335,2.6666666666666665,8.0,8.0,3.0,1.0,3.0,3,2,1,3,8,3,8,123,2,,,,,,,,,1,1,5,5,1,1,1,1,2,2,5,5,1,1,1,1,1,1,1,1,3,3,1,1,,,2,2,1,1,,,1.0416666666666667,1.25,0.5,,,2,,,1,1,1,1,3,,,,,,,,,,,,,,,,,,,,,,,,,,,,,,,,,,,,,,,,,,,,,,,,,,,,,,,,,,,,,,,,,,,,,,,,,,,,,,,,,,,,,,,,,,,,,,,,,,,,,,,,,,,,,,,,,,,,,,,,,,,,,,,,,,,,,,,,,,
96401,pure_wheat_rush,1,13,11468.0,16921.0,292,292,215,292,0,0,-376.0,12,-1580,52,,,-30,3,,,1362,44,,,,,3,3,,,3,3,4,4,,,2,2,,,1,1,,,,,7,7,4,4,7,7,2,2,1,1,,,,,4,4,,,5,5,9,9,,,,,5.0,,8.875,13.041666666666666,,,5.375,,9.75,8.875,2.125,3,,,,8,8,13,5,5,5,10,10,,,,,7,7,,,,,,1038,11,5.875,10.041666666666666,5,10,,,3,3,2,2,7,7,7,7,4.0,4,3,3,1,1,3,4,,,,,,0.20833333333333334,,,,,,,,,,,,,1,1,,,9,9,12,12,,,4,4,,,,,1,1,6,6,10,10,8,8,1,1,,,,,13.25,10.375,,,,,10.375,9.416666666666666,15.75,10,,10,10,16,,,,4,4,7,7,,,6,6,,,12,12,,,4,,,,,12.5,7.125,,,6,12,,,659,4,,,,,,,,,,8,8,0.75,,324,9,,,,2,2,8,,,,,,,,,2,2,7,7,5,5,3,3,12,12,,,,,,3.0,,,,,,,3,4056,18,3,3,,,6,6,1,1,11,11,3,3,3,3,2,2,5,5,2,2,8,3.25,2.4166666666666665,11.666666666666666,11.666666666666666,3.9166666666666665,1.0,3.9166666666666665,4,,1,2,4,2,4,,,,,,,,,,,1,1,9,9,1,1,3,3,3,3,7,7,4,4,1,1,,,1,1,2,2,2,2,,,2,2,2,2,,,,2.0,,,,2,1,1,,,,,,,,,,,,,,,,,,,,,,,,,,,,,,,,,,,,,,,,,,,,,,,,,,,,,,,,,,,,,,,,,,,,,,,,,,,,,,,,,,,,,,,,,,,,,,,,,,,,,,,,,,,,,,,,,,,,,,,,,,,,,,,,,,,,,,,,,,,,,,,
96401,pure_wheat_rush,1,14,16921.0,17973.0,297,297,199,282,0,15,-376.0,12,-1685,55,-80,1,,,,,1599,52,,,,,,,,,4,4,3,3,,,,,,,,,2,2,,,10,10,3,3,8,8,7,7,4,4,1,1,1,1,5,5,,,5,5,7,7,1,1,,,5.0,0.6666666666666666,9.083333333333334,17.458333333333332,0.6666666666666666,,5.375,0.6666666666666666,8.75,9.083333333333334,1.25,,1,1,1,10,10,23,5,5,5,7,7,,,,,5,5,2,,,,,1105,12,8.0,16.375,8,21,,,5,5,4,4,9,9,5,5,4.0,4,2,2,,,,,,,,,,,,,,,,,,,,,,,,,,,13,13,10,10,,,4,4,,,,,,,8,8,9,9,4,4,,,,,,4,12.291666666666666,10.0,,,,,10.0,10.0,19.833333333333332,10,,10,10,25,,,,3,3,5,5,,,12,12,,,16,16,,,2,2,2,4,,18.833333333333332,9.0,,,9,24,,,,,,,,,,,,,,8,8,,,,,,,,,,,,,,,,,1,1,2,2,6,6,2,2,3,3,7,7,,,,,,3.0,,,,,,,3,,,3,3,,,4,4,,,4,4,4,4,2,2,1,1,4,4,2,2,6,4.0,3.75,6.0,6.0,3.2916666666666665,1.0,3.2916666666666665,4,3,1,2,2,2,2,489,8,,,,,,,,,1,1,9,9,1,1,1,1,4,4,9,9,1,1,1,1,,,1,1,3,3,2,2,1,1,2,2,,,,,,2.0,,,,2,1,1,1,1,,,,,,1,1,,,,,,,,,,,,,,,3,,,,,,,,,,,,,,,,,,,,,,,,1,1,,,,,,,,,,,,,,,,,,,6,,,,,,,,,,,,,,,,,,,,,,,,,,,,,,,,,,,,,,,,,,,,,,,,,,,,,,,,,,,,,,,,,,,,,,,,,,,
96401,pure_wheat_rush,1,15,17973.0,20361.0,298,298,200,298,0,0,-376.0,12,-1391,43,-80,1,-110,11,,,1338,41,3,3,,,7,7,3,3,4,4,3,3,4,4,2,2,2,2,8,8,2,2,1,1,9,9,5,5,1,1,8,8,3,3,,,,,5,5,,,5,5,9,9,,,,,5.0,1.0,9.291666666666666,20.291666666666668,1.0,,4.5,1.0,11.375,9.291666666666666,0.8333333333333334,4,1,1,1,7,7,12,5,5,5,8,8,,,,,2,2,,,,,,988,11,6.708333333333333,17.708333333333332,3,8,,,,,,,,,5,5,1.125,1,1,1,5,5,19,4,,,,,,1.5416666666666667,,2,,,,,,,,,,,4,4,,,3,3,14,14,,,4,4,,,,,,,4,4,9,9,9,9,3,3,,,,,12.0,8.458333333333334,,,,,8.458333333333334,10.0,19.541666666666668,10,,8,8,15,,,,,,8,8,,,7,7,,,9,9,,,6,,,,,18.0,6.916666666666667,,,4,11,,,763,4,,,,,,,,2,2,13,13,,,,,,,,6,6,24,,,,,,,,,3,3,2,2,2,2,3,3,6,6,,,,,,3.0,,,,,,,3,,,3,3,,,7,7,,,11,11,4,4,1,1,,,2,2,,,,4.0,2.0,1.0833333333333333,1.0833333333333333,1.0833333333333333,1.0,1.0833333333333333,4,,1,1,1,1,1,362,6,0,6,,,,,0,2,1,1,7,7,1,1,,,4,4,9,9,4,4,1,1,,,1,1,3,3,2,2,1,1,4,4,1,1,,,,2.0,,,,2,1,1,1,1,,,,,,1,1,,,,,,,,,,,,,,,,,,,,,,,,,,,,,,,,,,,1,1,2.75,2,1,1,,,,2,2,7,,,,,,894,4,,,1,1,4,,,,,,,,,,,,,,,,,,,,,,,,,,,,,,,,,,,,,,2,2,,,,,,,,,,,,,,,,,,,,,,,,,,,,,,,,,,,,,
96401,pure_wheat_rush,1,16,20361.0,22934.0,293,293,191,283,0,10,-376.0,12,-3111,96,-80,1,-60,6,,,3612,112,8,8,,,9,9,,,3,3,3,3,3,3,2,2,3,3,,,3,3,,,10,10,4,4,6,6,2,2,3,3,,,1,1,4,4,,,5,5,8,8,1,1,,1,5.0,1.0,7.0,10.791666666666666,1.0,,5.791666666666667,1.0,7.0,7.0,4.041666666666667,6,1,1,1,7,7,9,5,5,5,9,9,1,1,2,2,5,5,2,,,,,1050,12,3.5,7.291666666666667,2,4,,,,,1,1,,,5,5,1.0,1,,,3,3,11,,,,,,,1.4583333333333333,,2,,,,,,,,,,,2,2,,,7,7,10,10,,,3,3,,,,,,,7,7,7,7,4,4,1,1,,,2,2,11.958333333333334,8.0,,,,,8.0,10.0,13.333333333333334,10,,7,7,9,,,,1,1,6,6,,,7,7,,,10,10,,,3,2,2,5,,8.25,2.9166666666666665,,,1,3,,,,,,,,,,,,1,1,12,12,,,,,,,,3,3,12,,,,,,,,,2,2,7,7,4,4,3,3,6,6,,,,,,3.0,,,,,,,3,,,3,3,,,5,5,,,3,3,4,4,2,2,1,1,3,3,1,1,2,4.0,2.4166666666666665,1.5,1.5,0.75,1.0,0.75,4,,1,,,,,,,,,,,,,,,,,8,8,1,1,2,2,4,4,8,8,4,4,1,1,,,1,1,3,3,2,2,,,2,2,,,,,,2.0,,,,2,2,2,2,2,,,,,,1,1,1,1,,,1,1,,,1,1,,,,,2,0.5416666666666666,,0.5416666666666666,0.5416666666666666,,,,,,,,1,1,1,,,,1,1,2,2,1.9583333333333333,,,,,,,,,,,,,,,1538,7,,,,,,1,,,,,,,,,,,,,,,,,,,,,,,,,,,,,,,,,,,,,,,,,,,,,,,,,,,,,,,,,,,,,,,,,,,,,,,,,,,
96401,pure_wheat_rush,1,17,22934.0,24920.0,297,297,192,282,0,15,-376.0,12,-1653,53,-80,1,-10,1,,,1959,63,1,1,,,6,6,,,3,3,3,3,1,1,,,3,3,,,4,4,,,9,9,6,6,4,4,5,5,6,6,2,2,3,3,5,5,3,3,5,5,4,4,3,3,3,,5.0,2.4583333333333335,8.583333333333334,11.375,2.4583333333333335,,4.166666666666667,2.4583333333333335,8.083333333333334,8.583333333333334,2.9583333333333335,,3,3,3,11,11,15,5,5,5,9,9,,,2,2,3,3,6,,,,,1021,12,4.0,6.791666666666667,4,8,,,,,,,,,7,7,0.041666666666666664,,,,,,,2,,,,,,1.1666666666666667,,,,,,,,,,,,,3,3,,,7,7,10,10,,,7,7,,,,,,,8,8,9,9,5,5,,,,,,,11.125,7.833333333333333,,,,,7.833333333333333,10.0,10.625,10,,9,9,13,,,,,,6,6,,,19,19,,,9,9,,,2,,,,,7.208333333333333,4.416666666666667,,,4,8,,,1005,5,,,,,,,,,,15,15,,,,,,,,1,1,4,,,,,,,,,3,3,5,5,5,5,3,3,3,3,,,,,,3.0,,,,,,,3,,,3,3,,,4,4,,,2,2,4,4,1,1,1,1,3,3,,,,4.0,2.8333333333333335,,,,1.0,,4,1,1,,,,,120,2,,,,,,,,,,,8,8,1,1,3,3,4,4,9,9,3,3,1,1,,,1,1,1,1,2,2,,,1,1,2,2,,,,2.0,,,,2,1,1,,,,,,,,,,,,,,1,1,,,1,1,,,,,3,1.0,,1.0,1.0,,,,,,,,1,1,1,,,,1,1,,,0.9583333333333334,1,1,1,1,1,2,1,1,4,1,0.4166666666666667,0.8333333333333334,0.8333333333333334,0.4166666666666667,,,,,1,1,4,,,,,,,,,,1,,,,1,,,,,,,,,,,,,,,,,,,,,,,,,,,,,,,,,,,,,,,,,,,,,,,,,,,,,,,,,,,,,,
96401,pure_wheat_rush,1,18,24920.0,27309.0,298,298,206,295,0,3,-376.0,12,-302,10,,,-20,2,,,60,2,,,,,2,2,,,4,4,3,3,2,2,,,,,,,1,1,,,12,12,10,10,5,5,7,7,6,6,,,2,2,5,5,5,5,5,5,7,7,6,6,,2,5.0,3.0,10.333333333333334,15.125,3.0,,5.583333333333333,3.0,12.291666666666666,10.333333333333334,0.75,2,3,3,3,10,10,17,5,5,5,14,14,,,2,2,10,10,,,,-50,1,911,11,5.875,10.666666666666666,5,12,,,,,,,,,7,7,,,,,2,2,6,2,,,,,,,,,,,,,,,,,,,,,,,11,11,9,9,,,5,5,,,,,,,9,9,7,7,,,,,,,,1,11.916666666666666,9.0,,,,,9.0,10.0,16.208333333333332,10,,9,9,19,,,,,,4,4,,,13,13,,,10,10,,,2,2,2,5,,13.208333333333334,6.0,,,6,16,,,,,,,,,,,,,,11,11,,,,,,,,,,,,,,,,,,,3,3,8,8,4,4,3,3,5,5,,,,,,3.0,,,,,,,3,,,3,3,,,6,6,,,6,6,4,4,1,1,,,1,1,,,,4.0,3.4166666666666665,,,,1.0,,4,1,1,,,,,,,,,,,,,,,1,1,6,6,1,1,1,1,4,4,9,9,3,3,1,1,,,1,1,1,1,1,1,,,3,3,1,1,,,,2.0,,,,2,1,1,3,3,,,,,,,,,,,,,,,,,,,,,,,1.0,,1.0,1.0,,,,,,,,1,1,1,,,,1,1,1,1,0.9166666666666666,,1,1,1,1,2,2,2,6,,0.4583333333333333,0.9166666666666666,0.9166666666666666,0.4583333333333333,1736,8,430,2,2,2,8,,,,,,,,,,,,,,,,,,,,,,,,,,,,,,,,,,,,,,,,,,,,,,,,,,,,3,3,,,,,,,,,,,,,,,,,,,,,,,
96401,pure_wheat_rush,1,19,27309.0,32484.0,297,297,188,287,0,10,-376.0,12,-310,10,,,-70,7,,,348,11,1,1,,,1,1,,,3,3,3,3,,,1,1,,,1,1,3,3,,,10,10,3,3,6,6,7,7,4,4,,,2,2,5,5,4,4,5,5,7,7,8,8,,,5.0,3.0,10.375,17.208333333333332,3.0,,3.5416666666666665,3.0,10.791666666666666,10.375,1.625,1,3,3,3,11,11,19,5,5,5,6,6,,,2,2,3,3,3,,,,,1045,13,8.166666666666666,15.0,7,15,,,,,,,,,7,7,,,,,2,2,8,4,,,,,,0.9166666666666666,,1,,,,,,,,,,,3,3,,,5,5,12,12,,,5,5,,,,,,,9,9,10,10,11,11,3,3,,,,,11.25,8.083333333333334,,,,,8.083333333333334,10.0,16.75,10,,8,8,15,,,,,,3,3,,,6,6,,,9,9,,,1,1,1,6,,15.833333333333334,7.166666666666667,,,5,12,,,1042,5,,,,,,,,4,4,10,10,,,,,,,,4,4,16,,,,,,,,,3,3,6,6,4,4,3,3,5,5,,,,,,3.0,,,,,,,3,,,3,3,,,6,6,,,6,6,4,4,3,3,1,1,3,3,,,,4.0,3.25,,,,1.0,,4,,1,,,,,,,0,1,,,,,,,1,1,8,8,1,1,,,4,4,7,7,4,4,1,1,,,1,1,1,1,2,2,1,1,2,2,1,1,,,,2.0,,,,2,1,1,,,,,,,,,,,,,,1,1,,,,,,,1,1,2,1.0,,1.0,1.0,,,,,,,,1,1,1,,,,,,,,,,1,1,2,2,4,,,,,0.6666666666666666,1.3333333333333333,1.3333333333333333,0.6666666666666666,3058,14,438,2,1,1,3,,,,,,,1,1,6,2,,,,3,,,,,,,,,,,,,,,,,,,,,,,,1,1,,,,,,,,,,,,,2,2,1,1,,,,,,,,,,,,,,,,,,,,,
96401,pure_wheat_rush,1,20,32484.0,37022.0,291,291,189,287,0,4,-376.0,12,-408,13,,,-50,5,,,500,16,,,,,2,2,,,3,3,2,2,,,,,,,2,2,2,2,,,11,11,5,5,6,6,6,6,6,6,,,2,2,4,4,5,5,5,5,7,7,5,5,,,5.0,3.6666666666666665,10.458333333333334,18.833333333333332,3.0,,4.166666666666667,3.0,9.916666666666666,10.458333333333334,1.5416666666666667,2,3,3,4,10,10,17,5,5,5,9,9,,,5,5,9,9,,,,,,858,11,6.666666666666667,15.041666666666666,5,12,,,,,,,,,5,5,,,,,3,3,12,3,,,,,,1.0,,1,,,,,,,,,,,2,2,,,6,6,10,10,,,2,2,,,,,,,9,9,12,12,8,8,,,,,2,,12.416666666666666,8.0,,,,,8.0,10.0,14.333333333333334,10,,8,8,14,,,,,,7,7,,,5,5,,,7,7,,,2,3,3,12,,10.458333333333334,4.125,,,3,9,,,2466,12,,,,,,,,2,2,13,13,,,,,,,,2,2,8,,,,,,,,,3,3,2,2,2,2,3,3,6,6,,,,,,3.0,,,,,,,3,,,3,3,,,6,6,,,5,5,4,4,1,1,1,1,1,1,,,,4.0,2.75,,,,1.0,,4,,1,,,,,,,,,,,,,,,1,1,8,8,1,1,2,2,4,4,8,8,4,4,1,1,,,1,1,1,1,2,2,1,1,,,2,2,,,,2.0,,,,2,1,1,1,1,,,,,,,,,,,,,,,,,,,,3,3,,1.0,,1.0,1.0,,,,,,,,1,1,1,,,,4,4,,,,,1,1,1,1,2,1,1,4,,0.5833333333333334,1.1666666666666667,1.1666666666666667,0.5833333333333334,662,3,886,4,1,1,3,1,,,,,,,,,,,1,1,1,,,,,,,,,,,,,,,,,,,,,,,,,,,,0,3,,,,,,,,,3,3,,,,,,,,,,,,,,,,,,,,,,,
96401,pure_wheat_rush,1,21,37022.0,41168.0,291,291,187,289,0,2,-376.0,12,-399,13,,,-60,6,,,624,20,2,2,,,1,1,3,3,3,3,2,2,3,3,,,,,,,2,2,,,9,9,5,5,4,4,6,6,2,2,,,2,2,5,5,5,5,5,5,8,8,5,5,,,5.0,4.083333333333333,9.791666666666666,16.166666666666668,3.0,,3.8333333333333335,3.0,10.25,9.791666666666666,1.9583333333333333,3,3,3,5,8,8,12,5,5,5,7,7,1,1,4,4,4,4,,-20,1,,,609,8,6.625,13.0,4,8,,,,,,,,,4,4,,,,,4,4,14,4,,,,,,1.5833333333333333,,3,,,,,,,,,,,1,1,,,6,6,8,8,,,1,1,,,,,,,9,9,15,15,12,12,,,,,,,11.791666666666666,7.416666666666667,,,,,7.416666666666667,10.0,12.958333333333334,10,,6,6,9,,,,,,8,8,,,2,2,,,7,7,,,2,2,2,9,,10.625,5.083333333333333,,,3,6,,,2414,12,,,,,,,,4,4,10,10,,,,,,,,3,3,12,1,1,1,1,1,1,,,3,3,2,2,1,1,3,3,6,6,0.25,,,0.25,0.25,3.0,,,,1,1,1,3,,,3,3,,,6,6,,,5,5,4,4,1,1,1,1,1,1,,,,4.0,3.125,,,,1.0,,4,,1,,,,,,,0,11,,,0,3,0,4,1,1,12,12,1,1,3,3,4,4,5,5,4,4,1,1,,,1,1,1,1,2,2,,,,,3,3,,,,2.0,,,,2,1,1,2,2,,,,,,,,,,,,1,1,,,,,,,2,2,,1.0,,1.0,1.0,,,,,,,,1,1,1,,,,1,1,,,,,1,1,5,5,10,2,2,8,,4.125,6.25,6.25,4.125,904,4,450,2,2,2,8,,,,,,,1,1,3,,,,,2,0,6,1,1,2,1.5,1.5,0.75,0.75,,,,,,2,2,2,2,,,,,,,,,,0,8,,,1,1,,,,,3,3,,,,,,,,,,,,,,,,,,,,,,,
96401,pure_wheat_rush,1,22,41168.0,46437.0,292,292,163,259,0,33,-376.0,12,-401,13,,,-10,1,,,471,15,,,,,,,,,3,3,3,3,1,1,,,,,,,3,3,,,11,11,7,7,4,4,6,6,3,3,,,2,2,5,5,3,3,5,5,8,8,6,6,1,,5.0,5.333333333333333,8.791666666666666,14.875,3.0,,5.291666666666667,3.0,8.916666666666666,8.791666666666666,2.2083333333333335,1,3,3,6,10,10,18,5,5,5,5,5,1,1,4,4,2,2,5,,,,,596,8,5.416666666666667,11.5,5,13,,,,,,,,,5,5,,,,,1,1,3,1,,,,,,2.0416666666666665,,,,,,,,,,,,,3,3,,,3,3,9,9,,,4,4,,,,,,,10,10,10,10,4,4,,,,,7,3,9.5,6.958333333333333,,,,,6.958333333333333,10.0,12.375,10,,9,9,17,,,,,,7,7,,,6,6,,,5,5,,,,4,4,11,,10.416666666666666,5.0,,,5,13,,,1782,9,,,,,,,,,,13,13,,,,,,,,,,,,,1,1,,,,,3,3,5,5,3,3,3,3,7,7,1.0,,,1.0,1.0,3.0,,,,1,1,1,3,,,3,3,,,5,5,,,,,4,4,2,2,2,2,2,2,,,,4.0,2.2916666666666665,,,,1.0,,4,,1,,,,,,,,,,,,,,,1,1,7,7,1,1,2,2,4,4,7,7,4,4,1,1,,,1,1,1,1,2,2,,,2,2,,,,,,2.0,,,,2,1,1,4,4,,,,,,,,,,,,1,1,,,1,1,,,,,4,1.0,,1.5,1.0,,,,,,,,1,1,2,,,,2,2,,,,,1,1,,,,,,,,4.0,4.0,4.0,4.0,1827,8,1380,6,1,1,4,,,,,,,,,,3,4,1,1,5,,,,,,1.0,1.0,1.0,1.0,,1,1,1,1,4,4,4,4,,,,,,,,,,,,,,,,,,,,3,3,,,,,,,,,1,,,,,,,,,,,,,,
96401,pure_wheat_rush,1,23,46437.0,49638.0,298,298,193,294,0,4,-376.0,12,-419,13,,,-60,6,,,96,3,1,1,,,,,,,4,4,3,3,,,,,,,4,4,2,2,,,9,9,5,5,5,5,8,8,1,1,,,2,2,5,5,2,2,5,5,6,6,7,7,1,1,5.0,7.5,9.791666666666666,16.416666666666668,3.0,,2.8333333333333335,3.0,11.458333333333334,9.791666666666666,1.2083333333333333,2,3,3,8,9,9,14,5,5,5,10,10,1,1,4,4,1,1,2,,,,,870,12,5.916666666666667,12.541666666666666,4,9,,,,,,,,,3,3,,,,,3,3,12,4,,,,,,0.25,,,,,,,,,,,,,3,3,,,6,6,12,12,,,3,3,,,,,,,6,6,11,11,9,9,3,3,,,,,12.208333333333334,8.75,,,,,8.75,10.0,15.708333333333334,10,,9,9,14,,,,,,8,8,,,6,6,,,10,10,,,4,1,1,3,,11.5,4.541666666666667,,,3,8,,,2166,11,,,,,,,,1,1,11,11,,,,,,,,3,3,12,,,1,1,,,,,3,3,2,2,3,3,3,3,3,3,1.4583333333333333,,,1.0,1.0,3.0,,,,1,1,2,3,,,3,3,2,2,5,5,,,7,7,4,4,1,1,2,2,4,4,,,,4.0,3.2083333333333335,,,,1.0,,4,,1,,,,,,,0,3,,,0,3,0,1,1,1,11,11,1,1,,,4,4,8,8,4,4,1,1,,,1,1,3,3,2,2,2,2,3,3,1,1,,,1.4583333333333333,2.0,1.0,1,2,2,1,1,,,,,,,,,,,,,,1,1,,,1,1,,,1,1,,1.0,,2.3333333333333335,1.0,,,,,,,,1,1,3,,,,1,1,,,,,1,1,7,7,15,1,1,4,,6.125,9.666666666666666,9.666666666666666,6.125,924,4,,,1,1,4,,,,,,,1,1,3,,,,,,0,8,1,1,2,2.25,2.25,1.625,1.625,,1,1,1,1,3,3,3,3,,,,,,,,,,0,4,,,1,1,,,,,2,2,,,,,,,,,,,,,,,,,,,,,,,
96401,pure_wheat_rush,1,24,49638.0,56306.0,291,291,186,289,0,2,-376.0,12,-434,13,,,-60,6,,,770,23,1,1,,,,,,,3,3,2,2,2,2,1,1,,,,,4,4,,,12,12,6,6,8,8,8,8,2,2,,,3,3,4,4,3,3,5,5,7,7,6,6,1,,5.0,9.541666666666666,9.875,15.875,3.0,,5.541666666666667,3.0,9.333333333333334,9.875,1.3333333333333333,1,3,3,11,11,11,18,5,5,5,5,5,,,4,4,6,6,,,,,,634,9,5.875,11.875,5,12,,,,,,,,,5,5,,,,,2,2,7,2,,,,,,0.4583333333333333,,2,,,,,,,,,,,1,1,,,4,4,7,7,,,4,4,,,,,,,7,7,6,6,4,4,2,2,,,,1,12.125,8.583333333333334,,,,,8.583333333333334,9.041666666666666,12.833333333333334,9,,8,8,12,,,,,,6,6,,,3,3,,,6,6,,,5,4,4,12,,9.333333333333334,5.083333333333333,,,4,8,,,1182,6,,,,,,,,3,3,11,11,,,,,,,,2,2,8,,,1,1,1,1,,,3,3,4,4,5,5,3,3,9,9,1.625,4.666666666666667,1.0,0.7916666666666666,0.7916666666666666,3.0,,1,5,,,,3,,,3,3,1,1,6,6,,,7,7,4,4,2,2,2,2,3,3,,,,4.0,2.4583333333333335,,,,1.0,,4,,1,,,,,,,0,1,,,,,,,1,1,7,7,1,1,2,2,4,4,10,10,4,4,1,1,,,1,1,3,3,1,1,,,2,2,2,2,,,1.625,2.0,0.7916666666666666,,,2,1,1,1,1,1,1,3,,,,,,,,,1,1,,,1,1,,,,,,1.0,,3.4583333333333335,1.0,,,,,,,,1,1,4,,,,2,2,,,,,1,1,1,1,2,2,2,8,,2.4583333333333335,4.916666666666667,4.916666666666667,2.4583333333333335,2798,12,2154,9,2,2,8,,,,1,1,0.9166666666666666,,,,,,,,,0,2,1,1,3,2.5,2.5,0.8333333333333334,0.8333333333333334,,,,,,2,4,2,4,,,,,,1,1,,,,,,,,,,,,,3,3,3,3,,,,,,,,,,,,,,,,,,,,,
96401,pure_wheat_rush,1,25,56306.0,61183.0,291,291,192,287,0,4,-376.0,12,-442,13,,,-40,4,,,482,14,1,1,,,1,1,1,1,3,3,2,2,,,1,1,,,1,1,1,1,,,7,7,3,3,10,10,8,8,3,3,,,3,3,4,4,2,2,5,5,6,6,8,8,1,,5.0,11.041666666666666,10.875,18.333333333333332,2.9583333333333335,,3.7083333333333335,2.9583333333333335,12.208333333333334,10.875,1.1666666666666667,3,2,2,8,10,10,17,5,5,5,11,11,,,3,3,,,,,,,,752,11,6.375,13.833333333333334,5,12,,,,,,,,,4,4,,,,,2,2,8,5,,,,,,1.375,,1,,,,,,,,,,,2,2,,,7,7,10,10,,,4,4,,,,,,,8,8,8,8,7,7,6,6,,,1,,9.791666666666666,8.625,,,,,8.625,8.041666666666666,14.791666666666666,8,,9,9,17,,,,,,7,7,,,6,6,,,11,11,,,,1,1,3,,12.833333333333334,6.666666666666667,,,6,14,,,1732,9,,,,,,,,2,2,13,13,,,177,3,1,1,6,1,1,4,,,,,,,,,3,3,4,4,2,2,3,3,9,9,,4.833333333333333,0.9583333333333334,,,3.0,,,,,,,3,,,3,3,,,5,5,,,2,2,4,4,1,1,1,1,3,3,,,,4.0,3.25,,,,1.0,,4,,1,,,,,,,,,,,,,,,2,2,5,5,1,1,3,3,4,4,10,10,4,4,1,1,,,1,1,2,2,2,2,1,1,2,2,1,1,,,,2.0,,,,2,1,1,1,1,,,,,,,,,,,,1,1,,,1,1,,,,,,1.0,,4.291666666666667,1.0,,,,,,,,1,1,5,,,,3,3,,,,,1,1,5,5,12,,,,,6.166666666666667,10.583333333333334,10.583333333333334,6.166666666666667,1857,8,735,3,1,1,4,,,,,,0.9583333333333334,1,1,3,,,1,1,2,,,,,,1.0,1.0,1.0,1.0,1,1,1,1,1,3,3,3,3,,,,,,,,,,0,1,,,,,,,,,2,2,1,1,,,,,,,,,,,,,,,,,,,,,
96401,pure_wheat_rush,1,26,61183.0,68411.0,291,291,191,289,0,2,-376.0,12,-447,13,,,,,,,386,11,3,3,,,1,1,10,10,3,3,2,2,1,1,7,7,,,,,,,,,9,9,5,5,5,5,6,6,4,4,,,1,1,4,4,2,2,5,5,6,6,9,9,,,5.0,8.416666666666666,8.333333333333334,15.875,2.0,,4.958333333333333,2.0,8.791666666666666,8.333333333333334,1.7916666666666667,,2,2,9,7,7,15,5,5,5,10,10,,,1,1,11,11,,-240,12,,,728,11,7.333333333333333,14.875,6,14,,,,,,,,,4,4,,,,,3,3,11,3,,,,,,2.0416666666666665,,5,1,1,1,1,1,1,,,,,,,,,6,6,7,7,,,2,2,,,,,,,6,6,6,6,10,10,2,2,,,,1,11.583333333333334,8.125,0.2916666666666667,0.2916666666666667,0.2916666666666667,,8.125,7.041666666666667,16.583333333333332,7,,6,6,13,1,1,1,,,4,4,1,1,2,2,,,,,,,3,3,3,8,,14.583333333333334,6.125,,,4,11,,,2121,11,,,,,,,,4,4,6,6,,,,,,,,3,3,11,6,6,6,6,,,,,1,1,4,4,5,5,3,3,5,5,2.875,,,2.875,2.875,3.0,,,,6,6,6,3,1359,6,3,3,4,4,5,5,,,4,4,4,4,1,1,1,1,1,1,,,,4.0,2.2916666666666665,,,,1.0,,4,,1,,,,,,,0,4,,,,,0,2,,,6,6,1,1,1,1,4,4,7,7,4,4,1,1,,,1,1,2,2,1,1,1,1,2,2,2,2,1,1,,2.0,,,,2,1,1,2,2,,,,,,,,,,,,1,1,,,,,,,,,1,0.6666666666666666,,3.375,0.6666666666666666,,,,,,,,,,,,,,,,,,,,1,1,1,1,2,1,1,4,,3.75,4.5,4.5,3.75,701,3,2996,12,1,1,4,,,,1,1,1.8333333333333333,,,,,,,,,,,1,1,2,2.9166666666666665,2.9166666666666665,1.9583333333333333,1.9583333333333333,1,1,1,1,1,3,3,3,3,0,1,1,1,6,,,3.375,0.6666666666666666,,,1,1,3,3,,,,,2,2,3,3,,,,,,,,,,,,,,,,,,,,,
96401,pure_wheat_rush,1,27,68411.0,73597.0,292,292,192,283,0,9,-376.0,12,-455,13,,,,,,,742,21,4,4,,,1,1,5,5,3,3,3,3,2,2,3,3,,,,,,,,,7,7,,,4,4,7,7,4,4,,,2,2,5,5,2,2,5,5,6,6,8,8,,,5.0,9.083333333333334,5.916666666666667,13.791666666666666,1.8333333333333333,,4.25,1.8333333333333333,11.458333333333334,5.916666666666667,1.25,3,1,1,5,5,5,14,5,5,5,8,8,,,1,1,,,1,,,,,704,11,5.916666666666667,13.791666666666666,5,14,,,,,,,,,5,5,,,,,2,2,8,5,,,,,,6.291666666666667,,9,,,,,1,1,2,2,1,1,,,,,5,5,6,6,,,1,1,,,,,,,6,6,6,6,8,8,4,4,1,,,2,8.125,4.833333333333333,1.0,1.0,1.0,,4.833333333333333,7.0,11.583333333333334,7,,3,3,7,1,1,1,,,1,1,2,2,2,2,,,13,13,,,1,2,2,5,,11.583333333333334,4.833333333333333,,,3,7,,,566,3,,,,,,,,6,6,5,5,,,,,1,1,6,3,3,12,,,1,1,2,2,,,3,3,4,4,2,2,3,3,7,7,6.0,9.083333333333334,1.8333333333333333,6.0,6.0,3.0,,1,5,6,6,6,3,1110,5,3,3,3,3,6,6,,,9,9,4,4,4,4,2,2,2,2,,,,4.0,3.2083333333333335,,,,1.0,,4,,1,,,,,,,0,8,,,0,3,0,2,,,10,10,1,1,2,2,4,4,6,6,4,4,1,1,,,1,1,1,1,2,2,1,1,2,2,2,2,2,2,,2.0,,,,2,1,1,1,1,,,,,,,,,,,,,,,,,,,,,,3,,,,,,,,,,,,,,,,,,1,1,,,,,1,1,5,5,12,2,2,8,,3.5833333333333335,7.125,7.125,3.5833333333333335,1878,8,1017,4,2,2,8,,,,1,1,0.875,1,1,3,,,,,,0,7,1,1,2,1.4166666666666667,1.4166666666666667,0.7083333333333334,0.7083333333333334,,,,,,1,1,1,1,,,,,,,,,,0,4,1,1,2,2,,,,,2,2,1,1,,,,,,,2,,,,,,,,,,,,,,
96401,pure_wheat_rush,1,28,73597.0,81279.0,292,292,169,250,0,42,-376.0,12,-16235,453,,,,,,,16770,468,6,6,,,1,1,10,10,3,3,3,3,8,8,12,12,,,3,3,,,,,5,5,4,4,5,5,,,1,1,,,1,1,4,4,2,2,5,5,4,4,4,4,1,7,5.0,4.458333333333333,2.9166666666666665,8.333333333333334,0.875,,4.791666666666667,0.875,6.291666666666667,2.9166666666666665,5.208333333333333,8,,,,1,1,3,5,5,5,7,7,,,2,2,2,2,,,,,,619,10,2.9166666666666665,8.333333333333334,1,3,,,,,,,,,6,6,,,,,4,4,16,,,,,,,11.416666666666666,,15,,,1,1,1,1,1,1,1,1,,,,,2,2,3,3,,,,,,,,,,,2,2,,,1,1,11,11,5,,,16,3.0,2.375,1.5416666666666667,1.0,1.0,,2.375,2.2083333333333335,6.25,2,,2,2,6,1,1,2,,,2,2,1,1,2,2,,,2,2,,,,4,4,11,,6.25,2.375,1.5416666666666667,1.0,2,6,1,2,963,5,,,,,,,,4,4,1,1,,,,,1,1,6,1,1,4,,,6,6,1,1,,,3,3,3,3,1,1,3,3,7,7,9.833333333333334,4.458333333333333,0.875,6.0,6.0,3.0,,,,6,6,12,3,1302,6,3,3,5,5,4,4,,,6,6,4,4,3,3,2,2,1,1,,,,4.0,2.1666666666666665,,,,1.0,,4,,1,,,,,,,,,,,,,,,,,8,8,1,1,1,1,4,4,6,6,4,4,1,1,,,1,1,2,2,1,1,,,1,1,,,,,9.833333333333334,1.0416666666666667,6.0,6,12,1,1,1,2,2,,,,,,,,,,,,,,,,,,,,,,11,,,,,,,,,,,,,,,,,,,,,,0.9583333333333334,1,1,1,2,2,3,,,,,1.125,1.5,1.5,1.125,2823,12,1816,7,1,1,4,1,,,5,5,3.0,,,,1,,,,,,,1,1,2,1.25,1.25,0.625,0.625,,,,,,,,,,,,,,,,,,,,,1,1,4,4,,,,,2,2,,,,,,,,,,,,,,,,,,,,,,,
96401,pure_wheat_rush,1,29,81279.0,92429.0,279,279,209,268,0,11,-376.0,12,,,,,,,,,1749,50,8,8,,,10,10,17,17,4,4,4,4,12,12,15,15,2,2,4,4,,,,,,,,,13,13,,,,,,,,,,,,,4,4,7,7,,,,8,5.0,,1.0,3.0,,,4.6521739130434785,,5.260869565217392,1.0,9.826086956521738,,,,,,,,,5,5,10,10,,,,,,,,,,,,1404,24,1.0,3.0,,,,,,,,,,,6,6,,,,,,,,,,,,,,17.304347826086957,,,,,,,,,,,,,,,,,,,,,,,,,,,,,,,1,1,,,1,1,17,17,3,,,,1.826086956521739,0.7391304347826086,0.6086956521739131,0.30434782608695654,0.30434782608695654,,0.7391304347826086,1.0434782608695652,2.217391304347826,,,,,,,,,,,,,,,,,,,1,1,,,,,,,,2.217391304347826,0.7391304347826086,0.6086956521739131,0.30434782608695654,,,,,2665,14,,,1,1,2,,,8,8,,,,,697,10,,,,2,2,6,,,,,,,,,,,9,9,2,2,2,2,8,8,8.434782608695652,,,4.217391304347826,4.217391304347826,3.0,,,,,,,,1266,6,3,3,,,7,7,,,12,12,,,7,7,4,4,5,5,,,,4.0,4.260869565217392,,,,1.0,,,,,,,,,,,,,,,,,,,,,12,12,1,1,1,1,4,4,2,2,2,2,,,,,,,3,3,,,,,,,,,,,8.434782608695652,0.043478260869565216,4.217391304347826,,,,,,,,4,4,8,,,,,,,,,,,,,,,,,,,,,,,,,,,,,,,,,,,,,,,1,1,1.9130434782608696,,,,1,1,2,,,,,0.5217391304347826,1.0434782608695652,1.0434782608695652,0.5217391304347826,1888,8,1857,7,1,1,4,,,,1,1,0.6086956521739131,1,1,3,,,,,,,,,,,,,,,,,,,,,,,,,,,,,,,,,,,1,1,,,,,11,11,,,,,,,11,11,,,,,,,,,,,,,,,,,
